cell type	official gene symbol	nicknames
Acinar cells	CTRB1	CTRB
Acinar cells	KLK1	Klk6
Acinar cells	RBPJL	RBP-L|SUHL|RBPSUHL
Acinar cells	PTF1A	PTF1-p48|bHLHa29
Acinar cells	TRY4	NA
Acinar cells	CELA3A	ELA3|ELA3A
Acinar cells	PRSS1	TRY1
Acinar cells	AMY2A2	NA
Acinar cells	SPINK1	Spink3|PCTT|PSTI|TATI
Acinar cells	ZG16	hZG16|JCLN1|ZG16A|JCLN
Acinar cells	CEL	BSSL|MODY8
Acinar cells	CELA2A	ELA2A
Acinar cells	AMY2A3	NA
Acinar cells	CPB1	NA
Acinar cells	CELA1	ELA1
Acinar cells	AMY2A5	NA
Acinar cells	RNASE1	RAC1|RNS1
Acinar cells	AMY2B	NA
Acinar cells	CPA2	NA
Acinar cells	CPA1	CPA
Acinar cells	CELA3B	CBPP|ELA3B
Acinar cells	PNLIP	NA
Acinar cells	CTRB2	NA
Acinar cells	PLA2G1B	PLA2|PPLA2|PLA2A
Acinar cells	PRSS2	TRY2
Acinar cells	CLPS	NA
Acinar cells	REG1A	PSPS|PSPS1|REG
Acinar cells	SYCN	SYL|FLJ27441|INSSA1
Acinar cells	PNLIPRP1	PLRP1
Acinar cells	CTRC	CLCR|ELA4
Acinar cells	REG3A	REG-III|REG3|PBCGF
Acinar cells	SERPINA3	AACT
Acinar cells	PRSS3	TRY4|PRSS4
Acinar cells	REG1B	PSPS2|REGH|REGI-BETA
Acinar cells	CFB	H2-Bf|BFD|BF
Acinar cells	GDF15	PLAB|MIC-1|PDF|NAG-1|PTGFB
Acinar cells	MUC1	CD227|PEM|ADMCKD|ADMCKD1|MCKD|MCKD1
Acinar cells	C15ORF48	NMES1|MIR147BHG
Acinar cells	DUOXA2	NA
Acinar cells	AKR1C3	KIAA0119|DDX|HAKRB|PGFS|HSD17B5
Acinar cells	OLFM4	OlfD|GW112
Acinar cells	GSTA1	NA
Acinar cells	LGALS2	HL14
Acinar cells	PDZK1IP1	DD96|MAP17|SPAP
Acinar cells	RARRES2	TIG2|HP10433
Acinar cells	CXCL17	Dcip1|UNQ473|VCC1
Acinar cells	UBD	FAT10
Acinar cells	GSTA2	GST2
Acinar cells	ANPEP	gp150|CD13|PEPN
Acinar cells	LYZ	NA
Acinar cells	ANGPTL4	pp1158|PGAR|ARP4|HFARP|FIAF
Acinar cells	ALDOB	NA
Adipocyte progenitor cells	CEBPA	C/EBP-alpha|CEBP
Adipocyte progenitor cells	EGFR	ERBB1|ERBB
Adipocyte progenitor cells	FGF10	NA
Adipocyte progenitor cells	GSC	NA
Adipocyte progenitor cells	MMP3	STMY1|STMY
Adipocyte progenitor cells	PPARG	PPARG1|PPARG2|NR1C3|PPARgamma
Adipocyte progenitor cells	TWIST2	DERMO1|Dermo-1|bHLHa39
Adipocyte progenitor cells	GATA3	HDR
Adipocyte progenitor cells	GLI1	GLI
Adipocyte progenitor cells	SMO	FZD11|SMOH
Adipocyte progenitor cells	STAB1	KIAA0246|STAB-1|FEEL-1|CLEVER-1|FELE-1|FEX1|SCARH2
Adipocyte progenitor cells	WISP2	CTGF-L|CCN5
Adipocyte progenitor cells	WT1	WIT-2|AWT1|NPHS4|GUD
Adipocyte progenitor cells	SCARA5	FLJ23907|MGC45780|NET33
Adipocyte progenitor cells	HOXC8	HOX3A
Adipocyte progenitor cells	TCF7L1	TCF3
Adipocyte progenitor cells	HOXC9	HOX3B
Adipocyte progenitor cells	HOXC6	HOX3C
Adipocyte progenitor cells	HOXC4	HOX3E
Adipocyte progenitor cells	ZNF521	EHZF|Evi3
Adipocyte progenitor cells	SULT1E1	STE
Adipocyte progenitor cells	EBF2	FLJ11500|COE2
Adipocyte progenitor cells	NRG4	NA
Adipocytes	SLC36A2	PAT2|tramdorin|TRAMD1
Adipocytes	P2RX5	P2X5
Adipocytes	LEP	OBS
Adipocytes	UCP1	SLC25A7|UCP
Adipocytes	CIDEA	CIDE-A
Adipocytes	PRDM16	MEL1|PFM13|KIAA1675|MGC166915|KMT8F
Adipocytes	LHX8	Lhx7
Adipocytes	EPSTI1	BRESI1|MGC29634
Adipocytes	MC2R	ACTHR
Adipocytes	FFAR2	FFA2R|GPR43
Adipocytes	PIKFYVE	MGC40423|KIAA0981|PIKfyve|PIP5K|p235|ZFYVE29|FAB1|PIP5K3
Adipocytes	CYP11B2	CYP11BL|P-450C18|P450aldo|ALDOS
Adipocytes	TLR2	TIL4|CD282
Adipocytes	TLR4	hToll|CD284|TLR-4|ARMD10
Adipocytes	ADRB1	ADRB1R
Adipocytes	ADRB2	ADRBR|B2AR|ADRB2R
Adipocytes	ADRB3	NA
Adipocytes	FABP4	A-FABP|aP2
Adipocytes	TNFRSF9	CD137|4-1BB|ILA
Adipocytes	TBX1	VCF
Adipocytes	TMEM26	MGC35010|Em:AC068892.1
Adipocytes	TCF21	POD1|bHLHa23
Adipocytes	ADIPOQ	ACRP30|AdipoQ|apM1|GBP28|adiponectin|ACDC
Adipocytes	CFD	ADN|DF|PFD
Adipocytes	ACVR1C	ALK7|ACVRLK7
Adipocytes	SLC2A4	GLUT4
Adipocytes	LPIN1	KIAA0188
Adipocytes	PLIN1	PLIN
Adipocytes	PCK1	PEPCK-C
Adipocytes	PPARG	PPARG1|PPARG2|NR1C3|PPARgamma
Adipocytes	RETN	FIZZ3|ADSF|RETN1
Adipocytes	MEST	PEG1
Adipocytes	ADM2	AM2|FLJ21135
Adipocytes	STAT6	D12S1644|IL-4-STAT
Adipocytes	TFE3	TFEA|bHLHe33
Adipocytes	CPPED1	CSTP1|FLJ11151
Adipocytes	APPL2	FLJ10659|DIP13B
Adipocytes	APOL6	APOL-VI|APOLVI
Adipocytes	PXMP2	PMP22
Adipocytes	CAVIN1	cavin-1|CGL4|PTRF
Adipocytes	AGT	SERPINA8
Adipocytes	SLC1A5	AAAT|ASCT2|RDRC|M7V1
Adipocytes	ACSL1	LACS|ACS1|LACS1|FACL1|FACL2
Adipocytes	CAR3	NA
Adipocytes	BCAT2	BCAM|BCT2
Adipocytes	PNPLA2	desnutrin|TTS-2.2|ATGL|FP17548|iPLA2zeta
Adipocytes	CIDEC	CIDE-3|FLJ20871|Fsp27
Adipocytes	CDO1	NA
Adipocytes	APOC1	NA
Adipocytes	MMP2	TBE-1|CLG4|CLG4A
Adipocytes	POSTN	OSF-2|PN|periostin
Adipocytes	LOX	NA
Adipocytes	COL6A2	NA
Adipocytes	ZBTB16	PLZF|ZNF145
Adipocytes	GULP1	CED6|CED-6|GULP
Adipocytes	FZD4	CD344
Adipocytes	TRIP10	HSTP|CIP4|STOT
Adipocytes	FGF7	KGF
Adipocytes	MAOB	NA
Adipocytes	SOCS1	SOCS-1|SSI-1|JAB|TIP3|Cish1
Adipocytes	ARNT	HIF-1beta|bHLHe2
Adipocytes	SULT1A1	P-PST|STP1
Adipocytes	NNMT	NA
Adipocytes	AOC3	VAP1|HPAO|VAP-1
Adipocytes	H6PD	NA
Adipocytes	CYP27A1	CTX|CYP27
Adipocytes	EBF2	FLJ11500|COE2
Adipocytes	MNDA	PYHIN3
Adipocytes	HSD11B1	SDR26C1|HSD11B|HSD11
Adipocytes	AR	AIS|NR3C4|SMAX1|HUMARA|DHTR|SBMA
Adipocytes	GDF10	BMP-3b
Adipocytes	CYP1B1	CP1B|GLC3A
Adipocytes	COL5A3	NA
Adipocytes	STEAP4	FLJ23153|TIARP|STAMP2|SchLAH|TNFAIP9
Adipocytes	CCL11	eotaxin|MGC22554|SCYA11
Adipocytes	NR1H3	LXR-a|RLD-1|LXRa
Adipocytes	DEPTOR	DEP.6|FLJ12428|DEPDC6
Adipocytes	CYTH3	GRP1|ARNO3|cytohesin-3|PSCD3
Adipocytes	TUSC5	NA
Adipocytes	FMO1	NA
Adipocytes	ACADSB	SBCAD|ACAD7
Adipocytes	XDH	XOR|XO
Adipocytes	RSPO3	FLJ14440|THSD2
Adipocytes	PTGES	MGST-IV|PIG12|MGST1-L1|TP53I12|MGST1L1
Adipocytes	CREB3L1	OASIS
Adipocytes	ANGPTL2	NA
Adipocytes	ADAM12	MCMPMltna|MLTN
Adipocytes	ADH1	NA
Adipocytes	LBP	BPIFD2
Adipocytes	NMB	MGC2277|MGC3936|MGC17211
Adipocytes	RARRES2	TIG2|HP10433
Adipocytes	FST	NA
Adipocytes	EGFR	ERBB1|ERBB
Adipocytes	CPXM1	CPX-1|CPX1|CPXM
Adipocytes	C3	CPAMD1|ARMD9|C3a|C3b
Adipocytes	ADAMTS5	ADMP-2|ADAMTS11
Adipocytes	MT2A	MT2
Adipocytes	TIMP1	TIMP|CLGI
Adipocytes	METRN	MGC2601|C16orf23
Adipocytes	METRNL	NA
Adipocytes	MYO1C	myr2
Adipocytes	NQO1	DHQU|QR1|NMOR1|DIA4
Adipocytes	SYAP1	FLJ14495|PRO3113
Adipocytes	CRNDE	LOC643911|LINC00180|CRNDEP
Adipocytes	AQP5	NA
Adipocytes	TSPO	PBR|MBR|PKBS|mDRC|DBI|pk18|BZRP
Adipocytes	AZGP1	ZA2G|ZAG
Adipocytes	LRP1	CD91|LRP1A|APOER|A2MR|IGFBP3R1
Adipocytes	PDE3B	HcGIP1
Adipocytes	LGALS12	NA
Adipocytes	SERPINF1	EPC-1|PIG35|PEDF
Adipocytes	CPT1B	M-CPT1|CPT1-M
Adipocytes	ELOVL3	CIG-30
Adipocytes	PPARGC1A	PGC1|PGC1A|PGC-1alpha|PPARGC1
Adipocytes	MPZL1	PZR|FLJ21047
Adipocytes	CITED1	MSG1
Adipocytes	DPT	NA
Adipocytes	HOXC9	HOX3B
Adipocytes	ZNF423	KIAA0760|hOAZ|Ebfaz|Zfp104|NPHP14|JBTS19
Adipocytes	ESM1	NA
Adrenergic neurons	TH	DYT5b
Adrenergic neurons	DDC	AADC
Adrenergic neurons	DBH	DBM
Adrenergic neurons	PNMT	PENT
Adrenergic neurons	SLC18A2	SVMT|SVAT|VMAT2
Adrenergic neurons	NPFF	FMRFAL
Adrenergic neurons	SLC12A7	KCC4|DKFZP434F076
Adrenergic neurons	SYT1	SVP65
Airway epithelial cells	AQP1	CHIP28|CO
Airway epithelial cells	ADH7	ADH-4
Airway epithelial cells	CDH1	uvomorulin|CD324|UVO
Airway epithelial cells	SEC14L3	TAP2
Airway goblet cells	MUC5B	MG1
Airway goblet cells	MUC16	FLJ14303
Airway goblet cells	LTF	HLF2
Airway goblet cells	SCGB3A1	UGRP2|HIN-1|HIN1|LU105|PnSP-2
Airway goblet cells	DCPP1	NA
Airway goblet cells	DMBT1	GP340|muclin|SALSA|Gp-340|hensin|vomeroglandin
Airway goblet cells	WFDC18	NA
Airway goblet cells	DCPP3	NA
Airway goblet cells	LIPF	NA
Airway goblet cells	DCPP2	NA
Airway goblet cells	MSLN	MPF
Airway goblet cells	AGR2	XAG-2|HAG-2|PDIA17
Airway goblet cells	GP2	ZAP75
Airway goblet cells	PIGR	NA
Airway goblet cells	TFF2	SML1
Airway goblet cells	AQP5	NA
Airway goblet cells	CBR2	NA
Airway goblet cells	QSOX1	QSCN6
Airway goblet cells	FXYD3	MAT-8|PLML
Airway goblet cells	SEC23B	CDA-II|CDAII|HEMPAS|CDAN2
Airway goblet cells	CEACAM1	BGP1|CD66a|BGP
Airway goblet cells	GOLPH3	GPP34|GOPP1|MIDAS|Vps74
Airway goblet cells	GGH	NA
Airway goblet cells	GALNT5	GalNAc-T5
Airway goblet cells	GALNT6	GalNAc-T6
Airway goblet cells	MUC5AC	NA
Airway goblet cells	MUC4	NA
Airway goblet cells	MUC20	FLJ14408|KIAA1359
Airway goblet cells	SPDEF	PDEF|bA375E1.3
Airway goblet cells	DUSP4	HVH2|MKP-2|TYP
Airway smooth muscle cells	NOG	SYNS1
Airway smooth muscle cells	ACTA2	ACTSA
Airway smooth muscle cells	FOXF1	FREAC1|FKHL5
Airway smooth muscle cells	GATA5	bB379O24.1|GATAS
Alpha cells	GCG	GLP2|GRPP
Alpha cells	TTR	HsT2651|CTS|PALB|CTS1
Alpha cells	GLP1R	GLP-1R
Alpha cells	ARX	ISSX|CT121|EIEE1|MRXS1|PRTS|MRX76|MRX54|MRX43|MRX36|MRX29|MRX32|MRX33|MRX38|MRX87
Alpha cells	POU3F4	BRN4|OTF9|DFNX2|DFN3
Alpha cells	NKX2-2	NKX2.2|NKX2B
Alpha cells	RESP18	NA
Alpha cells	PYY	PYY1
Alpha cells	PCSK2	SPC2|NEC2
Alpha cells	SLC38A5	SN2|JM24
Alpha cells	TM4SF4	il-TMP
Alpha cells	CRYBA2	NA
Alpha cells	NKX6-1	Nkx6.1|NKX6A
Alpha cells	KCNK16	K2p16.1|TALK-1|TALK1
Alpha cells	PCSK1	PC1|NEC1
Alpha cells	PRRG2	PRGP2
Alpha cells	IRX2	NA
Alpha cells	ALDH1A1	RALDH1|PUMB1|ALDH1
Alpha cells	PEMT	PEMPT|PEMT2
Alpha cells	CHGA	NA
Alpha cells	DEPP1	DEPP|Fseg|C10orf10
Alpha cells	SMIM24	HSPC323|C19orf77
Alpha cells	F10	NA
Alpha cells	SCGN	SECRET|DJ501N12.8|SEGN|CALBL
Alpha cells	SLC30A8	ZnT-8
Alpha cells	SH3GL2	SH3P4|SH3D2A|CNSA2|EEN-B1
Alpha cells	SCGB2A1	UGB3|LPHC|MGC71973|MGB2
Alpha cells	FAP	NA
Alpha cells	DPP4	CD26|ADCP2
Alpha cells	GPR119	hGPCR2|GPCR2
Alpha cells	MAFB	KRML
Alpha cells	PAX6	D11S812E|AN2
Alpha cells	NEUROD1	BETA2|BHF-1|NeuroD|bHLHa3|MODY6|NEUROD
Alpha cells	LOXL4	FLJ21889|LOXC
Alpha cells	PLCE1	KIAA1516|NPHS3
Alpha cells	GC	VDBP|hDBP
Alpha cells	KLHL41	SARCOSIN|Krp1|KBTBD10
Alpha cells	FEV	Pet-1
Alpha cells	PTGER3	EP3
Alpha cells	RFX6	MGC33442|dJ955L16.1|RFXDC1
Alpha cells	SMARCA1	NURF140|SWI|hSNF2L|SNF2L1|SNF2L
Alpha cells	PGR	NR3C3
Alpha cells	LDB2	LDB1
Alpha cells	IRX1	IRX-5
Alpha cells	UCP2	SLC25A8|BMIQ4
Alpha cells	FXYD5	OIT2
Alpha cells	RGS4	SCZD9
Alpha cells	GLS	KIAA0838|GLS1
Alveolar macrophages	CHIL3	NA
Alveolar macrophages	PLET1	C11orf34
Alveolar macrophages	IL1B	IL1F2|IL-1B|IL1-BETA
Alveolar macrophages	WFDC21	NA
Alveolar macrophages	BGLAP3	NA
Alveolar macrophages	CCL3	G0S19-1|LD78ALPHA|MIP-1-alpha|SCYA3
Alveolar macrophages	G0S2	NA
Alveolar macrophages	CXCL2	SCYB2|GROb|MIP-2a|MGSA-b|CINC-2a|GRO2
Alveolar macrophages	MCEMP1	MGC132456|C19orf59
Alveolar macrophages	KLHDC4	DKFZp434G0522
Alveolar macrophages	BCL2A1D	NA
Alveolar macrophages	GDA	NA
Alveolar macrophages	CLEC7A	dectin-1|hDectin-1|CD369|SCARE2|CLECSF12
Alveolar macrophages	BCL2A1B	NA
Alveolar macrophages	ITGAX	CD11c|CD11C
Alveolar macrophages	TNFAIP2	B94|EXOC3L3
Alveolar macrophages	CD36	SCARB3|GPIV|GP4|GP3B
Alveolar macrophages	GAL	GMAP|GAL-GMAP|GLNN|GALN
Alveolar macrophages	CAR4	NA
Alveolar macrophages	EAR2	NA
Alveolar macrophages	TLR2	TIL4|CD282
Alveolar macrophages	GPNMB	NMB|HGFIN
Alveolar macrophages	MRC1	CLEC13D|CD206|bA541I19.1|CLEC13DL|MRC1L1
Alveolar macrophages	LYZ1	NA
Alveolar macrophages	MARCO	SCARA2|SR-A6
Alveolar macrophages	CSF2RB	IL5RB|CD131|betaGMR|IL3RB
Alveolar macrophages	MPP1	PEMP|DXS552E
Alveolar macrophages	TRIM25	EFP|RNF147|ZNF147
Alveolar macrophages	EAR1	NA
Alveolar macrophages	OLR1	LOX-1|SCARE1|CLEC8A
Alveolar macrophages	S100A4	P9KA|18A2|PEL98|42A|CAPL
Alveolar macrophages	GNGT2	GNG9
Alveolar macrophages	SIGLECF	NA
Anterior pituitary gland cells	AGA	ASRG
Anterior pituitary gland cells	ANGPT1	KIAA0003|Ang1
Anterior pituitary gland cells	CHGA	NA
Anterior pituitary gland cells	CPEB4	KIAA1673
Anterior pituitary gland cells	DDX26B	NA
Anterior pituitary gland cells	GH	NA
Anterior pituitary gland cells	IGSF1	KIAA0364|IGDC1|IGCD1|INHBP|MGC75490|PGSF2
Anterior pituitary gland cells	MEST	PEG1
Anterior pituitary gland cells	NKTR	p104
Anterior pituitary gland cells	NUCB2	NEFA
Anterior pituitary gland cells	PITX2	IGDS|Brx1|Otlx2|IRID2|IHG2|RIEG|RIEG1|RGS
Anterior pituitary gland cells	POU1F1	GHF-1|POU1F1a|PIT-1|PIT1
Anterior pituitary gland cells	PRL	NA
Anterior pituitary gland cells	RAB27A	RAB27|HsT18676
Anterior pituitary gland cells	RCN3	RLP49
Anterior pituitary gland cells	SEZ6L2	PSK-1|FLJ90517
Anterior pituitary gland cells	SIX6	Six9|OPTX2
Anterior pituitary gland cells	TBRG1	FLJ14621|TB-5|NIAM
Anterior pituitary gland cells	TMEM130	DKFZp761L1417|FLJ42643
Anterior pituitary gland cells	POMC	POC|ACTH|NPP|LPH
Anterior pituitary gland cells	GMPPA	NA
Anterior pituitary gland cells	TRIM30B	NA
Anterior pituitary gland cells	GNB3	NA
Anterior pituitary gland cells	HEPACAM2	FLJ38683
Anterior pituitary gland cells	ASB4	ASB-4
Anterior pituitary gland cells	RAX	RX
Anterior pituitary gland cells	NKX2-1	TTF-1|TTF1|NKX2A|BCH|TITF1
Anterior pituitary gland cells	FGF10	NA
Anterior pituitary gland cells	FSHB	NA
Anterior pituitary gland cells	PCSK1	PC1|NEC1
Anterior pituitary gland cells	GNRHR	LHRHR|GRHR
Anterior pituitary gland cells	PITX1	POTX|BFT
Anterior pituitary gland cells	GH1	GH-N|GHN|GH|hGH-N
Anterior pituitary gland cells	TSHB	NA
Anterior pituitary gland cells	PAX7	Hup1
Anterior pituitary gland cells	LHB	LSH-B|CGB4|hLHB
Astrocytes	S100B	S100beta
Astrocytes	SLC1A2	GLT-1|EAAT2
Astrocytes	GFAP	FLJ45472
Astrocytes	BYSL	Enp1
Astrocytes	ALDH1L1	10-fTHF|FTHFD
Astrocytes	CD40	Bp50|TNFRSF5
Astrocytes	SLC1A3	EAAT1|GLAST|EA6
Astrocytes	FGFR3	CEK2|JTK4|CD333|ACH
Astrocytes	GJB6	EDH|CX30|ED2
Astrocytes	AQP4	MIWC
Astrocytes	HTRA1	HtrA|IGFBP5-protease|ARMD7|PRSS11
Astrocytes	S100A8	P8|CGLA|CAGA
Astrocytes	CLDN10	OSP-L|CPETRL3
Astrocytes	ITIH3	H3P
Astrocytes	NKAIN4	bA261N11.2|FAM77A|C20orf58
Astrocytes	ACSL6	KIAA0837|LACS5|FACL6
Astrocytes	ACSBG1	BGM|FLJ30320|MGC14352|BG1|KIAA0631|hBG1|hsBG
Astrocytes	TRIL	KIAA0644
Astrocytes	AGT	SERPINA8
Astrocytes	GPR37L1	ETBR-LP-2
Astrocytes	SLC4A4	NBC1|HNBC1|NBC2|pNBC|hhNMC|SLC4A5
Astrocytes	NTSR2	NTR2
Astrocytes	SLC6A11	GAT3
Astrocytes	HSPA2	NA
Astrocytes	SLC16A2	XPCT|MCT8|DXS128|AHDS|MRX22
Astrocytes	SYNE1	SYNE-1B|KIAA0796|8B|Nesprin-1|enaptin|MYNE1|CPG2|dJ45H2.2|SCAR8|ARCA1|Nesp1|C6orf98
Astrocytes	DIO2	TXDI2|SelY
Astrocytes	SLC7A10	asc-1
Astrocytes	ENTPD2	NTPDase-2|CD39L1
Astrocytes	HSPB6	FLJ32389|Hsp20|PPP1R91
Astrocytes	PLXNB1	KIAA0407|PLXN5
Astrocytes	LCAT	NA
Astrocytes	PLA2G7	LDL-PLA2
Astrocytes	CMTM5	FLJ37521|CKLFSF5
Astrocytes	S1PR1	edg-1|D1S3362|CD363
Astrocytes	SLC39A12	FLJ30499
Astrocytes	LUZP2	NA
Astrocytes	GSTA4	NA
Astrocytes	SLC25A28	MRS3/4|MRS4L
Astrocytes	SLC25A46	NA
Astrocytes	WNT3	MGC131950|MGC138321|MGC138323
Astrocytes	FZD2	NA
Astrocytes	TEAD1	TEF-1|TCF13|AA
Astrocytes	RLBP1	CRALBP
Astrocytes	ALDOC	NA
Astrocytes	GJA1	CX43|ODOD|SDTY3|ODDD|GJAL
Astrocytes	APOE	AD2
Astrocytes	LCN2	NGAL|24p3
Astrocytes	SOX9	SRA1|CMD1|CMPD1
Astrocytes	VIM	NA
Astrocytes	CCR7	BLR2|CDw197|CD197|CMKBR7|EBI1
Astrocytes	AANAT	SNAT
Astrocytes	FABP7	B-FABP|BLBP
Astrocytes	SOCS3	SSI-3|CIS3|SOCS-3|Cish3
Astrocytes	SYNM	KIAA0353|DMN
Astrocytes	HMG20A	HMGX1|FLJ10739|HMGXB1
Astrocytes	NFATC3	NFAT4|NFATX
Astrocytes	SRR	ILV1
Astrocytes	SLC1A6	EAAT4
Astrocytes	ETS1	FLJ10768|ETS-1
Astrocytes	SLIT1	slit1|MEGF4|Slit-1|SLIT3|SLIL1
Astrocytes	SNPH	bA314N13.5
Astrocytes	IL23A	SGRF|IL23P19|IL-23|IL-23A|P19
B cells	CD2	NA
B cells	CD5	NA
B cells	MS4A1	Bp35|MS4A2|CD20
B cells	CR2	CD21|C3DR
B cells	CD22	SIGLEC-2|SIGLEC2
B cells	FCER2	CLEC4J|CD23|CD23A|FCE2
B cells	CD40	Bp50|TNFRSF5
B cells	CD69	CLEC2C
B cells	CD70	CD27L|CD27LG|TNFSF7
B cells	CD79A	MB-1|IGA
B cells	CD79B	IGB
B cells	CD80	B7.1|B7-1|CD28LG|CD28LG1
B cells	CD86	B7.2|B7-2|CD28LG2
B cells	TNFRSF9	CD137|4-1BB|ILA
B cells	SDC1	CD138|syndecan|SYND1|SDC
B cells	TNFSF4	OX-40L|gp34|CD252|TXGP1
B cells	TNFRSF13B	TACI|CD267|IGAD2
B cells	TNFRSF13C	BAFFR|CD268
B cells	PDCD1	CD279|hSLE1|PD-1|SLEB2
B cells	IGHD	FLJ00382|FLJ46727|MGC29633
B cells	IGHM	NA
B cells	RASGRP3	KIAA0846|GRP3|CalDAG-GEFIII
B cells	HLA-DRA	HLA-DRA1
B cells	LTB	TNFSF3|TNFC
B cells	HLA-DQA1	HLA-DQA
B cells	FLI1	SIC-1
B cells	CD14	NA
B cells	SEMA6D	KIAA1479|FLJ11598
B cells	LAIR1	CD305
B cells	IFIT3	ISG60|RIG-G|CIG-49|IFI60|GARG-49|IRG2|IFIT4
B cells	IGLL1	IGVPB|IGL5|14.1|CD179B|IGLL
B cells	DNTT	TDT
B cells	MME	CALLA|CD10
B cells	SPN	LSN|CD43|GPL115
B cells	CD19	NA
B cells	CD24	CD24A
B cells	CD27	S152|Tp55|TNFRSF7
B cells	B3GAT1	GlcAT-P|HNK-1|NK-1|CD57|LEU7
B cells	CD72	LYB2|CD72b
B cells	MUM1	MUM-1|EXPAND1
B cells	PAX5	BSAP
B cells	JCHAIN	IGCJ|JCH|IGJ
B cells	MZB1	MGC29506|HSPC190|pERp1|MEDA-7
B cells	LY6D	E48
B cells	H2-DMB2	NA
B cells	FCMR	TOSO|FAIM3
B cells	BANK1	BANK|FLJ20706
B cells	EDEM1	KIAA0212|EDEM
B cells	VPREB3	8HS20
B cells	H2-OB	NA
B cells	POU2AF1	OBF1|BOB1
B cells	CRELD2	MGC11256
B cells	DERL3	FLJ43842|MGC71803|derlin-3|IZP6|C22orf14
B cells	SIGLECG	NA
B cells	RALGPS2	FLJ10244|FLJ25604
B cells	FCHSD2	KIAA0769|SH3MD3
B cells	POLD4	POLDS
B cells	CMAH	NA
B cells	TNFRSF17	BCM|CD269|TNFRSF13A|BCMA
B cells	HVCN1	MGC15619|Hv1|VSOP
B cells	TRP53INP1	NA
B cells	FCRLA	MGC4595|FCRLc2|FCRLb|FCRLc1|FCRLd|FCRLe|FCRL|FCRLa|FREB|FCRLX|FCRLM1
B cells	EDEM2	FLJ10783|bA4204.1|C20orf49|C20orf31
B cells	BLNK	SLP65|Ly57|SLP-65|BLNK-s|BASH|bca
B cells	H2-OA	NA
B cells	TXNDC11	EFP1
B cells	BTLA	BTLA1|CD272
B cells	SMAP2	SMAP1L
B cells	SCD1	NA
B cells	FAM46C	NA
B cells	FKBP11	FKBP19
B cells	SEC61A1	NA
B cells	SPCS3	FLJ22649|SPC22/23|YLR066W|PRO3567
B cells	SPIB	SPI-B
B cells	EAF2	BM040|TRAITS
B cells	CXCR4	LESTR|NPY3R|HM89|NPYY3R|D2S201E|fusin|HSY3RR|CD184
B cells	BIRC3	cIAP2|hiap-1|MIHC|RNF49|MALT2|c-IAP2|API2
B cells	IGLC2	NA
B cells	IGLC3	NA
B cells	IGLC1	NA
B cells	IL21R	CD360
B cells	IGKC	HCAK1
B cells	IGLV1	1810027O01Rik
B cells	VPREB1	VpreB|CD179A
B cells	VPREB2	NA
B cells	LRMP	JAW1
B cells	KLHL6	FLJ00029
B cells	SLAMF6	KALI|NTBA|KALIb|Ly108|SF2000|NTB-A|CD352
B cells	FAM129C	FLJ39802|BCNP1
B cells	BST1	CD157
B cells	MSH5	G7
B cells	DOK3	FLJ22570
B cells	BACH2	BTBD25
B cells	FCER2A	NA
B cells	PXK	FLJ20335|Slob
B cells	IGHG1	NA
B cells	IGHG3	NA
B cells	IGHG4	NA
B cells	IGHA	IgA|Igh-2
B cells	CD38	NA
B cells	PTPRC	T200|CD45
B cells	EBF1	COE1|EBF
B cells	BCL11A	BCL11A-XL|BCL11A-L|BCL11A-S|CTIP1|HBFQTL5|ZNF856|EVI9
B cells	CCR7	BLR2|CDw197|CD197|CMKBR7|EBI1
B cells	CD55	TC|CROM|DAF
B cells	CD74	DHLAG
B cells	CD52	HE5|EDDM5|CDW52
B cells	TLR9	CD289
B cells	SWAP70	KIAA0640|SWAP-70
B cells	HMGA1	HMGIY
B cells memory	CD38	NA
B cells memory	CD80	B7.1|B7-1|CD28LG|CD28LG1
B cells memory	CD84	SLAMF5|hCD84|mCD84
B cells memory	CD86	B7.2|B7-2|CD28LG2
B cells memory	NT5E	CD73|eN|eNT|CALJA|NT5
B cells memory	PAX5	BSAP
B cells memory	PTPRC	T200|CD45
B cells memory	SPIB	SPI-B
B cells memory	ADAM28	eMDCII|MDC-Lm|MDC-Ls|ADAM23
B cells memory	AIM2	PYHIN4
B cells memory	ALOX5	5-LOX
B cells memory	BACH2	BTBD25
B cells memory	BANK1	BANK|FLJ20706
B cells memory	BLK	MGC10442
B cells memory	CCR6	CKR-L3|GPR-CY4|CMKBR6|GPR29|DRY-6|DCR2|BN-1|CD196|STRL22
B cells memory	CD180	RP105|Ly78|LY64
B cells memory	CD19	NA
B cells memory	CD1C	NA
B cells memory	CD22	SIGLEC-2|SIGLEC2
B cells memory	CD27	S152|Tp55|TNFRSF7
B cells memory	CD37	TSPAN26
B cells memory	CD69	CLEC2C
B cells memory	CD72	LYB2|CD72b
B cells memory	CD79A	MB-1|IGA
B cells memory	CD79B	IGB
B cells memory	CLCA3P	CLCA3
B cells memory	CR2	CD21|C3DR
B cells memory	CXCR5	MDR15|CD185|BLR1
B cells memory	DENND5B	MGC24039
B cells memory	FCGR2B	CD32B
B cells memory	FCRL2	FCRH2|IRTA4|CD307b|SPAP1
B cells memory	FRK	RAK|PTK5
B cells memory	GNG7	FLJ00058
B cells memory	GPR18	NA
B cells memory	GUSBP11	NA
B cells memory	HHEX	HEX|HOX11L-PEN|PRHX
B cells memory	HLA-DOB	NA
B cells memory	IFNA10	IFN-alphaC
B cells memory	IGHD	FLJ00382|FLJ46727|MGC29633
B cells memory	IGHM	NA
B cells memory	IGKC	HCAK1
B cells memory	IGLL3P	16.1|IGLL3
B cells memory	IL7	IL-7
B cells memory	IRF8	IRF-8|ICSBP|ICSBP1
B cells memory	LTB	TNFSF3|TNFC
B cells memory	LY86	MD-1|dJ80N2.1
B cells memory	MBL2	COLEC1
B cells memory	MS4A1	Bp35|MS4A2|CD20
B cells memory	NMBR	BB1R
B cells memory	NPIPB15	LOC440348|NPIPL2
B cells memory	P2RX5	P2X5
B cells memory	PNOC	PPNOC|N/OFQ|NOP
B cells memory	PTPRCAP	CD45-AP
B cells memory	RALGPS2	FLJ10244|FLJ25604
B cells memory	RASGRP2	CALDAG-GEFI
B cells memory	SIK1	msk|SNF1LK
B cells memory	SIT1	SIT
B cells memory	SLC12A1	NKCC2
B cells memory	SP140	LYSP100-B|LYSP100-A
B cells memory	STAP1	STAP-1|BRDG1
B cells memory	TMEM156	FLJ23235
B cells memory	TNFRSF13B	TACI|CD267|IGAD2
B cells memory	TNFRSF17	BCM|CD269|TNFRSF13A|BCMA
B cells memory	TRAF4	MLN62|RNF83
B cells memory	VPREB3	8HS20
B cells memory	ZBTB32	TZFP|FAZF|FAXF|Rog|ZNF538
B cells naive	CD19	NA
B cells naive	CD2	NA
B cells naive	CD72	LYB2|CD72b
B cells naive	IL2RA	IL2R|IDDM10
B cells naive	MME	CALLA|CD10
B cells naive	ABCB4	MDR2|PFIC-3|GBD1|PGY3|MDR3
B cells naive	ADAM28	eMDCII|MDC-Lm|MDC-Ls|ADAM23
B cells naive	BACH2	BTBD25
B cells naive	BANK1	BANK|FLJ20706
B cells naive	BCL7A	BCL7
B cells naive	BEND5	FLJ11588|C1orf165
B cells naive	BLK	MGC10442
B cells naive	BRAF	BRAF1
B cells naive	CD180	RP105|Ly78|LY64
B cells naive	CD1C	NA
B cells naive	CD22	SIGLEC-2|SIGLEC2
B cells naive	CD37	TSPAN26
B cells naive	CD69	CLEC2C
B cells naive	CD79A	MB-1|IGA
B cells naive	CD79B	IGB
B cells naive	CR2	CD21|C3DR
B cells naive	CXCR5	MDR15|CD185|BLR1
B cells naive	EAF2	BM040|TRAITS
B cells naive	FCER2	CLEC4J|CD23|CD23A|FCE2
B cells naive	FCGR2B	CD32B
B cells naive	FCRL2	FCRH2|IRTA4|CD307b|SPAP1
B cells naive	FRK	RAK|PTK5
B cells naive	GPR18	NA
B cells naive	GUSBP11	NA
B cells naive	HHEX	HEX|HOX11L-PEN|PRHX
B cells naive	HLA-DOB	NA
B cells naive	IGHD	FLJ00382|FLJ46727|MGC29633
B cells naive	IGHM	NA
B cells naive	IGKC	HCAK1
B cells naive	IGLL3P	16.1|IGLL3
B cells naive	IL4R	CD124
B cells naive	IRF8	IRF-8|ICSBP|ICSBP1
B cells naive	LTB	TNFSF3|TNFC
B cells naive	LY86	MD-1|dJ80N2.1
B cells naive	MEP1A	PPHA
B cells naive	MICAL3	KIAA0819
B cells naive	MS4A1	Bp35|MS4A2|CD20
B cells naive	NMBR	BB1R
B cells naive	P2RX5	P2X5
B cells naive	P2RY14	KIAA0001|GPR105
B cells naive	PNOC	PPNOC|N/OFQ|NOP
B cells naive	PSG2	PSGGB|PSG1|PSBG2
B cells naive	PTPRCAP	CD45-AP
B cells naive	RALGPS2	FLJ10244|FLJ25604
B cells naive	RASGRP2	CALDAG-GEFI
B cells naive	SELL	LSEL|LAM1|LAM-1|hLHRc|Leu-8|Lyam-1|PLNHR|CD62L|LYAM1|LNHR
B cells naive	SIK1	msk|SNF1LK
B cells naive	SLC12A1	NKCC2
B cells naive	SPIB	SPI-B
B cells naive	STAP1	STAP-1|BRDG1
B cells naive	TCL1A	TCL1
B cells naive	UGT1A8	UGT1H
B cells naive	VPREB3	8HS20
B cells naive	ZNF286A	KIAA1874|ZNF286
B cells naive	TNFSF8	CD153|CD30LG
B cells naive	FOXP1	QRF1|12CC4|HSPC215|hFKH1B
B cells naive	MITF	MI|bHLHe32|WS2A|WS2
B cells naive	CD52	HE5|EDDM5|CDW52
B cells naive	HLA-DQB1	HLA-DQB
B cells naive	TNFRSF13C	BAFFR|CD268
B cells naive	LINC00926	NA
B cells naive	STAG3	NA
B cells naive	BIRC3	cIAP2|hiap-1|MIHC|RNF49|MALT2|c-IAP2|API2
B cells naive	CD74	DHLAG
Basal cells	KRT5	KRT5A|EBS2
Basal cells	KRT17	PCHC1
Basal cells	BCL2	Bcl-2|PPP1R50
Basal cells	KRT14	EBS3|EBS4
Basal cells	TP63	SHFM4|EEC3|p63|p73L|OFC8|KET|p73H|p53CP|TP73L|TP53L|TP53CP
Basal cells	CDH3	CDHP|PCAD
Basal cells	KRT6B	KRTL1
Basal cells	METTL5	HSPC133
Basal cells	ANXA11	ANX11
Basal cells	TMEM14A	PTD011|C6orf73
Basal cells	BNIP3	Nip3
Basal cells	TYMP	MNGIE|ECGF1
Basal cells	DPP7	DPPII|DPP2
Basal cells	OPTN	FIP2|HYPL|FIP-2|TFIIIA-INTP|HIP7|GLC1E
Basal cells	PLAU	URK
Basal cells	CAPN1	muCANP|muCL|CANPL1
Basal cells	BACE2	CEAP1|DRAP|ALP56|AEPLC
Basal cells	CTNNB1	beta-catenin|armadillo|CTNNB
Basal cells	ILK	NA
Basal cells	PKP3	NA
Basal cells	ITGA3	CD49c|VLA3a|VCA-2|GAP-B3|MSK18
Basal cells	MT1L	MTF|MT1R
Basal cells	SRSF4	SRP75|SFRS4
Basal cells	RAB38	NY-MEL-1
Basal cells	ALKBH7	MGC10974|SPATA11
Basal cells	DNPH1	rcl|dJ330M21.3|C6orf108
Basal cells	KRT23	K23|DKFZP434G032|HAIK1|CK23|MGC26158
Basal cells	SLC16A3	NA
Basal cells	GYPC	GPC|GYPD|Ge|CD236|CD236R
Basal cells	DUSP23	FLJ20442|DUSP25
Basal cells	RARRES1	LXNL
Basal cells	ITGA2	CD49b|CD49B
Basal cells	SLC25A37	MSCP|MFRN|MFRN1|HT015
Basal cells	GAPDHP1	GAPDP1|GAPDHL2|GAPDL2
Basal cells	ITGB6	NA
Basal cells	ITGB4	CD104
Basal cells	SPHK1	SPHK
Basal cells	ACTG2	ACTSG|ACTL3|ACTA3
Basal cells	IRF6	OFC6|VWS|LPS
Basal cells	RAB13	NA
Basal cells	LAMB3	nicein-125kDa|kalinin-140kDa|BM600-125kDa|LAMNB1
Basal cells	ACADVL	VLCAD|LCACD|ACAD6
Basal cells	MMP7	PUMP-1|MPSL1
Basal cells	HEBP2	SOUL|C6orf34
Basal cells	FBXO32	MAFbx|ATROGIN1|Fbx32
Basal cells	MT1E	MTD
Basal cells	MT2P1	NA
Basal cells	SERINC2	FKSG84|PRO0899|TDE2L
Basal cells	NNMT	NA
Basal cells	KRT15	K15|CK15|K1CO
Basal cells	PLP2	A4-LSB|MGC126187
Basal cells	MT1X	MT-1l
Basal cells	S100A14	BCMP84
Basal cells	LAMC2	nicein-100kDa|kalinin-105kDa|BM600-100kDa|EBR2|LAMB2T|LAMNB2|EBR2A
Basal cells	BMP7	OP-1
Basal cells	MYLK	smMLCK|MYLK1|MLCK1
Basophils	CD69	CLEC2C
Basophils	IL3RA	CD123
Basophils	CCR3	CC-CKR-3|CKR3|CD193|CMKBR3
Basophils	ENPP3	PD-IBETA|gp130RB13-6|B10|CD203c|PDNP3
Basophils	FCER1A	FCE1A
Basophils	TLR4	hToll|CD284|TLR-4|ARMD10
Basophils	LTC4S	MGC33147
Basophils	CPA3	NA
Basophils	ITGAL	CD11A
Basophils	ITGAM	CD11b|CR3A|CD11B
Basophils	ITGAX	CD11c|CD11C
Basophils	IL4R	CD124
Basophils	ITGB7	NA
Basophils	IL4	BSF1|IL-4|BCGF1|BCGF-1|MGC79402
Basophils	MCPT8	NA
Basophils	PRSS34	NA
Basophils	MS4A2	MS4A1|FCER1B|APY
Basophils	MS4A3	HTM4|CD20L
Basophils	HDC	NA
Basophils	GATA2	NFE1B
Basophils	CCL3	G0S19-1|LD78ALPHA|MIP-1-alpha|SCYA3
Basophils	CD33	SIGLEC3|SIGLEC-3|FLJ00391
Basophils	CD44	IN|MC56|Pgp1|CD44R|HCELL|CSPG8|MIC4|MDU2|MDU3
Basophils	CDH1	uvomorulin|CD324|UVO
Basophils	HTR1B	5-HT1B|HTR1D2|5-HT1DB
Basophils	IGFBP7	MAC25|IGFBP-7|FSTL2
Basophils	MRGPRA6	NA
Basophils	DNASE2B	DLAD
Basophils	FADS2	FADSD6|D6D|TU13|DES6|SLL0262|LLCDL2
Basophils	GPC4	K-glypican
Basophils	GRM6	GPRC1F|mGlu6|MGLUR6|CSNB1B
Basophils	ACSS2	ACSA|AceCS|dJ1161H23.1|ACAS2
Basophils	ADORA2B	NA
Basophils	ALOX8	NA
Basophils	AQP9	SSC1|HsT17287
Basophils	BACE1	BACE
Basophils	BMP4	BMP2B
Basophils	CABLES1	HsT2563|FLJ35924
Basophils	CCL4	MIP-1-beta|Act-2|AT744.1|SCYA4
Basophils	CCL9	NA
Basophils	CEBPA	C/EBP-alpha|CEBP
Basophils	DEFB40	NA
Basophils	E2F8	FLJ23311
Basophils	FADS1	D5D|FADSD5|TU12|FADS6|LLCDL1
Basophils	FAR2	FLJ10462|SDR10E2|MLSTD1
Basophils	FBXO9	FBX9|NY-REN-57
Basophils	GABBR1	hGB1a|GPRC3A
Basophils	GM9895	NA
Basophils	GPR183	EBI2
Basophils	GPR97	NA
Basophils	HGF	F-TCF|HGFB|HPTA|DFNB39
Basophils	HIST1H1D	H1.3|H1d|H1s-2|H1F3
Basophils	HIST1H2AC	H2AFL
Basophils	IFITM1	9-27|CD225|DSPA2a|IFI17
Basophils	INF2	MGC13251|C14orf151|C14orf173
Basophils	JAZF1	TIP27|DKFZp761K2222|ZNF802
Basophils	L1CAM	CD171|HSAS1|SPG1|HSAS|MIC5
Basophils	LAMA5	NA
Basophils	MBOAT1	MGC44669|dJ434O11.1|LPEAT1|OACT1
Basophils	NFIL3	E4BP4|NFIL3A|NF-IL3A|IL3BP1
Basophils	NPL	NPL1|DHDPS1|C1orf13
Basophils	NT5C3	NA
Basophils	OSBPL5	KIAA1534|ORP5|OBPH1
Basophils	OTUB2	FLJ21916|MGC3102|C14orf137
Basophils	P2RY1	P2Y1|SARCC
Basophils	PDK3	NA
Basophils	PDZD4	KIAA1444|LU1|FLJ34125|PDZRN4L|LNX5|PDZK4
Basophils	PERP	PIGPC1|dJ496H19.1|KCP1|THW|KRTCAP1
Basophils	PIGY	MGC14156
Basophils	PLEKHG5	KIAA0720|Syx|GEF720|Tech
Basophils	PLG	NA
Basophils	RNF39	HZFw1|LIRF
Basophils	SLC26A3	DRA|CLD
Basophils	SLC26A8	NA
Basophils	SNCAIP	SYPH1
Basophils	ST6GALNAC5	MGC3184|ST6GalNAcV|SIAT7E
Basophils	SUPT3H	SPT3|SPT3L
Basophils	TULP3	TUBL3
Basophils	TEC	PSCTK4
Basophils	UNC93A	dJ366N23.2|dJ366N23.1
Basophils	WRN	RECQL2|RECQ3
Basophils	ID1	dJ857M17.1.2|bHLHb24
Bergmann glia	GFAP	FLJ45472
Bergmann glia	GDF10	BMP-3b
Bergmann glia	GJB6	EDH|CX30|ED2
Bergmann glia	GRIA4	GluA4|GLURD|GLUR4
Bergmann glia	GRM3	GPRC1C|mGlu3|MGLUR3
Bergmann glia	NTSR2	NTR2
Bergmann glia	ITIH3	H3P
Bergmann glia	A2M	FWP007|S863-7|CPAMD5
Bergmann glia	PTCH1	BCNS|NBCCS|PTCH
Bergmann glia	CDC42EP4	KAIA1777|BORG4|MGC3740|MGC17125
Bergmann glia	BTBD17	LGALS3BPL|BTBD17A|TANGO10A
Bergmann glia	AQP4	MIWC
Bergmann glia	SLC4A4	NBC1|HNBC1|NBC2|pNBC|hhNMC|SLC4A5
Bergmann glia	HOPX	LAGY|OB1|NECC1|SMAP31
Bergmann glia	GPR37L1	ETBR-LP-2
Bergmann glia	ACSBG1	BGM|FLJ30320|MGC14352|BG1|KIAA0631|hBG1|hsBG
Bergmann glia	ALDH1L1	10-fTHF|FTHFD
Bergmann glia	SLC1A3	EAAT1|GLAST|EA6
Bergmann glia	SLC1A2	GLT-1|EAAT2
Bergmann glia	S100B	S100beta
Bergmann glia	VIM	NA
Bergmann glia	FABP7	B-FABP|BLBP
Bergmann glia	TTC21B	FLJ11457|JBTS11|NPHP12|IFT139B|THM1
Bergmann glia	HEPACAM	FLJ25530|hepaCAM|GLIALCAM
Bergmann glia	ZEB2	KIAA0569|ZFHX1B
Bergmann glia	UFL1	NLBP|Maxer|RCAD|KIAA0776
Bergmann glia	NRXN3	KIAA0743|C14orf60
Bergmann glia	ATP7A	MNK
Bergmann glia	BICD2	KIAA0699
Bergmann glia	GJA1	CX43|ODOD|SDTY3|ODDD|GJAL
Bergmann glia	METRN	MGC2601|C16orf23
Bergmann glia	P2RX7	P2X7|MGC20089
Bergmann glia	EGFR	ERBB1|ERBB
Bergmann glia	GRIA1	GluA1|GLURA|GLUR1
Bergmann glia	P2RY1	P2Y1|SARCC
Bergmann glia	GRIN2B	GluN2B|NMDAR2B
Bergmann glia	GRIN3A	GluN3A
Bergmann glia	SEPT4	CE5B3|hucep-7|ARTS|hCDCREL-2|MART|PNUTL2
Bergmann glia	DAO	DAMOX|DAAO
Bergmann glia	ITGB1	CD29|GPIIA|FNRB|MSK12|MDF2
Bergmann glia	KIF1BP	DKFZP586B0923|TTC20|KBP|KIAA1279
Beta cells	GCGR	GGR
Beta cells	JPH3	JP-3|CAGL237|HDL2|JP3|TNRC22
Beta cells	CD40	Bp50|TNFRSF5
Beta cells	HAMP	LEAP-1|HEPC|HFE2B|LEAP1
Beta cells	EZH1	KIAA0388|KMT6B
Beta cells	NTRK1	TRKA|MTC
Beta cells	PDX1	IDX-1|STF-1|PDX-1|MODY4|IPF1
Beta cells	SLC2A2	GLUT2
Beta cells	NKX6-2	NKX6B|GTX|NKX6.1
Beta cells	INS1	NA
Beta cells	INS2	NA
Beta cells	FXYD2	MGC12372|ATP1G1|HOMG2
Beta cells	NPY	PYY4
Beta cells	INS	IDDM2
Beta cells	RIMS1	KIAA0340|RIM1|RAB3IP2|CORD7
Beta cells	MAFA	RIPE3b1|hMafA
Beta cells	EFNA5	AF1|LERK7|EPLG7
Beta cells	LMX1A	LMX1.1|LMX1
Beta cells	NKX2-2	NKX2.2|NKX2B
Beta cells	NKX6-1	Nkx6.1|NKX6A
Beta cells	PAX4	MODY9
Beta cells	IAPP	AMYLIN
Beta cells	PCSK2	SPC2|NEC2
Beta cells	G6PC2	IGRP
Beta cells	SLC30A8	ZnT-8
Beta cells	ERO1LB	NA
Beta cells	PCSK1	PC1|NEC1
Beta cells	GJD2	CX36|GJA9
Beta cells	SCGN	SECRET|DJ501N12.8|SEGN|CALBL
Beta cells	IGF2	FLJ44734|IGF-II|C11orf43
Beta cells	SYT13	KIAA1427
Beta cells	FFAR2	FFA2R|GPR43
Beta cells	NPTX2	NA
Beta cells	PFKFB2	NA
Beta cells	EDARADD	NA
Beta cells	HOPX	LAGY|OB1|NECC1|SMAP31
Beta cells	SH3GL2	SH3P4|SH3D2A|CNSA2|EEN-B1
Beta cells	ADCYAP1	NA
Beta cells	SCGB2A1	UGB3|LPHC|MGC71973|MGB2
Beta cells	CASR	FHH|NSHPT|GPRC2A|HHC|HHC1
Beta cells	MAFB	KRML
Beta cells	PAX6	D11S812E|AN2
Beta cells	NEUROD1	BETA2|BHF-1|NeuroD|bHLHa3|MODY6|NEUROD
Beta cells	ISL1	Isl-1|ISLET1
Beta cells	TGFBR3	betaglycan|BGCAN
Beta cells	SMAD9	SMAD8|SMAD8/9|MADH9
Beta cells	SIX3	HPE2
Beta cells	SIX2	NA
Beta cells	BMP5	NA
Beta cells	PIR	NA
Beta cells	STXBP5	tomosyn|LLGL3
Beta cells	DLK1	FA1|pG2|Pref-1|ZOG|Delta1
Beta cells	MEG3	GTL2|NCRNA00023|LINC00023|onco-lncRNA-83
Beta cells	RGS16	A28-RGS14|RGS-r
Cajal-Retzius cells	RELN	RL|PRO1598
Cajal-Retzius cells	DIABLO	SMAC|DIABLO-S|FLJ25049|FLJ10537|DFNA64
Cajal-Retzius cells	ST3GAL5	ST3GalV|SIATGM3S|SIAT9
Cajal-Retzius cells	ISOC1	CGI-111
Cajal-Retzius cells	SMOC2	SMAP2
Cajal-Retzius cells	DYNC1I1	DNCIC1|DNCI1
Cajal-Retzius cells	NHLH2	bHLHa34|HEN2
Cajal-Retzius cells	CLSTN2	CSTN2|CS2|FLJ39113|CDHR13
Cajal-Retzius cells	TMEM163	DKFZP566N034|SV31
Cajal-Retzius cells	CACNA2D2	KIAA0558
Cajal-Retzius cells	CIB2	DFNB48|USH1J
Cajal-Retzius cells	LHX1OS	NA
Cajal-Retzius cells	NDNF	FLJ23191|C4orf31
Cajal-Retzius cells	LINGO1	FLJ14594|LERN1|LRRN6A
Cajal-Retzius cells	LNPK	Ul|LNP1|KIAA1715
Cajal-Retzius cells	RNF138	STRIN|NARF
Cajal-Retzius cells	TMEM170B	NA
Cajal-Retzius cells	ABCC5	MRP5|SMRP|EST277145|MOAT-C
Cajal-Retzius cells	CNRIP1	DKFZP566K1924|CRIP1|CRIP1a|CRIP1b|C2orf32
Cajal-Retzius cells	EBF3	COE3|DKFZp667B0210
Cajal-Retzius cells	FUT9	Fuc-TIX
Cajal-Retzius cells	PABPN1	PAB2|OPMD
Cajal-Retzius cells	GNL3L	FLJ10613|GNL3B
Cajal-Retzius cells	NUDT2	APAH1
Cajal-Retzius cells	SLC25A46	NA
Cajal-Retzius cells	NSMCE3	HCA4|MAGEG1|MAGEL3|NSE3|NDNL2
Cajal-Retzius cells	DACH1	DACH
Cajal-Retzius cells	FAM69B	MGC20262|C9orf136
Cajal-Retzius cells	HOMER2	CPD|Cupidin|Vesl-2|HOMER-2B|HOMER-2|HOMER-2A|DFNA68
Cajal-Retzius cells	MAP9	ASAP|FLJ21159
Cajal-Retzius cells	DNM3	KIAA0820
Cajal-Retzius cells	LZTFL1	BBS17
Cajal-Retzius cells	FSD1	MGC3213|MIR1
Cajal-Retzius cells	TCEAL1	pp21|SIIR|WEX9
Cajal-Retzius cells	RAB11FIP2	KIAA0941|nRip11|Rab11-FIP2
Cajal-Retzius cells	BARHL2	NA
Cajal-Retzius cells	TRIM44	DIPB|MC7
Cajal-Retzius cells	SLC17A6	DNPI|VGLUT2
Cajal-Retzius cells	B3GALT1	beta3Gal-T1
Cajal-Retzius cells	SLITRK5	bA364G4.2|KIAA0918|LRRC11
Cajal-Retzius cells	ERC2	CAST1|KIAA0378|SPBC110|Spc110|ELKSL
Cajal-Retzius cells	NBEA	KIAA1544|BCL8B|FLJ10197|LYST2
Cajal-Retzius cells	SLC25A36	FLJ10618|PNC2
Cajal-Retzius cells	ZDBF2	FLJ45338|KIAA1571|Slx9
Cajal-Retzius cells	MAPK8	JNK|JNK1|SAPK1|PRKM8
Cajal-Retzius cells	GDF5	CDMP1|BMP14
Cajal-Retzius cells	ACHE	YT
Cajal-Retzius cells	CCM2	MGC4607|OSM|C7orf22
Cajal-Retzius cells	WRAP73	WDR8
Cajal-Retzius cells	FAM65B	NA
Cajal-Retzius cells	NRG1	HRG|NDF|GGF|NRG1-IT2
Cajal-Retzius cells	ATP13A2	HSA9947|CLN12|PARK9
Cajal-Retzius cells	CNTNAP2	Caspr2|KIAA0868
Cajal-Retzius cells	PNOC	PPNOC|N/OFQ|NOP
Cajal-Retzius cells	LHX1	LIM-1
Cajal-Retzius cells	LINGO2	LERN3|LRRN6C
Cajal-Retzius cells	FAT3	KIAA1989|CDHF15|CDHR10
Cajal-Retzius cells	SRGAP3	KIAA0411|MEGAP|WRP|ARHGAP14|SRGAP2
Cajal-Retzius cells	CDH4	NA
Cajal-Retzius cells	FLRT3	NA
Cajal-Retzius cells	EDIL3	DEL1
Cajal-Retzius cells	CAR10	NA
Cajal-Retzius cells	ZCCHC12	FLJ16123|SIZN|SIZN1|PNMA7A
Cajal-Retzius cells	RALGPS2	FLJ10244|FLJ25604
Cajal-Retzius cells	FAM196A	NA
Cajal-Retzius cells	SMAD1	MADR1|JV4-1|MADH1
Cajal-Retzius cells	TBR1	NA
Cajal-Retzius cells	KCNH7	Kv11.3|HERG3|erg3
Cajal-Retzius cells	LHX5	NA
Cajal-Retzius cells	CALB2	CAL2
Cajal-Retzius cells	EMX2	NA
Cajal-Retzius cells	ZIC2	HPE5
Cajal-Retzius cells	WNT7B	NA
Cajal-Retzius cells	AATF	DED|CHE-1|BFR2
Cajal-Retzius cells	NANOS1	NOS1|ZC2HC12A
Cajal-Retzius cells	TBCK	MGC16169|HSPC302
Cajal-Retzius cells	RGMB	FLJ90406|DRAGON
Cajal-Retzius cells	DACT1	DAPPER1|THYEX3|HDPR1|DAPPER|FRODO
Cajal-Retzius cells	TRP73	NA
Cajal-Retzius cells	EOMES	TBR2
Cajal-Retzius cells	CNR1	CB1K5|CB-R|CB1|CANN6|CB1A|CNR
Cajal-Retzius cells	HAR1A	HAR1F|NCRNA00064|LINC00064
Cardiac stem and precursor cells	MYH6	NA
Cardiac stem and precursor cells	WT1	WIT-2|AWT1|NPHS4|GUD
Cardiac stem and precursor cells	TBX18	NA
Cardiac stem and precursor cells	FUT4	FUC-TIV|CD15|ELFT
Cardiac stem and precursor cells	KITLG	SCF|Kitl|KL-1|FPH2|SLF|DFNA69
Cardiac stem and precursor cells	NKX2-5	CSX1|NKX2.5|NKX4-1|CSX|NKX2E
Cardiac stem and precursor cells	ISL1	Isl-1|ISLET1
Cardiac stem and precursor cells	GATA4	NA
Cardiac stem and precursor cells	ETV2	ER71
Cardiac stem and precursor cells	KIT	CD117|SCFR|C-Kit|PBT
Cardiac stem and precursor cells	ABCG2	EST157481|MXR|BCRP|ABCP|CD338
Cardiac stem and precursor cells	MESP1	MGC10676|bHLHc5
Cardiac stem and precursor cells	BMP4	BMP2B
Cardiac stem and precursor cells	ADGRL2	KIAA0786|LEC1|LPHH1|LPHN2
Cardiac stem and precursor cells	TBX3	TBX3-ISO|XHL|UMS
Cardiac stem and precursor cells	TBX4	NA
Cardiac stem and precursor cells	WNT5A	hWNT5A
Cardiac stem and precursor cells	ANKRD1	C-193|ALRP|CVARP|MCARP
Cardiomyocytes	TNNC1	TNNC
Cardiomyocytes	ADM	AM
Cardiomyocytes	ALCAM 	CD166|MEMD
Cardiomyocytes	NPPA	ANP|PND
Cardiomyocytes	FGF2	FGFB
Cardiomyocytes	NPPB	NA
Cardiomyocytes	TNNI3	TNNC1|CMH7|CMD2A
Cardiomyocytes	TNNT2	CMH2|CMD1D
Cardiomyocytes	ANKRD1	C-193|ALRP|CVARP|MCARP
Cardiomyocytes	NPPC	CNP
Cardiomyocytes	DES	CMD1I|CSM1|CSM2
Cardiomyocytes	HAND2	dHand|Thing2|Hed|bHLHa26
Cardiomyocytes	HAND1	eHand|Thing1|Hxt|bHLHa27
Cardiomyocytes	GATA4	NA
Cardiomyocytes	GATA6	NA
Cardiomyocytes	MYL2	CMH10
Cardiomyocytes	NKX2-5	CSX1|NKX2.5|NKX4-1|CSX|NKX2E
Cardiomyocytes	PNMT	PENT
Cardiomyocytes	ACTA1	NEM3|ACTA
Cardiomyocytes	CD36	SCARB3|GPIV|GP4|GP3B
Cardiomyocytes	RBM20	NA
Cardiomyocytes	VLDLR	CARMQ1|CHRMQ1|VLDLRCH
Cardiomyocytes	ALPK3	MAK|KIAA1330|Midori
Cardiomyocytes	RBM24	FLJ30829|dJ259A10.1|RNPC6
Cardiomyocytes	FABP4	A-FABP|aP2
Cardiomyocytes	CKMT2	SMTCK
Cardiomyocytes	SPEG	MGC12676|KIAA1297|SPEGalpha|SPEGbeta|BPEG|APEG1
Cardiomyocytes	MYH7B	KIAA1512|dJ756N5.1|MYH14|MHC14
Cardiomyocytes	MYOM2	NA
Cardiomyocytes	MYOM1	NA
Cardiomyocytes	COX8B	NA
Cardiomyocytes	PDLIM5	LIM|Enh
Cardiomyocytes	MYH7	CMD1S|CMH1|MPD1
Cardiomyocytes	PLN	CMD1P
Cardiomyocytes	TCAP	T-cap|TELE|telethonin|CMD1N|LGMD2G
Cardiomyocytes	SORBS2	ARGBP2|KIAA0777
Cardiomyocytes	RYR2	ARVC2|VTSIP|ARVD2
Cardiomyocytes	OBSCN	KIAA1556|UNC89|KIAA1639|ARHGEF30
Cardiomyocytes	ACTC1	CMD1R|ACTC
Cardiomyocytes	MYL3	CMH8|VLC1|MLC1V|MLC1SB
Cardiomyocytes	CORO6	FLJ14871
Cardiomyocytes	PDE4D	DPDE3
Cardiomyocytes	NEXN	nexilin|NELIN
Cardiomyocytes	MHRT	Myheart
Cardiomyocytes	FHL2	SLIM3|DRAL
Cardiomyocytes	MYBPC3	MYBP-C|CMH4
Cardiomyocytes	MYH6	NA
Cardiomyocytes	TTN	CMPD4|FLJ32040|TMD|CMH9|LGMD2J|MYLK5|CMD1G
Cardiomyocytes	GPIHBP1	LOC338328|GPI-HBP1
Cardiomyocytes	AQP1	CHIP28|CO
Cardiomyocytes	DMD	DXS142|DXS164|DXS206|DXS230|DXS239|DXS268|DXS269|DXS270|DXS272|MRX85
Cardiomyocytes	MFN2	CPRP1|KIAA0214|MARF|CMT2A2
Cardiomyocytes	ASB2	ASB-2
Cardiomyocytes	ART3	NA
Cardiomyocytes	RRAD	REM3|RAD
Cardiomyocytes	ADPRHL1	NA
Cardiomyocytes	JPH2	JP-2
Cardiomyocytes	PYGM	NA
Cardiomyocytes	HSPB7	cvHSP
Cardiomyocytes	MYOZ2	FATZ-2|C4orf5
Cardiomyocytes	ENO3	NA
Cardiomyocytes	TRDN	NA
Cardiomyocytes	ACTN2	NA
Cardiomyocytes	TNNI1	NA
Cardiomyocytes	SMPX	DFNX4|DFN6
Cardiomyocytes	MYL7	MYLC2A|MYL2A
Cardiomyocytes	TBX20	NA
Cardiomyocytes	TRIM63	MURF-1|IRF|SMRZ|RNF28
Cardiomyocytes	MB	PVALB
Cardiomyocytes	CTGF	IGFBP8|CCN2
Cardiomyocytes	MYL4	AMLC|GT1|PRO1957
Cardiomyocytes	LOX	NA
Cardiomyocytes	CTNNB1	beta-catenin|armadillo|CTNNB
Cardiomyocytes	CPT1A	CPT1-L|L-CPT1
Cardiomyocytes	SOX18	NA
Cardiomyocytes	NOTCH1	TAN1
Cardiomyocytes	SLN	MGC12301|MGC125854|MGC125855
Cardiomyocytes	CSRP3	CMD1M
Cardiomyocytes	TXLNB	DKFZp451A175|MDP77|dJ522B19.2|C6orf198
Cardiomyocytes	ATP2A2	SERCA2|ATP2B|DAR
Cardiomyocytes	CKM	CKMM
Cardiomyocytes	CKB	CKBB
Cardiomyocytes	CXCR4	LESTR|NPY3R|HM89|NPYY3R|D2S201E|fusin|HSY3RR|CD184
Cardiomyocytes	IL11RA	NA
Cardiomyocytes	MITF	MI|bHLHe32|WS2A|WS2
Cardiomyocytes	ZFPM2	FOG2|hFOG-2|ZNF89B|ZC2HC11B
Cardiomyocytes	BDNF	NA
Cardiomyocytes	GJA5	CX40
Cardiomyocytes	FMOD	SLRR2E
Cardiomyocytes	MTTP	MTP
Cardiomyocytes	SLC5A1	D22S675|NAGT|SGLT1
Cardiomyocytes	ADIPOQ	ACRP30|AdipoQ|apM1|GBP28|adiponectin|ACDC
Cardiomyocytes	TRPV1	NA
Cardiomyocytes	HAMP	LEAP-1|HEPC|HFE2B|LEAP1
Cardiomyocytes	SGPL1	SPL
Cardiomyocytes	HMGB2	HMG2
Cardiomyocytes	STC1	STC
Cardiomyocytes	FGF23	NA
Cardiomyocytes	STRN	PPP2R6A|STRN1
Cardiomyocytes	HEY2	bHLHb32|HERP1|HESR2
Cardiomyocytes	ADIPOR1	PAQR1|ACDCR1
Cardiomyocytes	ADIPOR2	PAQR2|ACDCR2
Cardiomyocytes	PDE1A	NA
Cardiomyocytes	BMP4	BMP2B
Cardiomyocytes	CASQ2	PDIB2
Cardiomyocytes	TPM1	C15orf13|CMH3
Cholangiocytes	SSTR2	NA
Cholangiocytes	SLC4A2	HKB3|BND3L|NBND3|EPB3L1
Cholangiocytes	SCTR	NA
Cholangiocytes	KRT7	CK7|K2C7
Cholangiocytes	KCNN2	KCa2.2|hSK2
Cholangiocytes	ITGB4	CD104
Cholangiocytes	GGT6	FLJ90165
Cholangiocytes	CFTR	ABC35|TNR-CFTR|CFTR/MRP|CF|ABCC7
Cholangiocytes	CCKBR	NA
Cholangiocytes	AQP4	MIWC
Cholangiocytes	AQP1	CHIP28|CO
Cholangiocytes	PIGR	NA
Cholangiocytes	GGT1	D22S672|D22S732|CD224
Cholangiocytes	JAG1	AHD|AWS|HJ1|CD339|AGS|JAGL1
Cholangiocytes	GPBAR1	BG37|TGR5|M-BAR|GPCR19|GPR131|MGC40597
Cholangiocytes	GGT7	D20S101|dJ18C9.2|GGTL5|GGTL3
Cholangiocytes	KRT19	K19|CK19|K1CS|MGC15366
Cholangiocytes	ONECUT2	OC-2
Cholangiocytes	ALPL	TNSALP|TNALP|TNAP|HOPS
Cholangiocytes	HNF1B	LFB3|VHNF1|HNF1beta|MODY5|TCF2
Cholangiocytes	ALB	NA
Cholangiocytes	AGR2	XAG-2|HAG-2|PDIA17
Cholangiocytes	MUC3	NA
Cholangiocytes	TFF3	HITF|ITF
Cholangiocytes	TFF1	D21S21|pS2|pNR-2|HP1.A|BCEI
Cholangiocytes	SOX9	SRA1|CMD1|CMPD1
Cholangiocytes	EPCAM	Ly74|TROP1|GA733-2|EGP34|EGP40|EGP-2|KSA|CD326|Ep-CAM|HEA125|KS1/4|MK-1|MH99|MOC31|323/A3|17-1A|TACST-1|CO-17A|M4S1|MIC18|TACSTD1
Cholangiocytes	CLDN4	CPE-R|WBSCR8|hCPE-R|CPETR|CPETR1
Cholangiocytes	MMP7	PUMP-1|MPSL1
Cholangiocytes	TFF2	SML1
Cholangiocytes	SCGB3A1	UGRP2|HIN-1|HIN1|LU105|PnSP-2
Cholangiocytes	FXYD2	MGC12372|ATP1G1|HOMG2
Cholangiocytes	DEFB1	HBD-1|DEFB-1|DEFB101|HBD1|BD1|MGC51822
Cholangiocytes	CD24	CD24A
Cholangiocytes	LCN2	NGAL|24p3
Cholangiocytes	CXCL1	SCYB1|GROa|MGSA-a|NAP-3|MGSA|GRO1|FSP
Cholangiocytes	CXCL6	GCP-2|CKA-3|SCYB6
Cholangiocytes	LGALS2	HL14
Cholangiocytes	TACSTD2	TROP2|GA733-1|EGP-1|M1S1
Cholangiocytes	ELF3	ESE-1|ERT|ESX
Cholangiocytes	SPP1	BSPI|ETA-1|BNSP|OPN
Cholangiocytes	MUC5B	MG1
Cholangiocytes	LGALS4	GAL4
Cholinergic neurons	CHAT	NA
Cholinergic neurons	SLC18A3	VACHT
Cholinergic neurons	ACHE	YT
Cholinergic neurons	SLC5A7	hCHT|CHT1
Cholinergic neurons	TAC1	NPK|TAC2|NKNA
Cholinergic neurons	BRCA1	RNF53|PPP1R53|FANCS
Cholinergic neurons	ACLY	ATPCL|CLATP|ACL
Chondrocytes	PRG4	JCAP|SZP|HAPO|bG174L6.2|FLJ32635|CACP
Chondrocytes	TNC	MGC167029|HXB|DFNA56
Chondrocytes	CRTAC1	FLJ10320|CEP-68|ASPIC1
Chondrocytes	CREB3L2	BBF2H7|TCAG_1951439
Chondrocytes	RUNX2	AML3|PEBP2A1|PEBP2aA1|CCD|CBFA1|CCD1
Chondrocytes	ACAN	CSPGCP|CSPG1|AGC1
Chondrocytes	COL2A1	STL1|SEDC|AOM
Chondrocytes	COMP	THBS5|PSACH|EDM1|EPD1
Chondrocytes	MATN3	EDM5|HOA
Chondrocytes	RUNX3	AML2|PEBP2A3|CBFA3
Chondrocytes	SOX6	NA
Chondrocytes	BMP2	BMP2A
Chondrocytes	CTNNB1	beta-catenin|armadillo|CTNNB
Chondrocytes	FGF18	FGF-18|ZFGF5
Chondrocytes	GLI3	PAP-A|PAPA1|PAPB|ACLS|PPDIV|GCPS|PHS
Chondrocytes	PBX3	NA
Chondrocytes	PTHLH	PTHRP
Chondrocytes	SMO	FZD11|SMOH
Chondrocytes	STAT1	STAT91|ISGF-3
Chondrocytes	MMP13	CLG3
Chondrocytes	VEGFA	VEGF-A|VPF|VEGF
Chondrocytes	MATN1	CRTM|CMP
Chondrocytes	COL9A1	NA
Chondrocytes	COL10A1	NA
Chondrocytes	IGF2	FLJ44734|IGF-II|C11orf43
Chondrocytes	MIA	CD-RAP
Chondrocytes	SDC3	N-syndecan|SYND3
Chondrocytes	EMP1	TMP|CL-20
Chondrocytes	COL6A1	NA
Chondrocytes	CYTL1	C17|C4orf4
Chondrocytes	LCN2	NGAL|24p3
Chondrocytes	AC159092.1	NA
Chondrocytes	LUM	SLRR2D|LDC
Chondrocytes	GADD45B	GADD45BETA|DKFZP566B133|MYD118
Chondrocytes	SCRG1	SCRG-1
Chondrocytes	HAPLN1	CRTL1
Chondrocytes	COL11A1	STL2|CO11A1|COLL6
Chondrocytes	S100A9	MIF|NIF|LIAG|MRP14|MAC387|CGLB|CAGB
Chondrocytes	CHAD	SLRR4A
Chondrocytes	COL9A3	EDM3|FLJ90759|DJ885L7.4.1
Chondrocytes	DLK1	FA1|pG2|Pref-1|ZOG|Delta1
Chondrocytes	S100A8	P8|CGLA|CAGA
Chondrocytes	CHODL	FLJ12627|PRED12|MT75|C21orf68
Chondrocytes	ATF4	TAXREB67|CREB-2|TXREB
Chondrocytes	SHOX	PHOG|GCFX|SHOXY
Chondrocytes	MGP	NA
Chondrocytes	TCF4	SEF2-1B|ITF2|bHLHb19|E2-2
Chondrocytes	VDR	NR1I1|PPP1R163
Chondrocytes	ATRX	XH2|XNP|RAD54|JMS|MRX52
Chondrocytes	NOG	SYNS1
Chondrocytes	AGER	SCARJ1
Chondrocytes	IL10RA	HIL-10R|CDW210A|CD210a|CD210|IL10R
Choroid plexus cells	TTR	HsT2651|CTS|PALB|CTS1
Choroid plexus cells	KL	NA
Choroid plexus cells	SOSTDC1	DKFZp564D206|USAG1|DAND7
Choroid plexus cells	CLIC6	CLIC5|CLIC1L
Choroid plexus cells	SLC4A10	NBCn2|NCBE
Choroid plexus cells	HTR2C	5-HT2C|5HTR2C|HTR1C
Choroid plexus cells	AQP1	CHIP28|CO
Choroid plexus cells	SLC16A2	XPCT|MCT8|DXS128|AHDS|MRX22
Choroid plexus cells	SLC4A2	HKB3|BND3L|NBND3|EPB3L1
Choroid plexus cells	SLC4A5	NBC4
Choroid plexus cells	SLC31A1	hCTR1|CTR1|COPT1
Choroid plexus cells	CAR12	NA
Choroid plexus cells	CLDN2	NA
Choroid plexus cells	SLC13A4	SUT-1|SUT1
Choroid plexus cells	SLC29A4	FLJ34923|ENT4
Choroid plexus cells	PRLR	NA
Choroid plexus cells	CLDN1	SEMP1|ILVASC
Choroid plexus cells	SLC2A12	GLUT12
Choroid plexus cells	WFIKKN2	WFIKKNRP|WFDC20B
Choroid plexus cells	SLC23A2	SVCT2|KIAA0238|YSPL2|SLC23A1
Choroid plexus cells	SLC26A11	NA
Choroid plexus cells	CHMP1A	KIAA0047|CHMP1|Vps46A|PRSM1|PCOLN3
Chromaffin cells	SLC26A4	PDS|DFNB4
Chromaffin cells	AGRP	Agrt|ART|ASIP2
Chromaffin cells	IGF2	FLJ44734|IGF-II|C11orf43
Chromaffin cells	SNAP25	SNAP-25|RIC-4|RIC4|SEC9|bA416N4.2|dJ1068F16.2|SNAP
Chromaffin cells	SLC18A2	SVMT|SVAT|VMAT2
Chromaffin cells	SNAPIN	BLOC1S7|BORCS3|SNAPAP
Chromaffin cells	PNMT	PENT
Chromaffin cells	RAPGEF2	PDZ-GEF1|RA-GEF|DKFZP586O1422|KIAA0313|PDZGEF1
Chromaffin cells	SERPINE1	PAI|PLANH1|PAI1
Chromaffin cells	GJD2	CX36|GJA9
Chromaffin cells	CACNA1D	Cav1.3|CACH3|CACN4|CCHL1A2|CACNL1A2
Chromaffin cells	PIK3C2A	PI3K-C2alpha
Chromaffin cells	NCS1	NCS-1|FREQ
Chromaffin cells	PLD1	NA
Chromaffin cells	PLD2	NA
Chromaffin cells	DOC2B	DOC2BL
Chromaffin cells	UNC13A	KIAA1032|Munc13-1
Chromaffin cells	SLC18A1	CGAT|VMAT1|VAT1
Chromaffin cells	STX1A	HPC-1|p35-1|STX1
Chromaffin cells	NPY	PYY4
Chromaffin cells	NTRK1	TRKA|MTC
Chromaffin cells	P2RY1	P2Y1|SARCC
Chromaffin cells	SLC12A2	NKCC1|BSC|BSC2|PPP1R141
Chromaffin cells	CHGA	NA
Chromaffin cells	PLAT	NA
Ciliated cells	SEC14L3	TAP2
Ciliated cells	CCDC153	LOC283152
Ciliated cells	DYNLT1C	NA
Ciliated cells	FAM161A	FLJ13305|RP28
Ciliated cells	TMEM212	FLJ23172
Ciliated cells	USMG5	NA
Ciliated cells	CCDC181	FLJ25846|C1orf114
Ciliated cells	CES1D	NA
Ciliated cells	FOXJ1	HFH-4|HFH4|FKHL13
Ciliated cells	CCDC17	FLJ33084
Ciliated cells	CCDC39	DKFZp434A128|CILD14|FAP59
Ciliated cells	FAM177A	NA
Ciliated cells	ODF3B	NA
Ciliated cells	CYP2S1	NA
Ciliated cells	LRRC23	B7|LRPB7
Ciliated cells	SCGB1A1	CC10|CCSP|CC16|UGB
Ciliated cells	APPL2	FLJ10659|DIP13B
Ciliated cells	TUBB4B	Beta2|TUBB2C
Clara cells	SYT2	NA
Clara cells	CYP2E1	CYP2E
Clara cells	SCGB1A1	CC10|CCSP|CC16|UGB
Clara cells	FOXM1	HFH-11|trident|HNF-3|INS-1|MPP2|MPHOSPH2|TGT3|FKHL16
Clara cells	CYP2F2	NA
Clara cells	CTSE	NA
Clara cells	MUC5B	MG1
Clara cells	SCGB3A2	UGRP1|LU103|PNSP1
Clara cells	SFTPC	SP-C|PSP-C|SMDP2|BRICD6|SFTP2
Clara cells	MUC1	CD227|PEM|ADMCKD|ADMCKD1|MCKD|MCKD1
Clara cells	CYP4B1	NA
Clara cells	ALDH1A1	RALDH1|PUMB1|ALDH1
Clara cells	BPIFA1	LUNX|bA49G10.5|SPLUNC1|PLUNC
Clara cells	SCGB3A1	UGRP2|HIN-1|HIN1|LU105|PnSP-2
Clara cells	MUC4	NA
Clara cells	AHR	bHLHe76
Clara cells	MMP28	MMP-25|MM28|EPILYSIN|MMP-28
Clara cells	LEPR	OBR|CD295
Clara cells	ERN1	IRE1|IRE1P
Clara cells	SFTPA1	SP-A|SP-A1|COLEC4|SFTP1
Clara cells	CARM1	PRMT4
Clara cells	CYP2B10	NA
Clara cells	RAB3D	RAB16|D2-2|RAD3D|GOV
Clara cells	SFTPD	SP-D|COLEC7|SFTP4
Crypt cells	KCNE3	MiRP2
Crypt cells	KCNQ1	Kv7.1|KCNA8|KVLQT1|JLNS1|LQT1|LQT|KCNA9
Crypt cells	OLFM4	OlfD|GW112
Crypt cells	PROM1	AC133|CD133|RP41|CORD12|PROML1|STGD4
Crypt cells	LGR5	HG38|FEX|GPR67|GPR49
Crypt cells	EPHB2	Hek5|Tyro5|DRT|EPHT3
Crypt cells	ASCL2	HASH2|bHLHa45
Crypt cells	BMI1	RNF51|PCGF4
Crypt cells	HOPX	LAGY|OB1|NECC1|SMAP31
Crypt cells	LRIG1	LIG-1|DKFZP586O1624|LIG1
Crypt cells	TERT	TRT|TCS1|hEST2|EST2
Crypt cells	MSI1	NA
Crypt cells	SMOC2	SMAP2
Crypt cells	TNFRSF19	TAJ-alpha|TROY|TAJ|TRADE
Crypt cells	SLC12A2	NKCC1|BSC|BSC2|PPP1R141
Crypt cells	AXIN2	MGC126582|DKFZp781B0869
Decidual cells	XCL1	LPTN|ATAC|SCM-1a|SCM-1|LTN|SCYC1
Decidual cells	IGFBP1	IGF-BP25|AFBP|hIGFBP-1|PP12
Decidual cells	XCL2	SCM-1b|SCYC2
Decidual cells	CTSW	NA
Decidual cells	IL32	NK4|TAIF|TAIFb|TAIFd
Decidual cells	TRDC	NA
Decidual cells	KLRC1	NKG2-A|NKG2-B|CD159a|NKG2
Decidual cells	PRL	NA
Decidual cells	CST7	NA
Decidual cells	AREG	SDGF|AREGB
Delta cells	PDX1	IDX-1|STF-1|PDX-1|MODY4|IPF1
Delta cells	FFAR4	PGR4|GPR129|GPR120|O3FAR1
Delta cells	SST	SMST
Delta cells	PCSK9	NARC-1|FH3|HCHOLA3
Delta cells	RBP4	NA
Delta cells	PAX4	MODY9
Delta cells	RESP18	NA
Delta cells	HHEX	HEX|HOX11L-PEN|PRHX
Delta cells	ISL1	Isl-1|ISLET1
Delta cells	SCGN	SECRET|DJ501N12.8|SEGN|CALBL
Delta cells	KCNK16	K2p16.1|TALK-1|TALK1
Delta cells	IAPP	AMYLIN
Delta cells	FXYD2	MGC12372|ATP1G1|HOMG2
Delta cells	NPTX2	NA
Delta cells	GPC5-AS1	NA
Delta cells	UCP2	SLC25A8|BMIQ4
Delta cells	LEPR	OBR|CD295
Delta cells	BAIAP3	BAP3|KIAA0734
Delta cells	MS4A8	CD20L5|MS4A8B
Delta cells	CASR	FHH|NSHPT|GPRC2A|HHC|HHC1
Delta cells	BCHE	CHE2
Delta cells	GABRB3	NA
Delta cells	UNC5B	UNC5H2|p53RDL1
Delta cells	EDN3	ET3
Delta cells	PRG4	JCAP|SZP|HAPO|bG174L6.2|FLJ32635|CACP
Delta cells	GHSR	NA
Delta cells	FRZB	FRZB-PEN|FRZB1|SRFP3|FRP-3|SFRP3|FRE|FRITZ|FRZB-1|FZRB|hFIZ
Delta cells	PCSK1	PC1|NEC1
Delta cells	GABRG2	NA
Delta cells	POU3F1	OCT6|SCIP|OTF6
Delta cells	BHLHE41	DEC2|SHARP-1|SHARP1|bHLHe41|BHLHB3
Delta cells	EHF	ESE3|ESEJ
Delta cells	LCORL	MLR1|FLJ30696
Delta cells	ETV1	ER81
Dendritic cells	IL6	IL-6|BSF2|HSF|IFNB2
Dendritic cells	CD86	B7.2|B7-2|CD28LG2
Dendritic cells	CD83	HB15|BL11
Dendritic cells	CD1A	NA
Dendritic cells	CR2	CD21|C3DR
Dendritic cells	TLR9	CD289
Dendritic cells	CD1C	NA
Dendritic cells	CD209	DC-SIGN|CDSIGN|DC-SIGN1|CLEC4L
Dendritic cells	LAMP3	TSC403|DC-LAMP|DCLAMP|CD208
Dendritic cells	CD1B	NA
Dendritic cells	TREM2	TREM-2|Trem2a|Trem2b|Trem2c
Dendritic cells	FABP4	A-FABP|aP2
Dendritic cells	S100A9	MIF|NIF|LIAG|MRP14|MAC387|CGLB|CAGB
Dendritic cells	ARG1	NA
Dendritic cells	HLA-DRA	HLA-DRA1
Dendritic cells	HLA-DQA1	HLA-DQA
Dendritic cells	HLA-DMB	D6S221E|RING7
Dendritic cells	HLA-DMA	D6S222E|RING6
Dendritic cells	HLA-DQB1	HLA-DQB
Dendritic cells	CLEC10A	HML2|HML|CD301|CLECSF14
Dendritic cells	HLA-DRB1	HLA-DR1B
Dendritic cells	HLA-DPA1	HLA-DP1A
Dendritic cells	HLA-DPB1	HLA-DP1B
Dendritic cells	DNASE1L3	DNAS1L3|LSD
Dendritic cells	CLEC9A	UNQ9341|HEEE9341|CD370|DNGR-1
Dendritic cells	LILRB2	LIR-2|ILT4|MIR-10|LIR2|CD85d|MIR10
Dendritic cells	ETV6	TEL
Dendritic cells	CD163	MM130|SCARI1
Dendritic cells	CXCR4	LESTR|NPY3R|HM89|NPYY3R|D2S201E|fusin|HSY3RR|CD184
Dendritic cells	CXCL8	SCYB8|LUCT|LECT|MDNCF|TSG-1|IL-8|NAP-1|3-10C|MONAP|AMCF-I|LYNAP|NAF|b-ENAP|GCP-1|K60|GCP1|IL8
Dendritic cells	VSIG4	Z39IG
Dendritic cells	NR4A3	CSMF|MINOR
Dendritic cells	CCR7	BLR2|CDw197|CD197|CMKBR7|EBI1
Dendritic cells	TRAF1	EBI6
Dendritic cells	RELB	REL-B
Dendritic cells	BATF3	JUNDM1|SNFT
Dendritic cells	CCL22	STCP-1|ABCD-1|DC/B-CK|A-152E5.1|MGC34554|SCYA22
Dendritic cells	SLAMF7	CRACC|19A|CS1|CD319
Dendritic cells	XCR1	GPR5|CCXCR1
Dendritic cells	H2-DMA	NA
Dendritic cells	CXCL16	SR-PSOX|CXCLG16|SRPSOX
Dendritic cells	SCIMP	DTFT5783|UNQ5783|FLJ32580|MGC163426|MGC163428|C17orf87
Dendritic cells	FCGR2B	CD32B
Dendritic cells	FGD2	ZFYVE4
Dendritic cells	RAB7B	MGC9726|MGC16212
Dendritic cells	NAAA	ASAHL
Dendritic cells	HCK	JTK9
Dendritic cells	CD180	RP105|Ly78|LY64
Dendritic cells	RETNLA	NA
Dendritic cells	HFE	HLA-H
Dendritic cells	CCR2	CC-CKR-2|CKR2|MCP-1-R|CD192|FLJ78302|CMKBR2
Dendritic cells	RYR1	RYR|PPP1R137|MHS|MHS1|CCO
Dendritic cells	ITGAE	CD103|HUMINAE
Dendritic cells	SEMA4A	SemB|FLJ12287|CORD10|SEMAB
Dendritic cells	DPP4	CD26|ADCP2
Dendritic cells	SLAMF8	BLAME|SBBI42|CD353
Dendritic cells	CXCR3	CKR-L2|CMKAR3|IP10-R|MigR|CD183|GPR9
Dendritic cells	BTLA	BTLA1|CD272
Dendritic cells	FLT3	FLK2|CD135
Dendritic cells	TLR3	CD283
Dendritic cells	H2-M2	NA
Dendritic cells	ITGAX	CD11c|CD11C
Dendritic cells	GPR132	G2A
Dendritic cells	ADAM19	MLTNB
Dendritic cells	AMICA1	NA
Dendritic cells	AP1S3	NA
Dendritic cells	ASS1	CTLN1|ASS
Dendritic cells	ADGRG5	PGR27|GPR114
Dendritic cells	GPR68	OGR1
Dendritic cells	H2-EB2	NA
Dendritic cells	KIT	CD117|SCFR|C-Kit|PBT
Dendritic cells	KLRI1	NA
Dendritic cells	KMO	NA
Dendritic cells	P2RY10	P2Y10
Dendritic cells	RAB30	NA
Dendritic cells	SEPT6	KIAA0128|SEPT2|MGC16619|MGC20339
Dendritic cells	ZBTB46	FLJ13502|BZEL|ZNF340|BTBD4
Dendritic cells	S100A4	P9KA|18A2|PEL98|42A|CAPL
Dendritic cells	CLEC7A	dectin-1|hDectin-1|CD369|SCARE2|CLECSF12
Dendritic cells	AIF1	IRT-1|AIF-1|Em:AF129756.17|IBA1
Dendritic cells	LST1	B144|D6S49E
Dendritic cells	CTSS	NA
Dendritic cells	CD209A	NA
Dendritic cells	CD209B	NA
Dendritic cells	IRF8	IRF-8|ICSBP|ICSBP1
Dendritic cells	H2-AB1	NA
Dendritic cells	ADGRE1	TM7LN3|EMR1
Dendritic cells	CCL17	TARC|ABCD-2|SCYA17
Dendritic cells	CD14	NA
Dendritic cells	CD207	Langerin|CLEC4K
Dendritic cells	CD8A	CD8
Dendritic cells	CX3CR1	CMKDR1|V28|GPR13|CMKBRL1
Dendritic cells	H2-EB1	NA
Dendritic cells	ITGAM	CD11b|CR3A|CD11B
Dendritic cells	LY75	DEC-205|CLEC13B|CD205
Dendritic cells	PDCD1LG2	PD-L2|Btdc|PDL2|bA574F11.2|CD273|B7-DC
Dendritic cells	PTPRC	T200|CD45
Dendritic cells	SIRPA	SHPS1|SIRP|MYD-1|BIT|SHPS-1|SIRPalpha|CD172a|SIRPalpha2|MFR|SIRP-ALPHA-1|PTPNS1
Dendritic cells	FCGR3A	CD16a
Dendritic cells	FTL	MGC71996|NBIA3
Dendritic cells	SERPINA1	AAT|A1A|PI1|alpha-1-antitrypsin|A1AT|alpha1AT|PI
Dendritic cells	AXL	UFO|JTK11|Tyro7
Dendritic cells	PPP1R14A	CPI-17|PPP1INL
Dendritic cells	SIGLEC6	OB-BP1|SIGLEC-6|CD327|CD33L|CD33L1
Dendritic cells	CD22	SIGLEC-2|SIGLEC2
Dendritic cells	DAB2	DOC-2
Dendritic cells	S100A8	P8|CGLA|CAGA
Dendritic cells	VCAN	PG-M|CSPG2
Dendritic cells	LYZ	NA
Dendritic cells	ANXA1	ANX1|LPC1
Dendritic cells	FCER1A	FCE1A
Dendritic cells	C1ORF54	FLJ23221
Dendritic cells	CADM1	NECL2|ST17|BL2|SYNCAM|IGSF4A|Necl-2|SYNCAM1|RA175|TSLC1|IGSF4
Dendritic cells	CAMK2D	CAMKD
Dendritic cells	LGALS3	MAC-2|GALIG|LGALS2
Dendritic cells	NAPSA	NAPA|Kdap
Dendritic cells	PLBD1	FLJ22662
Dendritic cells	RNASE6	RNaseK6|RNS6
Dendritic cells	PLAC8	onzin|C15
Dendritic cells	IFITM6	NA
Dendritic cells	EAR2	NA
Dendritic cells	H2AFY	macroH2A1.2
Dendritic cells	SLC11A1	NRAMP|NRAMP1
Dendritic cells	PDPN	T1A-2|Gp38|aggrus|PA2.26
Dendritic cells	S100B	S100beta
Dendritic cells	CD28	NA
Dendritic cells	PPL	NA
Dendritic cells	SLURP1	ANUP|MDM|ArsB|LY6LS
Dendritic cells	HLA-A	NA
Dendritic cells	HLA-B	NA
Dendritic cells	HLA-C	HLA-JY3|D6S204|PSORS1
Dendritic cells	HLA-DRB5	NA
Dendritic cells	SERPINB9	CAP3|PI9
Distal tubule cells	CLDN8	NA
Distal tubule cells	SLC12A3	NCCT
Distal tubule cells	UMOD	NA
Distal tubule cells	JAG1	AHD|AWS|HJ1|CD339|AGS|JAGL1
Distal tubule cells	CALB1	CALB
Distal tubule cells	PVALB	D22S749
Distal tubule cells	PGAM2	PGAM-M
Distal tubule cells	WNK4	PRKWNK4
Distal tubule cells	SGMS2	MGC26963|SMS2
Distal tubule cells	SLC16A7	MCT2
Distal tubule cells	LHX1	LIM-1
Distal tubule cells	ABCA13	FLJ33876|FLJ33951
Distal tubule cells	HOXB5OS	NA
Distal tubule cells	EMX1	NA
Distal tubule cells	TRPM6	CHAK2|FLJ22628|HOMG|HSH
Distal tubule cells	CWH43	FLJ21511|CWH43-C|PGAP2IP
Distal tubule cells	TRPM7	CHAK1|LTRPC7|TRP-PLIK
Distal tubule cells	UROC1	FLJ31300|HMFN0320
Distal tubule cells	TFRC	CD71|TFR1|p90
Distal tubule cells	LHX1OS	NA
Distal tubule cells	TSC22D2	KIAA0669|TILZ4a|TILZ4b|TILZ4c
Distal tubule cells	LARP1B	FLJ10378|DKFZp434K245|DKFZp686E0316|LARP2
Distal tubule cells	CLCNKB	hClC-Kb
Distal tubule cells	GBAS	NA
Distal tubule cells	KLHL3	KIAA1129
Distal tubule cells	KLK1	Klk6
Distal tubule cells	KCNJ1	Kir1.1|ROMK1
Distal tubule cells	HOXD8	HOX4E
Distal tubule cells	KL	NA
Distal tubule cells	EGF	NA
Distal tubule cells	TMEM213	NA
Distal tubule cells	KNG2	NA
Distal tubule cells	TMEM52B	FLJ31166|C12orf59
Distal tubule cells	WFDC15B	NA
Distal tubule cells	DEFB1	HBD-1|DEFB-1|DEFB101|HBD1|BD1|MGC51822
Distal tubule cells	FXYD2	MGC12372|ATP1G1|HOMG2
Distal tubule cells	USMG5	NA
Distal tubule cells	TRHDE	PGPEP2|TRH-DE|PAP-II
Distal tubule cells	KAP	NA
Distal tubule cells	ACSM2	NA
Distal tubule cells	KCNJ16	Kir5.1|BIR9
Distal tubule cells	RHCG	RHGK|PDRC2|SLC42A3|C15orf6
Distal tubule cells	SOSTDC1	DKFZp564D206|USAG1|DAND7
Distal tubule cells	SCNN1A	ENaCalpha|SCNN1
Distal tubule cells	VDR	NR1I1|PPP1R163
Distal tubule cells	WNK1	HSAN2|PPP1R167|PRKWNK1|HSN2
Distal tubule cells	SLC8A1	NCX1
Distal tubule cells	AQP2	NA
Distal tubule cells	AVPR2	V2R|DIR3|DIR
Dopaminergic neurons	TH	DYT5b
Dopaminergic neurons	SLC6A3	DAT
Dopaminergic neurons	FOXA2	HNF3B
Dopaminergic neurons	KCNJ6	Kir3.2|GIRK2|KATP2|BIR1|hiGIRK2|KCNJ7
Dopaminergic neurons	NR4A2	TINUR|NOT|RNR1|HZF-3|NURR1
Dopaminergic neurons	LMX1B	NPS1
Dopaminergic neurons	CACNA2D2	KIAA0558
Dopaminergic neurons	CADPS2	CAPS2
Dopaminergic neurons	CHRNA6	NA
Dopaminergic neurons	MAPK8IP2	IB2|JIP2|PRKM8IPL
Dopaminergic neurons	NTN1	NTN1L
Dopaminergic neurons	PRKCG	PKCC|MGC57564|PKCG|SCA14
Dopaminergic neurons	SCN2A	Nav1.2|HBSCII|SCN2A1|SCN2A2
Dopaminergic neurons	TENM1	TEN-M1|TNM|ODZ1
Dopaminergic neurons	ZIM3	ZNF657
Dopaminergic neurons	DDC	AADC
Dopaminergic neurons	SLC18A2	SVMT|SVAT|VMAT2
Dopaminergic neurons	SLC18A3	VACHT
Dopaminergic neurons	NEUROD6	Atoh2|NEX1M|Math-2|bHLHa2|Nex1
Dopaminergic neurons	SMAD3	JV15-2|HsT17436|MADH3
Dopaminergic neurons	PITX3	ASMD
Ductal cells	CFTR	ABC35|TNR-CFTR|CFTR/MRP|CF|ABCC7
Ductal cells	HNF1B	LFB3|VHNF1|HNF1beta|MODY5|TCF2
Ductal cells	KRT20	CK20|K20|MGC35423
Ductal cells	MUC1	CD227|PEM|ADMCKD|ADMCKD1|MCKD|MCKD1
Ductal cells	ONECUT1	HNF-6|HNF6|HNF6A
Ductal cells	AMBP	UTI|EDC1|HI30|IATIL|ITILC|ITI|ITIL
Ductal cells	HHEX	HEX|HOX11L-PEN|PRHX
Ductal cells	ANXA4	ANX4
Ductal cells	SPP1	BSPI|ETA-1|BNSP|OPN
Ductal cells	PDX1	IDX-1|STF-1|PDX-1|MODY4|IPF1
Ductal cells	SERPINA3	AACT
Ductal cells	CFB	H2-Bf|BFD|BF
Ductal cells	GDF15	PLAB|MIC-1|PDF|NAG-1|PTGFB
Ductal cells	AKR1C3	KIAA0119|DDX|HAKRB|PGFS|HSD17B5
Ductal cells	MMP7	PUMP-1|MPSL1
Ductal cells	DEFB1	HBD-1|DEFB-1|DEFB101|HBD1|BD1|MGC51822
Ductal cells	SERPING1	C1IN|C1-INH|HAE1|HAE2|C1NH
Ductal cells	TSPAN8	CO-029|TM4SF3
Ductal cells	CLDN10	OSP-L|CPETRL3
Ductal cells	SLPI	HUSI-I|BLPI|HUSI|WAP4|WFDC4
Ductal cells	SERPINA5	PAI3|PROCI|PLANH3|PCI
Ductal cells	PIGR	NA
Ductal cells	CLDN1	SEMP1|ILVASC
Ductal cells	LGALS4	GAL4
Ductal cells	PERP	PIGPC1|dJ496H19.1|KCP1|THW|KRTCAP1
Ductal cells	PDLIM3	NA
Ductal cells	WFDC2	HE4|WAP5|dJ461P17.6|EDDM4
Ductal cells	SLC3A1	CSNU1|D2H|RBAT|ATR1|NBAT
Ductal cells	AQP1	CHIP28|CO
Ductal cells	ALDH1A3	RALDH3|ALDH6
Ductal cells	VTCN1	B7-H4|FLJ22418|B7S1|B7X|B7H4
Ductal cells	KRT19	K19|CK19|K1CS|MGC15366
Ductal cells	TFF1	D21S21|pS2|pNR-2|HP1.A|BCEI
Ductal cells	TFF2	SML1
Ductal cells	KRT7	CK7|K2C7
Ductal cells	CLDN4	CPE-R|WBSCR8|hCPE-R|CPETR|CPETR1
Ductal cells	LAMB3	nicein-125kDa|kalinin-140kDa|BM600-125kDa|LAMNB1
Ductal cells	TACSTD2	TROP2|GA733-1|EGP-1|M1S1
Ductal cells	CCL2	MCP1|MCP-1|MCAF|SMC-CF|GDCF-2|HC11|MGC9434|SCYA2
Ductal cells	DCDC2	KIAA1154|DCDC2A|NPHP19|DFNB66
Ductal cells	CXCL2	SCYB2|GROb|MIP-2a|MGSA-b|CINC-2a|GRO2
Ductal cells	CTSH	ACC-4|ACC-5|ACC4|ACC5|CPSB
Ductal cells	S100A10	42C|CLP11|ANX2LG|CAL1L
Embryonic stem cells	MYC	c-Myc|bHLHe39|MYCC
Embryonic stem cells	FOXD3	Genesis|HFH2
Embryonic stem cells	POU5F1	Oct4|MGC22487|OTF3
Embryonic stem cells	FUT4	FUC-TIV|CD15|ELFT
Embryonic stem cells	CD24	CD24A
Embryonic stem cells	ITGA4	CD49d|CD49D
Embryonic stem cells	CDH1	uvomorulin|CD324|UVO
Embryonic stem cells	ABCG2	EST157481|MXR|BCRP|ABCP|CD338
Embryonic stem cells	PODXL	PCLP|Gp200|PC
Embryonic stem cells	ALPP	PALP
Embryonic stem cells	ZIC1	ZIC|ZNF201
Embryonic stem cells	PRDM5	NA
Embryonic stem cells	ANO6	DKFZp313M0720|TMEM16F
Embryonic stem cells	CDK8	K35
Embryonic stem cells	SLC46A2	Ly110|TSCOT
Embryonic stem cells	TEX19	FLJ35767
Embryonic stem cells	ZSCAN10	ZNF206
Embryonic stem cells	KCNIP3	DREAM|KCHIP3|CSEN
Embryonic stem cells	PCGF2	MEL-18|ZNF144|RNF110
Embryonic stem cells	NANOG	FLJ12581|FLJ40451
Embryonic stem cells	GAL	GMAP|GAL-GMAP|GLNN|GALN
Embryonic stem cells	PITX2	IGDS|Brx1|Otlx2|IRID2|IHG2|RIEG|RIEG1|RGS
Embryonic stem cells	BCL3	D19S37|BCL4
Embryonic stem cells	SALL4	dJ1112F19.1|ZNF797
Embryonic stem cells	DPPA5A	NA
Embryonic stem cells	TDGF1	CRIPTO|Cripto-1
Embryonic stem cells	HOXB5	HOX2A
Embryonic stem cells	SUMO2	SMT3B|SMT3H2
Embryonic stem cells	BNIP3	Nip3
Embryonic stem cells	GJC1	CX45|GJA7
Embryonic stem cells	TRIM6	RNF89
Embryonic stem cells	PUM2	PUMH2|KIAA0235
Embryonic stem cells	GJB4	CX30.3
Embryonic stem cells	SOX15	SOX27|SOX26|SOX20
Embryonic stem cells	UTF1	NA
Embryonic stem cells	GJB1	CX32|CMTX1|CMTX
Embryonic stem cells	LMNA	LMN1|CMD1A|LGMD1B
Embryonic stem cells	FBXO15	MGC39671|FBX15
Embryonic stem cells	PML	MYL|TRIM19|RNF71
Embryonic stem cells	THY1	CD90
Embryonic stem cells	KIT	CD117|SCFR|C-Kit|PBT
Embryonic stem cells	EPCAM	Ly74|TROP1|GA733-2|EGP34|EGP40|EGP-2|KSA|CD326|Ep-CAM|HEA125|KS1/4|MK-1|MH99|MOC31|323/A3|17-1A|TACST-1|CO-17A|M4S1|MIC18|TACSTD1
Embryonic stem cells	CD9	BA2|P24|TSPAN29|MRP-1|MIC3
Embryonic stem cells	ITGB1	CD29|GPIIA|FNRB|MSK12|MDF2
Embryonic stem cells	CD59	16.3A5|EJ16|EJ30|EL32|G344|p18-20|MIC11|MIN1|MSK21|MIN2|MIN3
Embryonic stem cells	PROM1	AC133|CD133|RP41|CORD12|PROML1|STGD4
Embryonic stem cells	PECAM1	CD31
Embryonic stem cells	ITGA6	CD49f
Embryonic stem cells	FZD1	DKFZp564G072
Embryonic stem cells	KITLG	SCF|Kitl|KL-1|FPH2|SLF|DFNA69
Embryonic stem cells	SOX2	NA
Embryonic stem cells	KLF4	EZF|GKLF
Embryonic stem cells	ZFP42	REX1|ZNF754
Embryonic stem cells	ZFX	ZNF926
Embryonic stem cells	TAF8	FLJ32821|TAF(II)43|TBN
Embryonic stem cells	HMGA2	BABL|LIPO|HMGIC
Embryonic stem cells	NACC1	NAC-1|BEND8|BTBD30|BTBD14B
Embryonic stem cells	NR6A1	GCNF1|RTR|CT150|GCNF
Embryonic stem cells	STAT3	APRF
Embryonic stem cells	LEF1	TCF1ALPHA|TCF10|TCF7L3
Embryonic stem cells	L1TD1	FLJ10884|ECAT11
Embryonic stem cells	KHDC3L	ECAT1|C6orf221
Embryonic stem cells	GDF3	NA
Embryonic stem cells	DPPA5	Esg1
Embryonic stem cells	DPPA4	FLJ10713
Embryonic stem cells	DPPA2	PESCRG1|CT100
Embryonic stem cells	DPPA3	Stella|Pgc7
Embryonic stem cells	SMAD1	MADR1|JV4-1|MADH1
Embryonic stem cells	SMAD5	Dwfc|JV5-1|MADH5
Embryonic stem cells	SMAD9	SMAD8|SMAD8/9|MADH9
Embryonic stem cells	SMAD4	DPC4|MADH4
Embryonic stem cells	SMAD2	MADR2|JV18-1|MADH2
Embryonic stem cells	SMAD3	JV15-2|HsT17436|MADH3
Embryonic stem cells	CTNNB1	beta-catenin|armadillo|CTNNB
Embryonic stem cells	HHEX	HEX|HOX11L-PEN|PRHX
Embryonic stem cells	HES1	FLJ20408|HES-1|Hes1|bHLHb39|HRY
Embryonic stem cells	ESRRB	ERR2|ERRbeta|NR3B2|ERRb|ESRL2|DFNB35
Embryonic stem cells	DNMT3B	NA
Embryonic stem cells	TRIM28	TIF1B|KAP1|TF1B|RNF96|PPP1R157
Embryonic stem cells	PIWIL1	PIWI|HIWI|CT80.1
Embryonic stem cells	PIWIL2	HILI|FLJ10351|Mili|CT80
Embryonic stem cells	PIWIL4	FLJ36156|HIWI2|Miwi2
Embryonic stem cells	LIFR	CD118
Embryonic stem cells	IL6ST	CD130
Embryonic stem cells	ZSCAN4D	NA
Endothelial cells	PECAM1	CD31
Endothelial cells	ICAM1	CD54
Endothelial cells	ITGB3	CD61|GPIIIa|GP3A
Endothelial cells	SELE	ESEL|CD62E|ELAM1|ELAM
Endothelial cells	VCAM1	CD106
Endothelial cells	MCAM	MUC18|CD146
Endothelial cells	PROCR	EPCR|CCD41|CD201
Endothelial cells	TEK	TIE2|TIE-2|VMCM1|CD202b|VMCM
Endothelial cells	FLT4	VEGFR3
Endothelial cells	APLN	apelin|XNPEP2
Endothelial cells	VWF	F8VWF
Endothelial cells	NOS3	ECNOS|eNOS
Endothelial cells	THBD	CD141
Endothelial cells	PLVAP	gp68|PV-1|PV1|FELS
Endothelial cells	ACKR1	CCBP1|GPD|Dfy|CD234|FY|DARC
Endothelial cells	SLCO1C1	OATP-F|OATP1C1|OATP1|SLC21A14
Endothelial cells	TMEM100	FLJ10970|FLJ37856
Endothelial cells	ADGRF5	DKFZp564O1923|KIAA0758|GPR116
Endothelial cells	ABCB1A	NA
Endothelial cells	ABCG2	EST157481|MXR|BCRP|ABCP|CD338
Endothelial cells	PODXL	PCLP|Gp200|PC
Endothelial cells	NOSTRIN	MGC20702
Endothelial cells	MFSD2A	FLJ14490|MFSD2
Endothelial cells	ACVRL1	HHT2|HHT|ACVRLK1|ORW2
Endothelial cells	AQP1	CHIP28|CO
Endothelial cells	MYLK	smMLCK|MYLK1|MLCK1
Endothelial cells	RASIP1	FLJ20401|RAIN
Endothelial cells	FLI1	SIC-1
Endothelial cells	TIE1	JTK14|TIE
Endothelial cells	APLNR	FLJ90771|APJ|APJR|AGTRL1
Endothelial cells	NRP2	VEGF165R2
Endothelial cells	ADAMTS1	C3-C5|METH1|KIAA1346
Endothelial cells	RPRM	FLJ90327|REPRIMO
Endothelial cells	FABP4	A-FABP|aP2
Endothelial cells	GPIHBP1	LOC338328|GPI-HBP1
Endothelial cells	FHL2	SLIM3|DRAL
Endothelial cells	LOX	NA
Endothelial cells	KLK1	Klk6
Endothelial cells	ADORA2A	RDC8|ADORA2
Endothelial cells	ARAP3	FLJ21065|DRAG1|CENTD3
Endothelial cells	ARHGEF15	KIAA0915|Vsm-RhoGEF|ARGEF15|FLJ13791|MGC44868
Endothelial cells	CARD10	CARMA3|BIMP1
Endothelial cells	CLEC14A	C14orf27
Endothelial cells	DLL4	NA
Endothelial cells	ESM1	NA
Endothelial cells	EXOC3L	NA
Endothelial cells	GIMAP5	HIMAP3|IAN5|IAN4L1
Endothelial cells	GJA4	CX37
Endothelial cells	MMRN2	EndoGlyx-1|FLJ13465|EMILIN3
Endothelial cells	NOTCH4	NA
Endothelial cells	NPR1	GUCY2A|ANPa|ANPRA|NPRA
Endothelial cells	PRKCH	PKC-L|PKCL|PRKCL
Endothelial cells	RASGRP3	KIAA0846|GRP3|CalDAG-GEFIII
Endothelial cells	ROBO4	FLJ20798|MRB|ECSM4
Endothelial cells	SCARF1	SREC|KIAA0149|SREC1
Endothelial cells	SOX18	NA
Endothelial cells	SOX7	NA
Endothelial cells	SPNS2	NA
Endothelial cells	THSD1	TMTSP
Endothelial cells	APOLD1	FLJ25138|DKFZP434F0318
Endothelial cells	EMP1	TMP|CL-20
Endothelial cells	CD36	SCARB3|GPIV|GP4|GP3B
Endothelial cells	RNASE1	RAC1|RNS1
Endothelial cells	CTGF	IGFBP8|CCN2
Endothelial cells	HYAL2	LuCa-2|LUCA2
Endothelial cells	CLEC4G	UNQ431|LSECtin
Endothelial cells	GPR182	hrhAMR|G10D|AM-R|ADMR
Endothelial cells	F8	FVIII|DXS1253E|HEMA|F8C
Endothelial cells	RBP7	CRBPIV
Endothelial cells	CALCRL	CGRPR|CRLR
Endothelial cells	FOXF1	FREAC1|FKHL5
Endothelial cells	CASZ1	FLJ20321|ZNF693|castor|cst|SRG
Endothelial cells	AQP7	AQP9|AQPap|AQP7L
Endothelial cells	TCF15	EC2|PARAXIS|bHLHa40
Endothelial cells	CD300LG	Trem4|CLM9
Endothelial cells	BTNL9	FLJ32535|BTN8
Endothelial cells	MEOX2	GAX
Endothelial cells	ERG	erg-3
Endothelial cells	HEXIM1	CLP-1|MAQ1
Endothelial cells	GLYCAM1	NA
Endothelial cells	CD55	TC|CROM|DAF
Endothelial cells	MMRN1	ECM|EMILIN4|GPIa*|MMRN
Endothelial cells	C7	NA
Endothelial cells	RAMP3	NA
Endothelial cells	VEGFC	NA
Endothelial cells	GJA5	CX40
Endothelial cells	HEY1	HESR-1|CHF2|HESR1|HRT-1|CHF-2|HERP2|bHLHb31
Endothelial cells	RND1	Rho6|ARHS|RHOS
Endothelial cells	BDP1	TFIIIB150|TFC5|KIAA1689|HSA238520|KIAA1241|TFNR|TAF3B1
Endothelial cells	CD46	TRA2.10|MGC26544|MIC10
Endothelial cells	MEOX1	NA
Endothelial cells	CCL19	ELC|MIP-3b|exodus-3|CKb11|SCYA19
Endothelial cells	CLCA3A1	NA
Endothelial cells	MADCAM1	MACAM1
Endothelial cells	CYP1B1	CP1B|GLC3A
Endothelial cells	IRX3	IRX-1
Endothelial cells	BIRC2	cIAP1|hiap-2|MIHB|RNF48|c-IAP1|API1
Endothelial cells	LYVE1	LYVE-1|XLKD1
Endothelial cells	SEMA3D	coll-2|Sema-Z2
Endothelial cells	SLCO1A4	NA
Endothelial cells	EMCN	MUC14
Endothelial cells	WFDC1	PS20
Endothelial cells	ADGRL4	ETL|ELTD1
Endothelial cells	VWA1	FLJ22215|VWA-1|WARP
Endothelial cells	ECE1	ECE
Endothelial cells	PTPRB	PTPB
Endothelial cells	CLDN5	CPETRL1|AWAL|TMVCF
Endothelial cells	SDPR	NA
Endothelial cells	CAR4	NA
Endothelial cells	TBX1	VCF
Endothelial cells	SEMA7A	H-Sema-L|CD108|SEMAL
Endothelial cells	FOXF2	FREAC2|FKHL6
Endothelial cells	PDGFB	SSV|SIS
Endothelial cells	ECSCR	ECSM2|ARIA
Endothelial cells	ELK3	ERP|SAP2
Endothelial cells	CDH5	7B4|CD144
Endothelial cells	PLEC	PLTN|EBS1|PLEC1
Endothelial cells	STAB1	KIAA0246|STAB-1|FEEL-1|CLEVER-1|FELE-1|FEX1|SCARH2
Endothelial cells	TGFBR2	TBRII|TBR-ii|MFS2
Endothelial cells	CD93	C1qRP|C1qR(P)|dJ737E23.1|CDw93|ECSM3|MXRA4|C1QR1
Endothelial cells	CXCL1	SCYB1|GROa|MGSA-a|NAP-3|MGSA|GRO1|FSP
Endothelial cells	LY6C1	NA
Endothelial cells	RGS5	NA
Endothelial cells	SLC7A5	E16|D16S469E|MPE16
Endothelial cells	ENG	END|HHT1|CD105|ORW1|ORW
Endothelial cells	KDR	FLK1|VEGFR|VEGFR2|CD309
Endothelial cells	SLC2A1	DYT18|DYT9|GLUT1|GLUT|HTLVR|CSE
Endothelial cells	EGFL7	ZNEU1
Endothelial cells	FLT1	VEGFR1|FLT
Endothelial cells	EPAS1	MOP2|PASD2|HIF2A|HLF|bHLHe73
Endothelial cells	EDNRB	ETB|HSCR2|HSCR
Endothelial cells	KCNJ8	Kir6.1
Endothelial cells	CD82	R2|IA4|TSPAN27|ST6|KAI1
Endothelial cells	CHST1	KSGal6ST
Endothelial cells	PLAC8	onzin|C15
Endothelial cells	TSPAN8	CO-029|TM4SF3
Endothelial cells	ETS1	FLJ10768|ETS-1
Endothelial cells	CD34	NA
Endothelial cells	PDPN	T1A-2|Gp38|aggrus|PA2.26
Endothelial cells	PROX1	NA
Endothelial cells	EHD3	PAST3
Endothelial cells	SRGN	PPG
Endothelial cells	S100A10	42C|CLP11|ANX2LG|CAL1L
Endothelial cells	CLIC4	DKFZP566G223|CLIC4L|P64H1|huH1|p64H1
Endothelial cells	LY6A	NA
Endothelial cells	USHBP1	MCC2|AIEBP|FLJ38709
Endothelial cells	MYF6	MRF4|bHLHc4
Endothelial cells	OIT3	LZP|FLJ39116
Endothelial cells	IL1A	IL1F1|IL-1A|IL1-ALPHA|IL1
Endothelial cells	BMP2	BMP2A
Endothelial cells	C1QTNF1	CTRP1|ZSIG37|FLJ90694
Endothelial cells	PCDH12	VE-cadherin-2
Endothelial cells	DPP4	CD26|ADCP2
Endothelial cells	IGFBP7	MAC25|IGFBP-7|FSTL2
Endothelial cells	PALMD	FLJ20271|PALML|C1orf11
Endothelial cells	POSTN	OSF-2|PN|periostin
Endothelial cells	BMX	PSCTK3
Endothelial cells	SLC38A5	SN2|JM24
Endothelial cells	XDH	XOR|XO
Endothelial cells	SPARC	ON
Endothelial cells	MGLL	HU-K5|MGL
Endothelial cells	SLC9A3R2	TKA-1|NHERF-2|E3KARP
Endothelial cells	RGCC	bA157L14.2|RGC-32|RGC32|C13orf15
Endothelial cells	ICAM2	CD102
Endothelial cells	MGP	NA
Endothelial cells	SPARCL1	MAST9
Endothelial cells	TM4SF1	M3S1
Endothelial cells	ID1	dJ857M17.1.2|bHLHb24
Endothelial cells	ADIRF	APM2|AFRO|C10orf116
Endothelial cells	CD9	BA2|P24|TSPAN29|MRP-1|MIC3
Endothelial cells	SRPX	ETX1
Endothelial cells	ID3	HEIR-1|bHLHb25
Endothelial cells	CAV1	NA
Endothelial cells	GNG11	GNGT11
Endothelial cells	HSPG2	perlecan|PRCAN|SJS1
Endothelial cells	CCL14	HCC-1|HCC-3|NCC-2|SCYL2|CKb1|MCIF|SCYA14
Endothelial cells	CLEC1B	CLEC2
Endothelial cells	FCN2	P35|FCNL|EBP-37|ficolin-2
Endothelial cells	S100A13	NA
Endothelial cells	FCN3	FCNH|HAKA1
Endothelial cells	CRHBP	CRF-BP|CRFBP
Endothelial cells	IFI27	P27|FAM14D|ISG12
Endothelial cells	CCL23	Ckb-8|MPIF-1|MIP-3|CKb8|SCYA23
Endothelial cells	SGK1	SGK
Endothelial cells	DNASE1L3	DNAS1L3|LSD
Endothelial cells	LIFR	CD118
Endothelial cells	PCAT19	LINC01190|LOC100505495
Endothelial cells	CDKN1C	P57|BWCR|BWS
Endothelial cells	INMT	NA
Endothelial cells	PTGDS	L-PGDS
Endothelial cells	TIMP3	NA
Endothelial cells	GPM6A	GPM6
Endothelial cells	FAM167B	MGC10820|C1orf90
Endothelial cells	LTC4S	MGC33147
Endothelial cells	STAB2	DKFZP434E0321|FELL|STAB-2|HARE|FEEL-2|SCARH1
Endothelial cells (aorta)	ITGA5	CD49e|FNRA
Endothelial cells (aorta)	TMTC2	DKFZp762A217
Endothelial cells (aorta)	NR1D1	ear-1|hRev|Rev-ErbAalpha|REVERBA|REVERBalpha|THRAL
Endothelial cells (aorta)	HFE	HLA-H
Endothelial cells (aorta)	PKN3	PKNbeta|UTDP4-1
Endothelial cells (aorta)	SULT1A1	P-PST|STP1
Endothelial cells (aorta)	TMTC1	ARG99|OLF|FLJ31400|FLJ41625
Endothelial cells (aorta)	SHE	NA
Endothelial cells (aorta)	ITGBL1	TIED
Endothelial cells (aorta)	GRASP	Tamalin
Endothelial cells (aorta)	ENPP4	NPP4|KIAA0879
Endothelial cells (aorta)	ARHGEF15	KIAA0915|Vsm-RhoGEF|ARGEF15|FLJ13791|MGC44868
Endothelial cells (aorta)	TMEM184B	HS5O6A|DKFZP586A1024|FM08|C22orf5
Endothelial cells (aorta)	FOXC2	MFH-1|FKHL14
Endothelial cells (aorta)	DHH	HHG-3|MGC35145
Endothelial cells (aorta)	DENND5B	MGC24039
Endothelial cells (aorta)	KAZALD1	FKSG40|FKSG28
Endothelial cells (aorta)	FGD5	ZFYVE23|FLJ39957|FLJ00274
Endothelial cells (aorta)	FAS	CD95|APO-1|FAS1|APT1|TNFRSF6
Endothelial cells (aorta)	ITGB4	CD104
Endothelial cells (aorta)	EMILIN1	DKFZp586M121|gp115
Endothelial cells (aorta)	MICAL2	KIAA0750
Endothelial cells (aorta)	NKX2-3	NKX2.3|CSX3|NKX4-3|NKX2C
Endothelial cells (aorta)	STXBP6	amisyn|HSPC156
Endothelial cells (aorta)	SYNPO	KIAA1029
Endothelial cells (aorta)	ATP2A3	SERCA3
Endothelial cells (aorta)	GIMAP4	HIMAP4|FLJ11110|IMAP4|IAN1
Endothelial cells (aorta)	SQRDL	NA
Endothelial cells (aorta)	CMKLR1	RVER1
Endothelial cells (aorta)	ITGA9	RLC|ITGA4L|ALPHA-RLC
Endothelial cells (aorta)	SMAD6	HsT17432
Endothelial cells (aorta)	EFNB2	LERK5|Htk-L|HTKL|MGC126226|MGC126227|MGC126228|EPLG5
Endothelial cells (aorta)	LOX	NA
Endothelial cells (aorta)	FZD4	CD344
Endothelial cells (aorta)	NTN1	NTN1L
Endothelial cells (aorta)	NPR1	GUCY2A|ANPa|ANPRA|NPRA
Endothelial cells (aorta)	ARL4D	ARF4L
Endothelial cells (aorta)	HEY2	bHLHb32|HERP1|HESR2
Endothelial cells (aorta)	HYAL2	LuCa-2|LUCA2
Endothelial cells (aorta)	FKBP7	FKBP23
Endothelial cells (aorta)	NXN	FLJ12614|NRX
Endothelial cells (aorta)	PDIA5	FLJ30401
Endothelial cells (aorta)	APH1B	PSFL|APH-1B|DKFZp564D0372
Endothelial cells (aorta)	GSTT1	NA
Endothelial cells (aorta)	SOX18	NA
Endothelial cells (aorta)	WBP1L	FLJ20154|OPAL1|C10orf26
Endothelial cells (aorta)	LAMB2	NPHS5|LAMS
Endothelial cells (aorta)	CHST12	C4S-2|C4ST2
Endothelial cells (aorta)	P3H3	GRCB|HSU47926|LEPREL2
Endothelial cells (aorta)	KLK10	NES1
Endothelial cells (aorta)	MALL	BENE
Endothelial cells (aorta)	CLEC1A	CLEC1|MGC34328
Endothelial cells (aorta)	MARVELD1	MGC4415|GB14|FLJ23440|FLJ22343|bA548K23.8|MRVLDC1
Endothelial cells (aorta)	FAM198B	FLJ38155|DKFZp434L142|ENED|C4orf18
Endothelial cells (aorta)	THBD	CD141
Endothelial cells (aorta)	NOS3	ECNOS|eNOS
Endothelial cells (aorta)	TNS2	KIAA1075|C1-TEN|TENC1
Endothelial cells (aorta)	ATL2	ARL6IP2
Endothelial cells (aorta)	ACKR3	GPR159|CMKOR1|CXCR7
Endothelial cells (aorta)	COL4A4	CA44
Endothelial cells (aorta)	CALCRL	CGRPR|CRLR
Endothelial cells (aorta)	CAR8	NA
Endothelial cells (aorta)	COL4A3	NA
Endothelial cells (aorta)	PER3	NA
Endothelial cells (aorta)	STAB1	KIAA0246|STAB-1|FEEL-1|CLEVER-1|FELE-1|FEX1|SCARH2
Endothelial cells (aorta)	CYP1B1	CP1B|GLC3A
Endothelial cells (aorta)	EPHX2	NA
Endothelial cells (aorta)	KLK8	HNP|TADG14|ovasin|PRSS19
Endothelial cells (aorta)	SSFA2	NA
Endothelial cells (aorta)	BACE2	CEAP1|DRAP|ALP56|AEPLC
Endothelial cells (aorta)	BMP6	VGR1|VGR
Endothelial cells (aorta)	ADH1	NA
Endothelial cells (aorta)	H2-Q6	NA
Endothelial cells (aorta)	SULF1	KIAA1077|SULF-1|hSulf-1
Endothelial cells (aorta)	CPQ	LDP|PGCP
Endothelial cells (aorta)	PI16	MGC45378|dJ90K10.5|MSMBBP|CD364
Endothelial cells (aorta)	AMIGO2	ALI1|DEGA
Endothelial cells (aorta)	PTPRJ	DEP1|HPTPeta|CD148
Endothelial cells (aorta)	TRIM47	GOA|RNF100
Endothelial cells (aorta)	LMCD1	NA
Endothelial cells (aorta)	PDE3A	CGI-PDE
Endothelial cells (aorta)	BMX	PSCTK3
Endothelial cells (aorta)	PROCR	EPCR|CCD41|CD201
Endothelial cells (aorta)	SMOC1	NA
Endothelial cells (aorta)	CRACR2B	MGC45840|EFCAB4A
Endothelial cells (aorta)	GJA5	CX40
Endothelial cells (aorta)	BMP4	BMP2B
Endothelial cells (aorta)	SOD3	EC-SOD
Endothelial cells (aorta)	ADH7	ADH-4
Endothelial cells (aorta)	PCOLCE2	PCPE2
Endothelial cells (aorta)	PTGIS	PGIS|CYP8A1
Endothelial cells (aorta)	ACE	ACE1|CD143|DCP1
Endothelial cells (aorta)	GXYLT2	GLT8D4
Endothelial cells (aorta)	GKN3	NA
Endothelial cells (aorta)	CYTL1	C17|C4orf4
Endothelial cells (aorta)	EHD3	PAST3
Endothelial cells (blood brain barrier)	ABCG2	EST157481|MXR|BCRP|ABCP|CD338
Endothelial cells (blood brain barrier)	GFAP	FLJ45472
Endothelial cells (blood brain barrier)	GPR37L1	ETBR-LP-2
Endothelial cells (blood brain barrier)	SLC13A4	SUT-1|SUT1
Endothelial cells (blood brain barrier)	SLC19A1	FOLT|RFC1
Endothelial cells (blood brain barrier)	SLC23A2	SVCT2|KIAA0238|YSPL2|SLC23A1
Endothelial cells (blood brain barrier)	SLC38A3	SN1
Endothelial cells (blood brain barrier)	TNFRSF19	TAJ-alpha|TROY|TAJ|TRADE
Endothelial cells (blood brain barrier)	TNFRSF21	DR6|CD358
Endothelial cells (blood brain barrier)	FOXF2	FREAC2|FKHL6
Endothelial cells (blood brain barrier)	FOXL2	BPES1|BPES
Endothelial cells (blood brain barrier)	FOXQ1	HFH1
Endothelial cells (blood brain barrier)	LEF1	TCF1ALPHA|TCF10|TCF7L3
Endothelial cells (blood brain barrier)	PPARD	NUC1|NUCII|FAAR|NR1C2
Endothelial cells (blood brain barrier)	ZFP551	NA
Endothelial cells (blood brain barrier)	ZIC3	HTX|ZNF203|HTX1
Endothelial cells (blood brain barrier)	ALCAM	CD166|MEMD
Enteric glia cells	GFRA3	GFRa-3
Enteric glia cells	MPZ	HMSNIB|CMT2I|CMT2J|CMT1|CMT1B
Enteric glia cells	LGI4	NA
Enteric glia cells	RGS16	A28-RGS14|RGS-r
Enteric glia cells	ALDH1A1	RALDH1|PUMB1|ALDH1
Enteric glia cells	L1CAM	CD171|HSAS1|SPG1|HSAS|MIC5
Enteric glia cells	CXCL14	BRAK|NJAC|bolekine|Kec|MIP-2g|BMAC|SCYB14
Enteric glia cells	DKK3	REIC
Enteric glia cells	INTS6	DICE1|HDB|Notchl2|DBI-1|DDX26A|DDX26
Enteric glia cells	DHRS3	retSDR1|Rsdr1|RDH17|SDR16C1
Enteric glia cells	SOX10	DOM|WS4|WS2E
Enteric glia cells	GFAP	FLJ45472
Enteric glia cells	S100B	S100beta
Enteric glia cells	NOS2	iNOS|HEP-NOS|NOS2A
Enteric glia cells	FOXD3	Genesis|HFH2
Enteric glia cells	ALDH1A3	RALDH3|ALDH6
Enteric glia cells	SLC18A2	SVMT|SVAT|VMAT2
Enteric neurons	HIVEP3	KRC|KBP1|KBP-1|SHN3|FLJ16752|KIAA1555|ZAS3|Schnurri-3|ZNF40C
Enteric neurons	PLEKHA5	KIAA1686|FLJ10667
Enteric neurons	IGF2BP3	IMP-3|CT98
Enteric neurons	ARHGAP26	GRAF|KIAA0621|OPHN1L|OPHN1L1
Enteric neurons	TTBK2	KIAA0847|SCA11
Enteric neurons	ASTN1	ASTN
Enteric neurons	CACNA1E	Cav2.3|BII|CACH6|CACNL1A6
Enteric neurons	TUB	rd5
Enteric neurons	FILIP1	FILIP|KIAA1275
Enteric neurons	GCNT2	IGNT|NAGCT1|bA421M1.1|bA360O19.2|ULG3|NACGT1|II|GCNT5|CCAT
Enteric neurons	VEZT	DKFZP761C241
Enteric neurons	RET	CDHF12|RET51|CDHR16|HSCR1|MEN2A|MTC1|MEN2B
Enteric neurons	AHDC1	DJ159A19.3|RP1-159A19.1
Enteric neurons	MAP6	KIAA1878|STOP|FLJ41346|MAP6-N
Enteric neurons	RGMB	FLJ90406|DRAGON
Enteric neurons	FBXO7	FBX7|Fbx|PARK15
Enteric neurons	PPP2R5B	FLJ35411|B56B|PR61B|B56beta
Enteric neurons	SNX21	dJ337O18.4|SNX-L|C20orf161
Enteric neurons	FSTL5	DKFZp566D234|KIAA1263
Enteric neurons	LIX1	Lft|C5orf11
Enteric neurons	RGS3	C2PA|FLJ20370|PDZ-RGS3
Enteric neurons	CYTH3	GRP1|ARNO3|cytohesin-3|PSCD3
Enteric neurons	TSHZ1	NY-CO-33|SDCCAG33
Enteric neurons	STXBP5	tomosyn|LLGL3
Enteric neurons	ATF5	NA
Enteric neurons	DMKN	ZD52F10
Enteric neurons	CACNA1B	Cav2.2|CACNN|CACNL1A5
Enteric neurons	PIK3CA	PI3K
Enteric neurons	ZDHHC2	ZNF372|DHHC2
Enteric neurons	MYL1	NA
Enteric neurons	EML5	HuEMAP-2
Enteric neurons	MFSD6	FLJ20160
Enteric neurons	SCN7A	Nav2.1|Nav2.2|NaG|SCN6A
Enteric neurons	ARHGEF28	RGNEF|p190RhoGEF
Enteric neurons	HAND2	dHand|Thing2|Hed|bHLHa26
Enteric neurons	VSTM2L	dJ1118M15.2|C20orf102
Enteric neurons	FAM19A5	TAFA-5
Enteric neurons	EFNA5	AF1|LERK7|EPLG7
Enteric neurons	HOXB4	HOX2F
Enteric neurons	TLX2	Enx|Tlx2|NCX|HOX11L1
Enteric neurons	GOLGA7B	bA459F3.4|bA451M19.3|C10orf133|C10orf132
Enteric neurons	SLC18A3	VACHT
Enteric neurons	TOX	KIAA0808|TOX1
Enteric neurons	CELF6	BRUNOL6
Enteric neurons	GPR22	NA
Enteric neurons	PLCE1	KIAA1516|NPHS3
Enteric neurons	CYB561	FRRS2|CYB561A1
Enteric neurons	GFRA2	RETL2|GDNFRB|NTNRA|TRNR2
Enteric neurons	FLOT2	ECS-1|ECS1|M17S1
Enteric neurons	SLC7A14	KIAA1613|PPP1R142
Enteric neurons	JPH3	JP-3|CAGL237|HDL2|JP3|TNRC22
Enteric neurons	CASZ1	FLJ20321|ZNF693|castor|cst|SRG
Enteric neurons	TAC1	NPK|TAC2|NKNA
Enteric neurons	SCN3A	Nav1.3
Enteric neurons	CHRNA3	NA
Enteric neurons	PARVA	FLJ12254|FLJ10793|MXRA2
Enteric neurons	SLC10A4	MGC29802
Enteric neurons	TM4SF4	il-TMP
Enteric neurons	FAM19A1	TAFA-1|TAFA1
Enteric neurons	SLC5A7	hCHT|CHT1
Enteric neurons	PHOX2B	Phox2b|NBPhox|PMX2B
Enteric neurons	PIRT	NA
Enteric neurons	HOXB5	HOX2A
Enteric neurons	HOXA5	HOX1C
Enteric neurons	GAL	GMAP|GAL-GMAP|GLNN|GALN
Enteric neurons	CARTPT	CART
Enteric neurons	NMU	NA
Enteric neurons	VIP	NA
Enteric neurons	CCK	NA
Enterochromaffin cells	REG4	REG-IV|RELP|GISP
Enterochromaffin cells	AFP	FETA|HPAFP
Enterochromaffin cells	SLC18A1	CGAT|VMAT1|VAT1
Enterochromaffin cells	LMX1A	LMX1.1|LMX1
Enterochromaffin cells	TRPA1	ANKTM1
Enterochromaffin cells	FGF1	AFGF|ECGF|ECGFA|ECGFB|HBGF1|ECGF-beta|FGF-alpha|GLIO703|FGFA
Enterochromaffin cells	PIEZO2	FLJ23403|FLJ23144|HsT748|HsT771|FLJ34907|FAM38B2|C18orf30|C18orf58|FAM38B
Enterochromaffin cells	ADGRG4	RP1-299I16|PGR17|GPR112
Enterochromaffin cells	ADM	AM
Enterochromaffin cells	TPH1	TPRH|TPH
Enterochromaffin cells	CRH	CRH1
Enterochromaffin cells	GJB1	CX32|CMTX1|CMTX
Enterocytes	GATA4	NA
Enterocytes	LYPD8	NA
Enterocytes	NLRP6	PYPAF5|PAN3|CLR11.4|NALP6
Enterocytes	KRT20	CK20|K20|MGC35423
Enterocytes	MYO1A	MYHL|DFNA48
Enterocytes	PPARG	PPARG1|PPARG2|NR1C3|PPARgamma
Enterocytes	SLC15A1	PEPT1|HPECT1|HPEPT1
Enterocytes	FLOT2	ECS-1|ECS1|M17S1
Enterocytes	APOBEC1	CDAR1|APOBEC-1|HEPR
Enterocytes	PLIN3	TIP47|M6PRBP1
Enterocytes	SLC10A2	ASBT|ISBT
Enterocytes	SLC40A1	MTP1|IREG1|FPN1|HFE4|SLC11A3
Enterocytes	SLC5A1	D22S675|NAGT|SGLT1
Enterocytes	TTC7A	KIAA1140|TTC7
Enterocytes	NPC1L1	SLC65A2
Enterocytes	FABP1	L-FABP
Enterocytes	ANPEP	gp150|CD13|PEPN
Enterocytes	CA1	Car1
Enterocytes	CPS1	NA
Enterocytes	DPP4	CD26|ADCP2
Enterocytes	SLC2A5	GLUT5
Enterocytes	ALPI	NA
Enterocytes	FABP2	I-FABP
Enterocytes	LCT	NA
Enterocytes	SI	NA
Enterocytes	VIL1	D2S1471|VIL
Enterocytes	CLCA4B	NA
Enterocytes	FUOM	FLJ26016|FucU|FucM|C10orf125
Enterocytes	FAHD1	DKFZP566J2046|C16orf36
Enterocytes	OTC	NA
Enterocytes	CDH17	HPT-1|cadherin
Enterocytes	KHK	NA
Enterocytes	ABHD11	PP1226|WBSCR21
Enterocytes	OLFR77	NA
Enterocytes	VDR	NR1I1|PPP1R163
Enterocytes	EHF	ESE3|ESEJ
Enterocytes	CDC42EP5	CEP5|Borg3
Enterocytes	DEFA24	NA
Enterocytes	CASP6	NA
Enterocytes	HNF4A	NR2A1|HNF4|TCF14|MODY|MODY1
Enterocytes	AQP1	CHIP28|CO
Enterocytes	TMEM45B	BC016153|FLJ40787
Enterocytes	RGMB	FLJ90406|DRAGON
Enterocytes	PDHA1	PDHA
Enterocytes	CDO1	NA
Enterocytes	ELF3	ESE-1|ERT|ESX
Enterocytes	KRTCAP3	KCP3
Enterocytes	DEGS2	DES2|FADS8|C14orf66
Enterocytes	TMC4	NA
Enterocytes	PRSS32	NA
Enterocytes	PPP1R14D	FLJ20251|GBPI-1|MGC119014|MGC119016
Enterocytes	TM4SF5	NA
Enterocytes	RNF186	FLJ20225
Enterocytes	CEACAM1	BGP1|CD66a|BGP
Enterocytes	KLF5	IKLF|CKLF|BTEB2
Enterocytes	CDX1	NA
Enterocytes	CDX2	CDX3
Enterocytes	CLDN15	NA
Enterocytes	ASCL2	HASH2|bHLHa45
Enterocytes	SMOC2	SMAP2
Enterocytes	PRR15L	MGC11242|ATAD4
Enterocytes	FBP2	NA
Enterocytes	SDSL	SDS-RS1|cSDH
Enterocytes	GKN3	NA
Enterocytes	FERMT1	FLJ20116|URP1|KIND1|UNC112A|C20orf42
Enterocytes	ALDOB	NA
Enterocytes	MUC13	DRCC1
Enterocytes	PHGR1	NA
Enterocytes	PRAP1	NA
Enterocytes	CCL25	TECK|Ckb15|SCYA25
Enterocytes	LGALS2	HL14
Enterocytes	SPON2	DIL1
Enterocytes	ASPN	FLJ20129|SLRR1C|PLAP-1
Enterocytes	CTRB1	CTRB
Enterocytes	CD55	TC|CROM|DAF
Enterocytes	CDH19	CDH7
Enterocytes	SLC35F1	dJ230I3.1|C6orf169
Enterocytes	G0S2	NA
Enterocytes	GULP1	CED6|CED-6|GULP
Enterocytes	NKD2	Naked2
Enterocytes	COL18A1	KNO1|KNO
Enterocytes	SOX10	DOM|WS4|WS2E
Enterocytes	COL20A1	KIAA1510
Enterocytes	PMEPA1	STAG1|TMEPAI
Enterocytes	GFRA2	RETL2|GDNFRB|NTNRA|TRNR2
Enterocytes	ART3	NA
Enterocytes	SLC26A2	DTDST
Enterocytes	CAR1	NA
Enterocytes	TRY4	NA
Enterocytes	TRY5	NA
Enterocytes	PRSS2	TRY2
Enterocytes	L1CAM	CD171|HSAS1|SPG1|HSAS|MIC5
Enterocytes	SLC11A2	DCT1|NRAMP2
Enterocytes	SLC26A3	DRA|CLD
Enterocytes	APOA1	NA
Enterocytes	APOA4	NA
Enterocytes	CBR1	SDR21C1|CBR
Enterocytes	EPHX2	NA
Enterocytes	GSTM3	GST5
Enterocytes	ADH6A	NA
Enterocytes	CREB3L3	CREB-H
Enterocytes	MEP1A	PPHA
Enterocytes	FGF15	NA
Enterocytes	MUC3	NA
Enterocytes	CLEC2H	NA
Enterocytes	FABP6	I-15P|ILLBP|I-BAP|ILBP3|I-BABP|ILBP|I-BALB
Enterocytes	RBP2	CRBP2|RBPC2|CRBPII
Enterocytes	CYP3A4	CYP3A3
Enterocytes	APOB	NA
Enterocytes	MTTP	MTP
Enterocytes	SLC2A2	GLUT2
Enterocytes	APOC3	NA
Enterocytes	UGT2B17	NA
Enterocytes	CD36	SCARB3|GPIV|GP4|GP3B
Enterocytes	REG3A	REG-III|REG3|PBCGF
Enterocytes	ISX	RAXLX
Enterocytes	AQP10	NA
Enterocytes	S100G	CABP9K|CABP1|CALB3
Enterocytes	BEST4	VMD2L2
Enterocytes	SLC28A1	CNT1
Enterocytes	SLC28A2	CNT2|SPNT1|HCNT2|HsT17153
Enterocytes	SLC30A10	DKFZp547M236|ZnT-10
Enterocytes	SLC51B	OSTbeta
Enterocytes	VNN1	Tiff66
Enterocytes	SLC23A1	YSPL3|SVCT1|SLC23A2
Enterocytes	TREH	TREA|MGC129621
Enterocytes	ABCC2	DJS|cMRP|CMOAT
Enterocytes	ABCG5	STSL
Enterocytes	SLC52A1	FLJ10060|GPCR42|hRFT1|RFVT1|GPR172B
Enterocytes	CYP3A7	CP37|P450-HFLA
Enterocytes	DMBT1	GP340|muclin|SALSA|Gp-340|hensin|vomeroglandin
Enterocytes	ABCG8	GBD4
Enterocytes	PLIN2	ADRP|ADFP
Enterocytes	GSTA1	NA
Enterocytes	CYBRD1	DCYTB|FLJ23462|FRRS3|CYB561A2
Enterocytes	ABCG2	EST157481|MXR|BCRP|ABCP|CD338
Enterocytes	NR1H4	FXR|RIP14|HRR1|HRR-1
Enterocytes	DAB1	NA
Enterocytes	TM6SF2	Lpr4
Enterocytes	NR5A2	FTZ-F1beta|hB1F|FTZ-F1|hB1F-2|B1F2|LRH1|FTF
Enterocytes	PDZK1	PDZD1|NHERF3
Enterocytes	ACSL5	ACS5|FACL5
Enterocytes	AQP11	NA
Enterocytes	AQP7	AQP9|AQPap|AQP7L
Enterocytes	AQP8	NA
Enterocytes	HMOX1	bK286B10|HO-1
Enterocytes	SLC39A5	NA
Enterocytes	SLC51A	OSTalpha
Enterocytes	TRPM6	CHAK2|FLJ22628|HOMG|HSH
Enterocytes	MOGAT2	MGAT2|DGAT2L5|FLJ22644
Enterocytes	GLS	KIAA0838|GLS1
Enterocytes	MAOA	NA
Enterocytes	DGAT1	ARGP1|DGAT
Enterocytes	DGAT2	NA
Enteroendocrine cells	NPSR1	PGR14|GPRA|GPR154
Enteroendocrine cells	FFAR3	FFA3R|GPR41
Enteroendocrine cells	SCN3A	Nav1.3
Enteroendocrine cells	NEUROG3	Atoh5|Math4B|ngn3|bHLHa7
Enteroendocrine cells	FFAR1	FFA1R|GPR40
Enteroendocrine cells	ARX	ISSX|CT121|EIEE1|MRXS1|PRTS|MRX76|MRX54|MRX43|MRX36|MRX29|MRX32|MRX33|MRX38|MRX87
Enteroendocrine cells	NKX2-2	NKX2.2|NKX2B
Enteroendocrine cells	SCT	NA
Enteroendocrine cells	CCK	NA
Enteroendocrine cells	GFRA3	GFRa-3
Enteroendocrine cells	VWA5B2	DKFZp761K032|LOC90113
Enteroendocrine cells	NEUROD1	BETA2|BHF-1|NeuroD|bHLHa3|MODY6|NEUROD
Enteroendocrine cells	SCGN	SECRET|DJ501N12.8|SEGN|CALBL
Enteroendocrine cells	PCSK1	PC1|NEC1
Enteroendocrine cells	ISL1	Isl-1|ISLET1
Enteroendocrine cells	FABP5	E-FABP|PA-FABP|KFABP
Enteroendocrine cells	TAC1	NPK|TAC2|NKNA
Enteroendocrine cells	RIMBP2	KIAA0318|RBP2|MGC15831|RIM-BP2|PPP1R133
Enteroendocrine cells	PAX6	D11S812E|AN2
Enteroendocrine cells	GIP	NA
Enteroendocrine cells	GLP1R	GLP-1R
Enteroendocrine cells	PYY	PYY1
Enteroendocrine cells	GLP2R	NA
Enteroendocrine cells	GAST	NA
Enteroendocrine cells	NTS	NA
Enteroendocrine cells	SST	SMST
Enteroendocrine cells	MLN	NA
Enteroendocrine cells	GPR119	hGPCR2|GPCR2
Enteroendocrine cells	GCG	GLP2|GRPP
Enteroendocrine cells	CHGB	SgI|SCG1
Enteroendocrine cells	CPE	NA
Enteroendocrine cells	GAL	GMAP|GAL-GMAP|GLNN|GALN
Enteroendocrine cells	NUCB2	NEFA
Enteroendocrine cells	IAPP	AMYLIN
Enteroendocrine cells	GHRL	MTLRP|ghrelin|obestatin
Enteroendocrine cells	CHGA	NA
Enteroendocrine cells	TRPA1	ANKTM1
Enteroendocrine cells	ENPP2	PD-IALPHA|PDNP2
Enteroendocrine cells	AFP	FETA|HPAFP
Enteroendocrine cells	VEGFA	VEGF-A|VPF|VEGF
Enteroendocrine cells	FFAR4	PGR4|GPR129|GPR120|O3FAR1
Enteroendocrine cells	MC4R	NA
Enteroendocrine cells	INSL5	NA
Enteroendocrine cells	SSTR2	NA
Enteroendocrine cells	ALCAM	CD166|MEMD
Enteroendocrine cells	TAS1R2	T1R2|GPR71
Enteroendocrine cells	TAS1R3	T1R3
Enteroendocrine cells	GNAT3	gustducin|GDCA
Eosinophils	C3AR1	C3AR|AZ3B
Eosinophils	FUT4	FUC-TIV|CD15|ELFT
Eosinophils	FCER2	CLEC4J|CD23|CD23A|FCE2
Eosinophils	C5AR1	C5A|C5AR|CD88|C5R1
Eosinophils	CXCR3	CKR-L2|CMKAR3|IP10-R|MigR|CD183|GPR9
Eosinophils	CCR1	MIP1aR|CD191|SCYAR1|CMKBR1
Eosinophils	CCR3	CC-CKR-3|CKR3|CD193|CMKBR3
Eosinophils	CD244	2B4|NAIL|NKR2B4|Nmrk|SLAMF4
Eosinophils	PTGDR2	CRTH2|CD294|GPR44
Eosinophils	S100A9	MIF|NIF|LIAG|MRP14|MAC387|CGLB|CAGB
Eosinophils	SIGLEC8	SIGLEC-8|SAF2|SIGLEC8L|MGC59785
Eosinophils	SIGLEC10	SIGLEC-10|SLG2|PRO940|MGC126774
Eosinophils	PGLYRP1	TAG7|PGRP|PGRP-S|PGRPS|TNFSF3L|PGLYRP
Eosinophils	LTC4S	MGC33147
Eosinophils	EAR1	NA
Eosinophils	EAR2	NA
Eosinophils	EPX	EPP|EPX-PEN
Eosinophils	CD69	CLEC2C
Eosinophils	RNASE3	ECP|RAF1|RNS3
Eosinophils	RNASE2	EDN|RAF3|RNS2
Eosinophils	IL5	IL-5|EDF
Eosinophils	PRG2	MBP|BMPG|proMBP
Eosinophils	PRG3	MBPH|MBP2
Eosinophils	CPA3	NA
Eosinophils	IKZF2	Helios|ZNFN1A2
Eosinophils	CCL11	eotaxin|MGC22554|SCYA11
Eosinophils	CCL5	RANTES|SISd|TCP228|MGC17164|D17S136E|SCYA5
Eosinophils	CSF2	GM-CSF|GMCSF
Eosinophils	IL5RA	CDw125|CD125|IL5R
Eosinophils	SIGLECF	NA
Ependymal cells	FOXJ1	HFH-4|HFH4|FKHL13
Ependymal cells	TRIM71	LIN41|LIN-41
Ependymal cells	SIX3	HPE2
Ependymal cells	USP18	NA
Ependymal cells	CETN4	NA
Ependymal cells	AQP4	MIWC
Ependymal cells	CELSR2	KIAA0279|MEGF3|Flamingo1|CDHF10|ADGRC2|EGFL2
Ependymal cells	AQP1	CHIP28|CO
Ependymal cells	GFAP	FLJ45472
Ependymal cells	ENKUR	MGC26778|enkurin|CFAP106|C10orf63
Ependymal cells	FAM216B	FLJ40919|C13orf30
Ependymal cells	KRT15	K15|CK15|K1CO
Ependymal cells	CATIP	MGC50811|C2orf62
Ependymal cells	DNAH12	DLP12|Dnahc3|HL-19|hdhc3|DHC3|FLJ40427|FLJ44290|DNHD2|DNAH12L|DNAH7L
Ependymal cells	FAM166B	NA
Ependymal cells	IQCG	DKFZp434B227|DRC9|CFAP122
Ependymal cells	SPEF2	KPL2|FLJ23577|CT122
Ependymal cells	RABL2	NA
Ependymal cells	MYO16	MYR8|KIAA0865|Myo16b|NYAP3|PPP1R107
Ependymal cells	ODF3B	NA
Ependymal cells	PLXNB2	MM1|KIAA0315|PLEXB2
Ependymal cells	TEKT1	NA
Ependymal cells	CHEK2	CDS1|CHK2|HuCds1|PP1425|bA444G7|RAD53
Ependymal cells	CROCC	rootletin|ROLT
Ependymal cells	NME9	TXL-2|NM23-H9|TXNDC6
Ependymal cells	CFAP126	Flattop|Fltp|C1orf192
Ependymal cells	MEIG1	bA2K17.3|SPATA39
Ependymal cells	HSPA2	NA
Ependymal cells	CFAP65	DKFZp434O0527|MGC35338|CCDC108
Ependymal cells	LRRC23	B7|LRPB7
Ependymal cells	TEKT4	MGC27019
Ependymal cells	CALML4	MGC4809|NY-BR-20
Ependymal cells	PIFO	FLJ23853|pitchfork|C1orf88
Ependymal cells	CRYGN	NA
Ependymal cells	HDC	NA
Ependymal cells	FAM183B	NA
Ependymal cells	PCP4L1	IQM1
Ependymal cells	DYNLRB2	DNLC2B|ROBLD2|DNCL2B
Ependymal cells	TMEM107	MGC10744
Ependymal cells	RIIAD1	FLJ36032|NCRNA00166|C1orf230
Ependymal cells	TMEM212	FLJ23172
Ependymal cells	RSPH1	FLJ32753|RSP44|RSPH10A|CILD24|TSGA2
Ependymal cells	CCDC153	LOC283152
Ependymal cells	S100B	S100beta
Ependymal cells	AK7	FLJ32864
Ependymal cells	RARRES2	TIG2|HP10433
Ependymal cells	PVALB	D22S749
Ependymal cells	ANGPTL2	NA
Ependymal cells	CFAP54	FLJ31514|FLJ44112|C12orf63|C12orf55
Ependymal cells	STOML3	SRO|Epb7.2l
Ependymal cells	PLTP	BPIFE
Ependymal cells	SSPO	SCO-spondin|KIAA0543|FLJ36112
Ependymal cells	EFNB3	LERK-8|EPLG8
Ependymal cells	MYB	c-myb
Ependymal cells	RFX2	FLJ14226
Ependymal cells	ZMYND10	BLU|CILD22|DNAAF7
Ependymal cells	AK8	FLJ32704|C9orf98
Ependymal cells	CFAP44	FLJ11142|WDR52
Ependymal cells	TM4SF1	M3S1
Epiblast cells	NANOG	FLJ12581|FLJ40451
Epiblast cells	POU5F1	Oct4|MGC22487|OTF3
Epiblast cells	ERAS	HRAS2|HRASP
Epiblast cells	CDH1	uvomorulin|CD324|UVO
Epiblast cells	EPCAM	Ly74|TROP1|GA733-2|EGP34|EGP40|EGP-2|KSA|CD326|Ep-CAM|HEA125|KS1/4|MK-1|MH99|MOC31|323/A3|17-1A|TACST-1|CO-17A|M4S1|MIC18|TACSTD1
Epiblast cells	CLDN6	NA
Epiblast cells	CLDN7	Hs.84359|CEPTRL2|CPETRL2
Epiblast cells	FGF15	NA
Epiblast cells	SLC35D3	FRCL1
Epiblast cells	TDGF1	CRIPTO|Cripto-1
Epiblast cells	CXCL12	SCYB12|SDF-1a|SDF-1b|PBSF|TLSF-a|TLSF-b|TPAR1|SDF1A|SDF1B|SDF1
Epiblast cells	SOX11	NA
Epiblast cells	LEF1	TCF1ALPHA|TCF10|TCF7L3
Epiblast cells	CRMP1	DPYSL1
Epiblast cells	DPYSL5	CRMP5|Ulip6|CRMP-5|CRAM
Epiblast cells	BCL11A	BCL11A-XL|BCL11A-L|BCL11A-S|CTIP1|HBFQTL5|ZNF856|EVI9
Epiblast cells	INA	NF-66|NEF5
Epiblast cells	MFAP2	MAGP|MAGP-1
Epithelial cells	CD24	CD24A
Epithelial cells	CEACAM1	BGP1|CD66a|BGP
Epithelial cells	ST6GAL1	SIAT1
Epithelial cells	ITGB4	CD104
Epithelial cells	IL1R1	D2S1473|CD121A|IL1R
Epithelial cells	PROM1	AC133|CD133|RP41|CORD12|PROML1|STGD4
Epithelial cells	CDH1	uvomorulin|CD324|UVO
Epithelial cells	KRT1	KRT1A
Epithelial cells	KRT7	CK7|K2C7
Epithelial cells	MUC1	CD227|PEM|ADMCKD|ADMCKD1|MCKD|MCKD1
Epithelial cells	ICAM1	CD54
Epithelial cells	KRT14	EBS3|EBS4
Epithelial cells	KRT5	KRT5A|EBS2
Epithelial cells	ITGAL	CD11A
Epithelial cells	CD2	NA
Epithelial cells	KLK3	NA
Epithelial cells	ITGA5	CD49e|FNRA
Epithelial cells	ITGA4	CD49d|CD49D
Epithelial cells	ITGA2	CD49b|CD49B
Epithelial cells	KRT3	CK3|K3
Epithelial cells	KRT16	NEPPK
Epithelial cells	SCNN1A	ENaCalpha|SCNN1
Epithelial cells	KRT15	K15|CK15|K1CO
Epithelial cells	ITGA1	VLA1|CD49a
Epithelial cells	KRT2	KRTE|KRT2A
Epithelial cells	KRT6	NA
Epithelial cells	SCNN1B	ENaCbeta
Epithelial cells	SCNN1D	ENaCdelta|dNaCh
Epithelial cells	SCNN1G	ENaCgamma|SCNEG
Epithelial cells	IFI16	IFNGIP1|PYHIN2
Epithelial cells	BOK	BCL2L9|BOKL|MGC4631
Epithelial cells	NKD1	NA
Epithelial cells	FZD6	Hfz6
Epithelial cells	DKK3	REIC
Epithelial cells	NRP2	VEGF165R2
Epithelial cells	KAP	NA
Epithelial cells	SFRP5	SARP3
Epithelial cells	RAI14	NORPEG|KIAA1334|RAI13|DKFZp564G013
Epithelial cells	DEFB1	HBD-1|DEFB-1|DEFB101|HBD1|BD1|MGC51822
Epithelial cells	KLK1	Klk6
Epithelial cells	AGR2	XAG-2|HAG-2|PDIA17
Epithelial cells	APOA1	NA
Epithelial cells	GPA33	A33
Epithelial cells	ANPEP	gp150|CD13|PEPN
Epithelial cells	APN	NA
Epithelial cells	CRYBA1	CRYB1
Epithelial cells	BMI1	RNF51|PCGF4
Epithelial cells	BRCA1	RNF53|PPP1R53|FANCS
Epithelial cells	MUC16	FLJ14303
Epithelial cells	CEACAM5	CD66e
Epithelial cells	CTSE	NA
Epithelial cells	SCGB1A1	CC10|CCSP|CC16|UGB
Epithelial cells	DESMIN	NA
Epithelial cells	EXO1	HEX1|hExoI
Epithelial cells	FOXA1	HNF3A
Epithelial cells	GABRP	NA
Epithelial cells	GGT1	D22S672|D22S732|CD224
Epithelial cells	SFN	YWHAS
Epithelial cells	KRT13	CK13|MGC3781|MGC161462
Epithelial cells	LTF	HLF2
Epithelial cells	SLC46A2	Ly110|TSCOT
Epithelial cells	MEP1	NA
Epithelial cells	MEP7	NA
Epithelial cells	NES1	NA
Epithelial cells	KLK10	NES1
Epithelial cells	P2RX7	P2X7|MGC20089
Epithelial cells	CDKN2A	p16|INK4a|CMM2|ARF|INK4|p16INK4a|p19Arf|p14ARF|CDKN2|MLM
Epithelial cells	TP63	SHFM4|EEC3|p63|p73L|OFC8|KET|p73H|p53CP|TP73L|TP53L|TP53CP
Epithelial cells	CDH3	CDHP|PCAD
Epithelial cells	PPN1	NA
Epithelial cells	PSCA	NA
Epithelial cells	AGER	SCARJ1
Epithelial cells	ZFP42	REX1|ZNF754
Epithelial cells	SPRR1B	GADD33|SPRR1
Epithelial cells	SI	NA
Epithelial cells	TTR	HsT2651|CTS|PALB|CTS1
Epithelial cells	TM4SF20	FLJ22800|TCCE518
Epithelial cells	TSTD1	KAT
Epithelial cells	SYCN	SYL|FLJ27441|INSSA1
Epithelial cells	HBEGF	HEGFL|DTS|DTR
Epithelial cells	PIGR	NA
Epithelial cells	PRSS32	NA
Epithelial cells	MUC13	DRCC1
Epithelial cells	SELENBP1	hSP56|hSBP|LPSB
Epithelial cells	ELF3	ESE-1|ERT|ESX
Epithelial cells	MUC3	NA
Epithelial cells	OIT1	NA
Epithelial cells	TSPAN1	TSPAN-1|NET-1
Epithelial cells	GUCA2A	STARA|GUCA2
Epithelial cells	PHGR1	NA
Epithelial cells	LYPD8	NA
Epithelial cells	LGALS4	GAL4
Epithelial cells	GATA2	NFE1B
Epithelial cells	SEC23B	CDA-II|CDAII|HEMPAS|CDAN2
Epithelial cells	TSPAN8	CO-029|TM4SF3
Epithelial cells	DLX5	NA
Epithelial cells	DGAT2	NA
Epithelial cells	ITPR2	IP3R2|CFAP48
Epithelial cells	THRSP	SPOT14|Lpgp|THRP|LPGP1
Epithelial cells	PLA2G4A	cPLA2-alpha|PLA2G4
Epithelial cells	SLC25A48	FLJ44862|HDMCP
Epithelial cells	PGR	NR3C3
Epithelial cells	ZFP322A	NA
Epithelial cells	FERMT1	FLJ20116|URP1|KIND1|UNC112A|C20orf42
Epithelial cells	ZFP704	NA
Epithelial cells	EHF	ESE3|ESEJ
Epithelial cells	PLEKHS1	FLJ23537|bA211N11.2|C10orf81
Epithelial cells	CDKL1	KKIALRE
Epithelial cells	MECOM	MDS1-EVI1|PRDM3|KMT8E|MDS1|EVI1
Epithelial cells	MSX1	HYD1|OFC5|HOX7
Epithelial cells	RNF128	FLJ23516|GRAIL
Epithelial cells	ANLN	ANILLIN|Scraps|scra
Epithelial cells	CASC5	NA
Epithelial cells	CKAP2	LB1|FLJ10749|se20-10|TMAP
Epithelial cells	HMMR	RHAMM|CD168
Epithelial cells	KIF15	HKLP2|NY-BR-62|KNSL7
Epithelial cells	CKAP2L	FLJ40629|radmis
Epithelial cells	KIF20B	MPP1|KRMP1|MPHOSPH1
Epithelial cells	HIRIP3	NA
Epithelial cells	INCENP	FLJ31633
Epithelial cells	KIF23	MKLP1|MKLP-1|KNSL5
Epithelial cells	PRC1	ASE1
Epithelial cells	ECT2	ARHGEF31
Epithelial cells	CXCL10	IFI10|IP-10|crg-2|mob-1|C7|gIP-10|INP10|SCYB10
Epithelial cells	CXCL8	SCYB8|LUCT|LECT|MDNCF|TSG-1|IL-8|NAP-1|3-10C|MONAP|AMCF-I|LYNAP|NAF|b-ENAP|GCP-1|K60|GCP1|IL8
Epithelial cells	CCL20	LARC|MIP-3a|exodus-1|ST38|CKb4|SCYA20
Epithelial cells	CXCL17	Dcip1|UNQ473|VCC1
Epithelial cells	PRG4	JCAP|SZP|HAPO|bG174L6.2|FLJ32635|CACP
Epithelial cells	ALOX15	15-LOX-1
Epithelial cells	F5	NA
Epithelial cells	EMILIN2	FLJ33200|FOAP-10
Epithelial cells	SAA3	NA
Epithelial cells	SPRR2A1	NA
Epithelial cells	SPTSSB	ADMP|ssSPTb|C3orf57
Epithelial cells	FMO5	NA
Epithelial cells	IVL	NA
Epithelial cells	VSIG2	CTXL|CTH
Epithelial cells	AQP3	GIL
Epithelial cells	PAQR5	FLJ20190|MPRG
Epithelial cells	EPCAM	Ly74|TROP1|GA733-2|EGP34|EGP40|EGP-2|KSA|CD326|Ep-CAM|HEA125|KS1/4|MK-1|MH99|MOC31|323/A3|17-1A|TACST-1|CO-17A|M4S1|MIC18|TACSTD1
Epithelial cells	CLDN1	SEMP1|ILVASC
Epithelial cells	OCLN	PPP1R115
Epithelial cells	MUC5AC	NA
Epsilon cells	GHRL	MTLRP|ghrelin|obestatin
Epsilon cells	ANXA13	ANX13
Epsilon cells	PHGR1	NA
Epsilon cells	BMP4	BMP2B
Epsilon cells	HMGCS2	NA
Epsilon cells	TM4SF5	NA
Epsilon cells	OLFML3	HNOEL-iso|OLF44
Epsilon cells	ASGR1	CLEC4H1
Epsilon cells	COX6A2	NA
Epsilon cells	NPY1R	NA
Epsilon cells	FAXDC2	FLJ13758|C5orf4
Epsilon cells	SLC7A9	CSNU3
Epsilon cells	GRAMD2	NA
Epsilon cells	C2ORF54	FLJ22671
Epsilon cells	GHRLOS	NCRNA00068|GHRL-AS1
Epsilon cells	BHMT	BHMT1
Epsilon cells	OPRK1	KOR|OPRK
Epsilon cells	PTGER4	EP4
Epsilon cells	ITGA4	CD49d|CD49D
Epsilon cells	EYA4	DFNA10|CMD1J
Epsilon cells	XYLB	FLJ10343|FLJ12539
Epsilon cells	ELOVL2	Ssc2
Epsilon cells	AFF3	MLLT2-like|LAF4
Epsilon cells	CORIN	PRSC|ATC2|Lrp4|TMPRSS10
Epsilon cells	MYO1A	MYHL|DFNA48
Epsilon cells	HRH2	NA
Epsilon cells	CALCR	CTR
Epsilon cells	SLC6A16	NTT5
Epsilon cells	PCSK6	SPC4|PACE4
Epsilon cells	ADAMTS6	ADAM-TS6
Epsilon cells	COL22A1	NA
Epsilon cells	FAM124A	FLJ30707
Epsilon cells	COL12A1	COL12A1L
Epsilon cells	CD109	FLJ38569|DKFZp762L1111|CPAMD7
Epsilon cells	THSD4	FVSY9334|PRO34005|FLJ13710|ADAMTSL6
Epsilon cells	ARX	ISSX|CT121|EIEE1|MRXS1|PRTS|MRX76|MRX54|MRX43|MRX36|MRX29|MRX32|MRX33|MRX38|MRX87
Epsilon cells	NKX2-2	NKX2.2|NKX2B
Epsilon cells	ACSL1	LACS|ACS1|LACS1|FACL1|FACL2
Epsilon cells	FRZB	FRZB-PEN|FRZB1|SRFP3|FRP-3|SFRP3|FRE|FRITZ|FRZB-1|FZRB|hFIZ
Epsilon cells	MS4A8A	NA
Epsilon cells	VTN	VN
Epsilon cells	APOH	BG|B2G1
Epsilon cells	SPINK1	Spink3|PCTT|PSTI|TATI
Epsilon cells	VSTM2L	dJ1118M15.2|C20orf102
Epsilon cells	SPTSSB	ADMP|ssSPTb|C3orf57
Epsilon cells	S100A6	2A9|PRA|CABP|CACY
Epsilon cells	KRT8	K8|CK8|CYK8|K2C8|KO
Erythroblasts	CGA	GPHa|GPHA1|FSHA|LHA|TSHA
Erythroblasts	TFRC	CD71|TFR1|p90
Erythroblasts	CDH1	uvomorulin|CD324|UVO
Erythroblasts	WRN	RECQL2|RECQ3
Erythroblasts	CD44	IN|MC56|Pgp1|CD44R|HCELL|CSPG8|MIC4|MDU2|MDU3
Erythroblasts	KLF1	EKLF
Erythroblasts	BCL11A	BCL11A-XL|BCL11A-L|BCL11A-S|CTIP1|HBFQTL5|ZNF856|EVI9
Erythroblasts	BPGM	NA
Erythroblasts	ETS1	FLJ10768|ETS-1
Erythroblasts	EPOR	NA
Erythroblasts	IGBP1	NA
Erythroblasts	TFR2	HFE3|TFRC2
Erythroblasts	GYPA	GPA|CD235a
Erythroblasts	LMNB1	NA
Erythroblasts	LRP8	APOER2|MCI1|LRP-8|HSZ75190
Erythroblasts	GRSF1	NA
Erythroblasts	USE1	SLT1|MDS032|D12
Erythroblasts	ITGB1	CD29|GPIIA|FNRB|MSK12|MDF2
Erythroblasts	CFP	PFC
Erythroblasts	ENG	END|HHT1|CD105|ORW1|ORW
Erythroblasts	KIT	CD117|SCFR|C-Kit|PBT
Erythroblasts	LMO2	TTG2|RHOM2|RBTN2|RBTNL1
Erythroblasts	GATA1	ERYF1|NFE1|GATA-1
Erythroblasts	TAL1	bHLHa17|TCL5
Erythroblasts	KMT5A	SET8|SET07|PR-Set7|SETD8
Erythroblasts	PIEZO1	KIAA0233|FAM38A
Erythroid-like and erythroid precursor cells	HBB-BS	NA
Erythroid-like and erythroid precursor cells	ALAS2	ASB
Erythroid-like and erythroid precursor cells	HEXA	NA
Erythroid-like and erythroid precursor cells	AQP1	CHIP28|CO
Erythroid-like and erythroid precursor cells	CCNA2	CCNA
Erythroid-like and erythroid precursor cells	PKLR	NA
Erythroid-like and erythroid precursor cells	LOX	NA
Erythroid-like and erythroid precursor cells	ARG1	NA
Erythroid-like and erythroid precursor cells	HBB	CD113t-C|beta-globin
Erythroid-like and erythroid precursor cells	HBA1	HBA-T3
Erythroid-like and erythroid precursor cells	HBA2	HBA-T2
Erythroid-like and erythroid precursor cells	HBG1	HBG-T2
Erythroid-like and erythroid precursor cells	HBG2	HBG-T1
Erythroid-like and erythroid precursor cells	CEACAM1	BGP1|CD66a|BGP
Erythroid-like and erythroid precursor cells	CD36	SCARB3|GPIV|GP4|GP3B
Erythroid-like and erythroid precursor cells	GYPA	GPA|CD235a
Erythroid-like and erythroid precursor cells	THBS1	TSP1|THBS|TSP|THBS-1|TSP-1
Erythroid-like and erythroid precursor cells	ITGA4	CD49d|CD49D
Erythroid-like and erythroid precursor cells	GYPB	GPB|CD235b
Erythroid-like and erythroid precursor cells	AHSP	EDRF|ERAF
Erythroid-like and erythroid precursor cells	HBM	HBK|HBAP2
Erythroid-like and erythroid precursor cells	FECH	NA
Erythroid-like and erythroid precursor cells	EPOR	NA
Erythroid-like and erythroid precursor cells	KIT	CD117|SCFR|C-Kit|PBT
Erythroid-like and erythroid precursor cells	BPGM	NA
Erythroid-like and erythroid precursor cells	DCAF12	DKFZP434O125|MGC1058|CT102|TCC52|KIAA1892|WDR40A
Erythroid-like and erythroid precursor cells	HBD	NA
Erythroid-like and erythroid precursor cells	HEMGN	EDAG|CT155
Erythroid-like and erythroid precursor cells	HMBS	PBGD|UPS
Erythroid-like and erythroid precursor cells	NCOA4	ARA70|RFG|ELE1|PTC3|DKFZp762E1112
Erythroid-like and erythroid precursor cells	RBM38	HSRNASEB|SEB4D|seb4B|dJ800J21.2|RNPC1
Erythroid-like and erythroid precursor cells	UCP2	SLC25A8|BMIQ4
Erythroid-like and erythroid precursor cells	UBB	MGC8385|FLJ25987
Erythroid-like and erythroid precursor cells	TMCC2	HUCEP11|FLJ38497
Erythroid-like and erythroid precursor cells	SLC4A1	RTA1A|CD233|FR|SW|WR|EPB3|AE1|DI|WD
Erythroid-like and erythroid precursor cells	SLC25A39	FLJ22407|CGI-69
Erythroid-like and erythroid precursor cells	SLC25A37	MSCP|MFRN|MFRN1|HT015
Erythroid-like and erythroid precursor cells	FOSB	G0S3|GOSB|GOS3|MGC42291|DKFZp686C0818
Erythroid-like and erythroid precursor cells	GH	NA
Erythroid-like and erythroid precursor cells	HTATSF1	TAT-SF1
Erythroid-like and erythroid precursor cells	EPB41	4.1R|EL1
Erythroid-like and erythroid precursor cells	RSAD2	cig5|viperin|vig1
Erythroid-like and erythroid precursor cells	CAR1	NA
Erythroid-like and erythroid precursor cells	COX6B2	COXVIB2|FLJ32865|CT59
Erythroid-like and erythroid precursor cells	APOA1	NA
Erythroid-like and erythroid precursor cells	ASNS	NA
Erythroid-like and erythroid precursor cells	HIST1H2AO	NA
Erythroid-like and erythroid precursor cells	STFA1	NA
Erythroid-like and erythroid precursor cells	ALAD	ALADH|PBGS
Erythroid-like and erythroid precursor cells	S100A9	MIF|NIF|LIAG|MRP14|MAC387|CGLB|CAGB
Erythroid-like and erythroid precursor cells	AHSG	FETUA|A2HS|HSGA
Erythroid-like and erythroid precursor cells	S100A8	P8|CGLA|CAGA
Erythroid-like and erythroid precursor cells	HBA-A2	NA
Erythroid-like and erythroid precursor cells	HBB-BT	NA
Erythroid-like and erythroid precursor cells	HBA-A1	NA
Erythroid-like and erythroid precursor cells	ERMAP	BTN5|SC
Erythroid-like and erythroid precursor cells	KCNN4	KCa3.1|hSK4|hKCa4|hIKCa1|IK
Erythroid-like and erythroid precursor cells	PAN3	NA
Erythroid-like and erythroid precursor cells	PFAS	PURL|FGARAT|KIAA0361|GATD8
Erythroid-like and erythroid precursor cells	VAMP5	NA
Erythroid-like and erythroid precursor cells	HBB-BH1	NA
Erythroid-like and erythroid precursor cells	HBA-X	NA
Erythroid-like and erythroid precursor cells	PNPO	PDXPO
Erythroid-like and erythroid precursor cells	TSPO2	dJ34B21.2|BZRPL1
Erythroid-like and erythroid precursor cells	RHD	Rh30a|Rh4|RhPI|RhII|DIIIc|CD240D
Erythroid-like and erythroid precursor cells	KLF1	EKLF
Erythroid-like and erythroid precursor cells	CLDN13	NA
Erythroid-like and erythroid precursor cells	TSPAN33	MGC50844|Penumbra
Erythroid-like and erythroid precursor cells	EPB42	MGC116735|MGC116737
Erythroid-like and erythroid precursor cells	CD44	IN|MC56|Pgp1|CD44R|HCELL|CSPG8|MIC4|MDU2|MDU3
Erythroid-like and erythroid precursor cells	CD47	OA3|MER6
Erythroid-like and erythroid precursor cells	CD55	TC|CROM|DAF
Erythroid-like and erythroid precursor cells	CD59A	NA
Erythroid-like and erythroid precursor cells	EDRF1	DKFZp586F1019|FLJ21617|C10orf137
Erythroid-like and erythroid precursor cells	EPB41L2	4.1-G
Erythroid-like and erythroid precursor cells	GYPC	GPC|GYPD|Ge|CD236|CD236R
Erythroid-like and erythroid precursor cells	KEL	ECE3|CD238
Erythroid-like and erythroid precursor cells	RHAG	RH50A|CD241|SLC42A1
Erythroid-like and erythroid precursor cells	THRB	THRB1|THRB2|NR1A2|THR1|ERBA-BETA|ERBA2|PRTH
Erythroid-like and erythroid precursor cells	UROD	NA
Erythroid-like and erythroid precursor cells	UROS	NA
Erythroid-like and erythroid precursor cells	SNCA	NACP|PARK1|PARK4
Fibroblasts	IL1R1	D2S1473|CD121A|IL1R
Fibroblasts	FAP	NA
Fibroblasts	FLI1	SIC-1
Fibroblasts	CELA1	ELA1
Fibroblasts	LOX	NA
Fibroblasts	PDGFRB	JTK12|CD140b|PDGFR1|PDGFR
Fibroblasts	P4HA1	C-P4Halpha(I)|P4HA
Fibroblasts	UCP2	SLC25A8|BMIQ4
Fibroblasts	CCR2	CC-CKR-2|CKR2|MCP-1-R|CD192|FLJ78302|CMKBR2
Fibroblasts	MS4A4C	NA
Fibroblasts	ITGAL	CD11A
Fibroblasts	EAR2	NA
Fibroblasts	FGR	c-fgr|p55c-fgr|SRC2
Fibroblasts	HCK	JTK9
Fibroblasts	ADGRE4	NA
Fibroblasts	TNFRSF1B	TNFBR|TNFR80|TNF-R75|TNF-R-II|CD120b|TNFR2
Fibroblasts	PRKCD	NA
Fibroblasts	ENO3	NA
Fibroblasts	CD209A	NA
Fibroblasts	ABI3	NESH|SSH3BP3
Fibroblasts	TREML4	TLT4
Fibroblasts	LY6I	NA
Fibroblasts	PIP4K2A	PIP5KIIA|PIP5KIIalpha|PIP5K2A
Fibroblasts	CD300E	IREM2|CLM2|CD300LE
Fibroblasts	SERPINB10	bomapin|PI10
Fibroblasts	CTHRC1	NA
Fibroblasts	TBX18	NA
Fibroblasts	COL15A1	NA
Fibroblasts	GJB2	CX26|NSRD1|DFNB1
Fibroblasts	IL34	MGC34647|IL-34|C16orf77
Fibroblasts	EDN3	ET3
Fibroblasts	SLC6A13	GAT2
Fibroblasts	VTN	VN
Fibroblasts	ITIH5	MGC10848
Fibroblasts	LUM	SLRR2D|LDC
Fibroblasts	DPT	NA
Fibroblasts	POSTN	OSF-2|PN|periostin
Fibroblasts	PENK	NA
Fibroblasts	MMP14	MT1-MMP
Fibroblasts	COL6A2	NA
Fibroblasts	FABP4	A-FABP|aP2
Fibroblasts	ASPN	FLJ20129|SLRR1C|PLAP-1
Fibroblasts	ANGPTL2	NA
Fibroblasts	EFEMP1	S1-5|FBLN3|MTLV|DHRD|FBNL
Fibroblasts	SCARA5	FLJ23907|MGC45780|NET33
Fibroblasts	IGFBP3	IBP3|BP-53
Fibroblasts	COPZ2	MGC23008
Fibroblasts	DPEP1	NA
Fibroblasts	ADAMTS5	ADMP-2|ADAMTS11
Fibroblasts	COL5A1	NA
Fibroblasts	CD248	TEM1|CD164L1
Fibroblasts	PI16	MGC45378|dJ90K10.5|MSMBBP|CD364
Fibroblasts	PAMR1	DKFZP586H2123
Fibroblasts	TNXB	TNXBS|XBS|XB|TNXB1|TNXB2
Fibroblasts	MMP2	TBE-1|CLG4|CLG4A
Fibroblasts	COL14A1	UND
Fibroblasts	CLEC3B	TNA
Fibroblasts	IGFBP6	NA
Fibroblasts	AKR1C18	NA
Fibroblasts	COL5A2	NA
Fibroblasts	FBN1	MASS|OCTD|SGS|FBN|MFS1|WMS
Fibroblasts	MFAP5	MAGP2|MP25
Fibroblasts	FKBP10	hFKBP65|FLJ22041|FKBP6|FLJ20683|FLJ23833
Fibroblasts	PALLD	KIAA0992|SIH002|CGI-151
Fibroblasts	WIF1	NA
Fibroblasts	SNHG18	NA
Fibroblasts	CDH11	CAD11
Fibroblasts	PTCH1	BCNS|NBCCS|PTCH
Fibroblasts	ARAP1	CENTD2
Fibroblasts	FBLN2	NA
Fibroblasts	IGF1	IGF1A|IGFI|IGF-I|IGF
Fibroblasts	PRRX1	PHOX1|PMX1
Fibroblasts	FKBP7	FKBP23
Fibroblasts	OAF	MGC52117
Fibroblasts	COL6A3	NA
Fibroblasts	CTSK	PKND|CTSO2|CTSO|PYCD
Fibroblasts	DKK1	SK|DKK-1
Fibroblasts	C1S	NA
Fibroblasts	RARRES2	TIG2|HP10433
Fibroblasts	GREM1	DRM|gremlin|DAND2|HMPS|CKTSF1B1|CRAC1
Fibroblasts	SPON2	DIL1
Fibroblasts	TCF21	POD1|bHLHa23
Fibroblasts	PCSK6	SPC4|PACE4
Fibroblasts	COL8A1	MGC9568|C3orf7
Fibroblasts	ENTPD2	NTPDase-2|CD39L1
Fibroblasts	MMP23	NA
Fibroblasts	CXCL8	SCYB8|LUCT|LECT|MDNCF|TSG-1|IL-8|NAP-1|3-10C|MONAP|AMCF-I|LYNAP|NAF|b-ENAP|GCP-1|K60|GCP1|IL8
Fibroblasts	CXCL3	SCYB3|GROg|MIP-2b|CINC-2b|GRO3
Fibroblasts	IL6	IL-6|BSF2|HSF|IFNB2
Fibroblasts	CYP1B1	CP1B|GLC3A
Fibroblasts	COL13A1	NA
Fibroblasts	ADAMTS10	ADAM-TS10
Fibroblasts	CCL11	eotaxin|MGC22554|SCYA11
Fibroblasts	ADAM33	DKFZp434K0521|dJ964F7.1|C20orf153
Fibroblasts	COL4A3	NA
Fibroblasts	COL4A4	CA44
Fibroblasts	LAMA2	LAMM
Fibroblasts	ACKR3	GPR159|CMKOR1|CXCR7
Fibroblasts	CD55	TC|CROM|DAF
Fibroblasts	FBLN7	FLJ37440|TM14
Fibroblasts	FIBIN	MGC24932
Fibroblasts	THBS2	TSP2
Fibroblasts	NOV	IGFBP9|CCN3
Fibroblasts	PTX3	TSG-14|TNFAIP5
Fibroblasts	MMP3	STMY1|STMY
Fibroblasts	LRRK1	FLJ23119|KIAA1790|Roco1|RIPK6
Fibroblasts	HGF	F-TCF|HGFB|HPTA|DFNB39
Fibroblasts	FRZB	FRZB-PEN|FRZB1|SRFP3|FRP-3|SFRP3|FRE|FRITZ|FRZB-1|FZRB|hFIZ
Fibroblasts	COL12A1	COL12A1L
Fibroblasts	COL7A1	EBDCT|EBD1|EBR1
Fibroblasts	MEOX1	NA
Fibroblasts	PRG4	JCAP|SZP|HAPO|bG174L6.2|FLJ32635|CACP
Fibroblasts	PKD2	PKD4|Pc-2|TRPP2
Fibroblasts	CCL19	ELC|MIP-3b|exodus-3|CKb11|SCYA19
Fibroblasts	NNMT	NA
Fibroblasts	FOXF1	FREAC1|FKHL5
Fibroblasts	HAS1	HAS
Fibroblasts	CTGF	IGFBP8|CCN2
Fibroblasts	ERCC1	RAD10
Fibroblasts	WISP1	CCN4|WISP-1|WISP1-OT1|WISP1-UT1
Fibroblasts	TWIST2	DERMO1|Dermo-1|bHLHa39
Fibroblasts	RIPK3	RIP3
Fibroblasts	DDR2	TKT|TYRO10|NTRKR3
Fibroblasts	ELN	SVAS
Fibroblasts	FN1	CIG|LETS|GFND2|FINC
Fibroblasts	HHIP	FLJ20992
Fibroblasts	FMO2	NA
Fibroblasts	COL1A2	NA
Fibroblasts	COL3A1	EDS4A
Fibroblasts	VIM	NA
Fibroblasts	FSTL1	FSL1|tsc36
Fibroblasts	GSN	DKFZp313L0718
Fibroblasts	SPARC	ON
Fibroblasts	S100A4	P9KA|18A2|PEL98|42A|CAPL
Fibroblasts	NT5E	CD73|eN|eNT|CALJA|NT5
Fibroblasts	COL1A1	NA
Fibroblasts	MGP	NA
Fibroblasts	NOX4	KOX-1|KOX
Fibroblasts	THY1	CD90
Fibroblasts	CD40	Bp50|TNFRSF5
Fibroblasts	SERPINH1	HSP47|colligen|CBP1|CBP2|SERPINH2
Fibroblasts	CD44	IN|MC56|Pgp1|CD44R|HCELL|CSPG8|MIC4|MDU2|MDU3
Fibroblasts	PDGFRA	CD140a|PDGFR2|GAS9
Fibroblasts	EN1	NA
Fibroblasts	DCN	DSPG2|SLRR1B
Fibroblasts	CEBPB	NFIL6|IL6DBP|C/EBP-beta|TCF5
Fibroblasts	EGR1	TIS8|G0S30|NGFI-A|KROX-24|ZIF-268|AT225|ZNF225
Fibroblasts	FOSB	G0S3|GOSB|GOS3|MGC42291|DKFZp686C0818
Fibroblasts	FOSL2	FRA2|FLJ23306
Fibroblasts	HIF1A	MOP1|HIF-1alpha|PASD8|HIF1|bHLHe78
Fibroblasts	KLF2	LKLF
Fibroblasts	KLF4	EZF|GKLF
Fibroblasts	KLF6	CPBP|GBF|Zf9|ST12|COPEB
Fibroblasts	KLF9	BTEB1
Fibroblasts	NFAT5	TONEBP|KIAA0827|NFATL1|OREBP|NFATZ|NF-AT5
Fibroblasts	NFATC1	NF-ATC|NFATc|NFAT2
Fibroblasts	NFKB1	KBF1|NFKB-p50|NF-kappaB|NFkappaB|NF-kB1
Fibroblasts	NR4A1	N10|NAK-1|NGFIB|NUR77|HMR|GFRP1
Fibroblasts	NR4A2	TINUR|NOT|RNR1|HZF-3|NURR1
Fibroblasts	PBX1	NA
Fibroblasts	RUNX1	PEBP2A2|AMLCR1|AML1|CBFA2
Fibroblasts	STAT3	APRF
Fibroblasts	TCF4	SEF2-1B|ITF2|bHLHb19|E2-2
Fibroblasts	ZEB2	KIAA0569|ZFHX1B
Fibroblasts	LAMC1	LAMB2
Fibroblasts	MEDAG	FLJ14834|AWMS3|MEDA-4|C13orf33
Fibroblasts	MS4A4D	NA
Fibroblasts	LAMB1	NA
Fibroblasts	DKK3	REIC
Fibroblasts	TBX20	NA
Fibroblasts	MDK	FLJ27379|NEGF2
Fibroblasts	GSTM5	NA
Fibroblasts	NGF	NGFB
Fibroblasts	VEGFA	VEGF-A|VPF|VEGF
Fibroblasts	FGF2	FGFB
Fibroblasts	P4HTM	P4H-TM|PHD4|PH4|HIFPH4|FLJ20262|EGLN4|PH-4
Fibroblasts	CKAP4	P63|CLIMP-63|ERGIC-63
Fibroblasts	INMT	NA
Fibroblasts	CXCL14	BRAK|NJAC|bolekine|Kec|MIP-2g|BMAC|SCYB14
Follicular cells	TTF1	NA
Follicular cells	SLC6A4	5-HTT|SERT1|HTT|OCD1
Follicular cells	KCNIP3	DREAM|KCHIP3|CSEN
Follicular cells	TSHR	LGR3
Follicular cells	TG	TGN|AITD3
Follicular cells	IYD	dJ422F24.1|DEHAL1|C6orf71
Follicular cells	ASGR1	CLEC4H1
Follicular cells	PRLR	NA
Follicular cells	TPO	TPX
Follicular cells	DIO1	TXDI1
Follicular cells	SLC26A7	SUT2
Follicular cells	CDH16	NA
Follicular cells	SLC16A11	FLJ90193|MCT11
Follicular cells	FOXE1	TTF-2|HFKH4|FKHL15|TITF2|FOXE2
Foveolar cells	MUC1	CD227|PEM|ADMCKD|ADMCKD1|MCKD|MCKD1
Foveolar cells	ANXA10	ANX14
Foveolar cells	MUC5AC	NA
Foveolar cells	TFF1	D21S21|pS2|pNR-2|HP1.A|BCEI
Foveolar cells	FOXQ1	HFH1
Foveolar cells	SULT1C2	ST1C1|SULT1C1
Foveolar cells	PTGR1	ZADH3|LTB4DH
Foveolar cells	GSDMA2	NA
Foveolar cells	PLA2G1B	PLA2|PPLA2|PLA2A
Foveolar cells	CLPS	NA
Foveolar cells	GSTA1	NA
Foveolar cells	PGC	NA
Foveolar cells	SPRR2A1	NA
Foveolar cells	TFF2	SML1
Foveolar cells	LGALS2	HL14
Foveolar cells	PSCA	NA
Foveolar cells	SPRR2A3	NA
Foveolar cells	GKN2	TFIZ1|PRO813|VLTI465|blottin|GDDR|BRICD1B
Foveolar cells	GKN1	AMP18|CA11|BRICD1
Foveolar cells	CLDN18	SFTPJ
Foveolar cells	KRT20	CK20|K20|MGC35423
Foveolar cells	LGALS4	GAL4
Foveolar cells	AKR1B10	AKR1B12|ARL-1|ARL1|HSI|ALDRLn|AKR1B11
Foveolar cells	IL33	DVS27|DKFZp586H0523|NF-HEV|IL1F11|C9orf26
GABAergic neurons	SLC6A1	GAT1|GABATR|GABATHG
GABAergic neurons	GABBR2	HG20|GABABR2|GPRC3B|GPR51
GABAergic neurons	GAD1	GAD
GABAergic neurons	GADD45B	GADD45BETA|DKFZP566B133|MYD118
GABAergic neurons	PAX2	NA
GABAergic neurons	SLC32A1	VGAT|bA122O1.1|VIAAT
GABAergic neurons	GAD2	GAD65
GABAergic neurons	VIP	NA
GABAergic neurons	SST	SMST
GABAergic neurons	PVALB	D22S749
GABAergic neurons	TNFAIP8L3	FLJ41287
GABAergic neurons	SEMA3C	SemE|SEMAE
GABAergic neurons	MYBPC1	NA
GABAergic neurons	PARM1	DKFZP564O0823|Cipar1|WSC4
GABAergic neurons	DLX1	NA
Gamma (PP) cells	PPY	PNP
Gamma (PP) cells	SCGN	SECRET|DJ501N12.8|SEGN|CALBL
Gamma (PP) cells	FXYD2	MGC12372|ATP1G1|HOMG2
Gamma (PP) cells	SCGB2A1	UGB3|LPHC|MGC71973|MGB2
Gamma (PP) cells	GPC5-AS1	NA
Gamma (PP) cells	CMTM8	CKLFSF8
Gamma (PP) cells	ARX	ISSX|CT121|EIEE1|MRXS1|PRTS|MRX76|MRX54|MRX43|MRX36|MRX29|MRX32|MRX33|MRX38|MRX87
Gamma (PP) cells	ETV1	ER81
Gamma (PP) cells	PPY2P	PPY2
Gamma (PP) cells	PXK	FLJ20335|Slob
Gamma (PP) cells	SERTM1	C13orf36
Gamma (PP) cells	SLITRK6	FLJ22774
Gamma (PP) cells	SEMA3E	M-SemaK|KIAA0331|coll-5|SEMAH
Gamma (PP) cells	APOBEC2	ARCD1
Gamma (PP) cells	ABCC9	SUR2|CMD1O
Gamma (PP) cells	NEUROD1	BETA2|BHF-1|NeuroD|bHLHa3|MODY6|NEUROD
Gamma (PP) cells	PAX6	D11S812E|AN2
Gamma (PP) cells	ISL1	Isl-1|ISLET1
Gamma (PP) cells	CARTPT	CART
Gamma (PP) cells	THSD7A	KIAA0960
Gamma (PP) cells	AQP3	GIL
Gamma (PP) cells	ENTPD2	NTPDase-2|CD39L1
Gamma (PP) cells	PTGFR	NA
Gamma (PP) cells	CHN2	ARHGAP3|RhoGAP3
Gamma (PP) cells	EGR3	PILOT
Gamma (PP) cells	LMO3	Rhom-3|RBTNL2
Gamma (PP) cells	MEIS1	NA
Gamma (PP) cells	ZNF503	FLJ45745|MGC2555|Nlz2
Gamma (PP) cells	FGB	NA
Gamma delta T cells	GNLY	NKG5|LAG-2|D2S69E|TLA519|LAG2
Gamma delta T cells	PTGDS	L-PGDS
Gamma delta T cells	GZMB	CCPI|CGL-1|CSP-B|CGL1|CTSGL1|SECT|CSPB
Gamma delta T cells	S100B	S100beta
Gamma delta T cells	FGFBP2	NA
Gamma delta T cells	NKG7	GMP-17
Gamma delta T cells	PRF1	PFP|HPLH2
Gamma delta T cells	KLRF1	CLEC5C|NKp80
Gamma delta T cells	HOPX	LAGY|OB1|NECC1|SMAP31
Gamma delta T cells	CST7	NA
Gamma delta T cells	KLRD1	CD94
Gamma delta T cells	CTSW	NA
Gamma delta T cells	SPON2	DIL1
Gamma delta T cells	IFITM1	9-27|CD225|DSPA2a|IFI17
Gamma delta T cells	GZMA	HFSP|CTLA3
Gamma delta T cells	CD247	CD3H|CD3Q|CD3Z
Gamma delta T cells	CLIC3	NA
Gamma delta T cells	CD7	LEU-9|TP41|Tp40
Gamma delta T cells	ADGRG1	TM7LN4|TM7XN1|GPR56
Gamma delta T cells	CCL5	RANTES|SISd|TCP228|MGC17164|D17S136E|SCYA5
Gamma delta T cells	TRDC	NA
Gamma delta T cells	STMN1	OP18|PR22|PP19|Lag|FLJ32206|LAP18|C1orf215
Gamma delta T cells	HMGB2	HMG2
Gamma delta T cells	TYMS	Tsase|TMS|HsT422
Gamma delta T cells	MKI67	MIB-|PPP1R105
Gamma delta T cells	UBE2C	UBCH10
Gamma delta T cells	TUBA1B	K-ALPHA-1
Gamma delta T cells	ASPM	Calmbp1|FLJ10517|FLJ10549|MCPH5
Gamma delta T cells	CENPA	CENP-A|CenH3
Gamma delta T cells	TOP2A	TOP2
Gamma delta T cells	PCNA	NA
Gamma delta T cells	AURKB	Aik2|IPL1|AurB|ARK2|STK5|PPP1R48|STK12
Gamma delta T cells	BIRC5	survivin|API4
Gamma delta T cells	NUSAP1	FLJ13421|ANKT|NuSAP1|BM037|PRO0310p1|Q0310
Gamma delta T cells	TROAP	TASTIN
Gamma delta T cells	TUBB	OK/SW-cl.56|MGC16435|M40|Tubb5
Gamma delta T cells	H2AFX	H2AX
Gamma delta T cells	CENPF	hcp-1
Gamma delta T cells	CCNB1	CCNB
Gamma delta T cells	H2AFZ	H2A.Z|H2AZ
Gamma delta T cells	TRGV2	VIS2|TCRGV2
Gamma delta T cells	TRGV10	V3P|TCRGV10
Gamma delta T cells	TRGV11	V4P|TCRGV11
Gamma delta T cells	TRGV1	V1S1P|TCRGV1
Gamma delta T cells	TRGV3	V1S3|TCRGV3
Gamma delta T cells	TRGV4	V1S4|TCRGV4
Gamma delta T cells	TRGV5	V1S5|TCRGV5
Gamma delta T cells	TRGV8	V1S8|TCRGV8
Gamma delta T cells	TRGV9	V2|TCRGV9
Gamma delta T cells	TRGJ1	TCRGJ1
Gamma delta T cells	TRGJ2	TCRGJ2
Gamma delta T cells	TRGJP1	JP1|TCRGJP1
Gamma delta T cells	TRGJP2	JP2|TCRGJP2
Gamma delta T cells	TRGJP	JP|TCRGJP
Gamma delta T cells	TRGC1	TCRGC1
Gamma delta T cells	TRGC2	TRGC2(2X)|TRGC2(3X)|TCRGC2
Gamma delta T cells	TRDD1	NA
Gamma delta T cells	TRDD2	NA
Gamma delta T cells	TRDD3	NA
Gamma delta T cells	TRDJ1	NA
Gamma delta T cells	TRDJ2	NA
Gamma delta T cells	TRDJ3	NA
Gamma delta T cells	TRDJ4	NA
Gamma delta T cells	TRDV1	hDV101S1
Gamma delta T cells	TRDV2	hDV102S1|MGC117421
Gamma delta T cells	TRDV3	hDV103S1
Gastric chief cells	ANPEP	gp150|CD13|PEPN
Gastric chief cells	BHLHA15	MIST1|bHLHa15|BHLHB8
Gastric chief cells	RAB3D	RAB16|D2-2|RAD3D|GOV
Gastric chief cells	LEP	OBS
Gastric chief cells	LGR5	HG38|FEX|GPR67|GPR49
Gastric chief cells	KCNQ1	Kv7.1|KCNA8|KVLQT1|JLNS1|LQT1|LQT|KCNA9
Gastric chief cells	EGFR	ERBB1|ERBB
Gastric chief cells	PRKCZ	PKC2
Gastric chief cells	CHIA	AMCase|TSA1902|CHIT2
Gastric chief cells	CHRM3	NA
Germ cells	EGFR	ERBB1|ERBB
Germ cells	POU5F1	Oct4|MGC22487|OTF3
Germ cells	TFAP2C	AP2-GAMMA|TFAP2G|hAP-2g
Germ cells	DAZL	DAZH|SPGYLA|MGC26406|DAZL1|DAZLA
Germ cells	MAGEA4	MAGE4A|MAGE4B|MAGE-41|MAGE-X2|MGC21336|CT1.4|MAGE4
Germ cells	DDX4	VASA
Germ cells	ZAR1	Z3CXXC6
Germ cells	TESMIN	CXCDC2|MTL5
Germ cells	TEX101	MGC4766|SGRG|CT131|SPATA44
Germ cells	GCNA	NAAR1|ACRC
Germ cells	PRM1	CT94.1
Germ cells	TNP2	NA
Germ cells	FABP9	PERF|T-FABP|PERF15
Germ cells	ODF2	ODF84|CT134
Germ cells	CRISP2	CRISP-2|CT36|GAPDL5|TPX1
Germ cells	TCP11	FPPR
Germ cells	GGNBP1	NA
Germ cells	PHF7	NYD-SP6|HSPC226
Germ cells	CREB5	H_GS165L15.1|CRE-BPA
Germ cells	CETN4	NA
Germ cells	SLFNL1	FLJ23878
Germ cells	COX7B2	NA
Germ cells	KIF2B	NA
Germ cells	CCDC30	FLJ20972|PFD6L|LOC728621
Germ cells	LRRC57	FLJ36812
Germ cells	FAM209	NA
Germ cells	BCL2L14	BCLG|BCL-G
Germ cells	AQP11	NA
Germ cells	ADAM3	NA
Germ cells	TEX35	DKFZP564J047|TSC24|C1orf49
Germ cells	SPINK2	HUSI-II
Germ cells	TSSK3	SPOGA3|STK22C
Germ cells	GSG2	NA
Germ cells	CREB3L4	AIbZIP|CREB4|CREB3|hJAL|ATCE1
Germ cells	TSACC	SSTK-IP|C1orf182
Germ cells	SPATA46	C1orf111
Germ cells	TSGA8	NA
Germ cells	TEKT1	NA
Germ cells	MORN5	FLJ46909|C9orf113|C9orf18
Germ cells	TMCO5	NA
Germ cells	OTUB2	FLJ21916|MGC3102|C14orf137
Germ cells	TSSK1	NA
Germ cells	TSKS	TSSKS|PPP1R161
Germ cells	PRDX6B	NA
Germ cells	H2AFB1	NA
Germ cells	ATL3	DKFZP564J0863
Germ cells	DMRTB1	NA
Germ cells	WBSCR25	NA
Germ cells	TMCO2	dJ39G22.2
Germ cells	TUBA3A	NA
Germ cells	FHL5	FLJ33049|dJ393D12.2
Germ cells	MS4A5	CD20L2
Germ cells	CST8	CRES|CTES5
Germ cells	TMEM247	NA
Germ cells	GALNTL5	NA
Germ cells	OSBP2	KIAA1664|ORP-4|ORP4|OSBPL1
Germ cells	MARCH11	MARCH-XI|RNF226
Germ cells	TEX33	MGC35206|EAN57|C22orf33
Germ cells	SPATA20	FLJ21347|SSP411|Tisp78
Germ cells	TUBA3B	NA
Germ cells	CDRT4	FLJ36674
Germ cells	SPATA18	FLJ32906
Germ cells	LRRC18	UNQ933|MGC34773|UNQ9338|VKGE9338
Germ cells	SCP2D1	dJ1068E13.2|HSD22|C20orf79
Germ cells	IQCF1	MGC39725
Germ cells	PGK2	PGKPS|PGK-2
Germ cells	TULP2	TUBL2|CT65
Germ cells	CMTM2A	NA
Germ cells	CCDC54	NYD-SP17|FLJ25362
Germ cells	AKAP4	p82|hAKAP82|AKAP82|Fsc1|CT99
Germ cells	GTSF1	FLJ32942|FAM112B
Germ cells	PPP3R2	PPP3RL
Germ cells	TPPP2	p25beta|CT152|C14orf8
Germ cells	GSTT4	HS322B1A|GSTTP1
Germ cells	LELP1	NA
Germ cells	NUPR1L	NA
Germ cells	SPERT	NURIT|CBY2
Germ cells	CMTM2B	NA
Germ cells	CATSPERZ	DKFZP566E164|C11orf20|TEX40
Germ cells	MAEL	FLJ14904|CT128|SPATA35
Germ cells	PGAM2	PGAM-M
Germ cells	TMEM53	FLJ22353|NET4
Germ cells	ACTRT2	Arp-T2|ARPM2|FLJ25424
Germ cells	ROPN1	ODF6|ropporin|ROPN1A|CT91
Germ cells	RNF151	NA
Germ cells	IQCF3	NA
Germ cells	CABS1	NYD-SP26|FLJ32897|CLPH|C4orf35
Germ cells	CCDC91	FLJ11088|DKFZp779L1558
Germ cells	SPATA3	TSARG1
Germ cells	LRRC46	MGC16309
Germ cells	PDCL2	GCPHLP
Germ cells	H1FNT	HANP1|H1T2
Germ cells	TSSK6	SSTK|FLJ24002|CT72
Germ cells	COX8C	COX8-3
Germ cells	CETN1	CEN1|CETN
Germ cells	SPATA19	FLJ25851|spergen1|SPAS1|CT132
Germ cells	TSSK2	SPOGA2|FLJ38613|STK22B
Germ cells	ZNRF4	spzn|Ssrzf1|RNF204
Germ cells	CYPT4	NA
Germ cells	SPATA24	T6441|CCDC161
Germ cells	SPATA4	TSARG2|SPEF1B
Germ cells	FAM71E1	NA
Germ cells	FAM229A	NA
Germ cells	CYPT12	NA
Germ cells	HILS1	NA
Germ cells	HRASLS5	HRLP5
Germ cells	GAPDHS	GAPDH-2|GAPD2|GAPDS
Germ cells	FHL4	NA
Germ cells	HSPB9	CT51
Germ cells	SPATA33	FLJ31606|C16orf55
Germ cells	SPZ1	NYD-TSP1|FLJ25709|PPP1R148
Germ cells	IRGC1	NA
Germ cells	PRM3	NA
Germ cells	RBAKDN	NA
Germ cells	DNAJB3	HCG3
Germ cells	HMGB4	FLJ40388
Germ cells	ROPN1L	FLJ25776|RSPH11
Germ cells	GSG1	MGC3146
Germ cells	DBIL5	NA
Germ cells	TNP1	NA
Germ cells	SMCP	NA
Germ cells	LDHC	CT32
Germ cells	PRM2	CT94.2
Germ cells	DNAAF1	FLJ25330|ODA7|CILD13|swt|LRRC50
Germ cells	ACYP1	NA
Germ cells	SORD	NA
Germ cells	DKKL1	SGY-1|CT34
Germ cells	RSPH1	FLJ32753|RSP44|RSPH10A|CILD24|TSGA2
Germ cells	COX6B2	COXVIB2|FLJ32865|CT59
Germ cells	MLF1	NA
Germ cells	SMIM24	HSPC323|C19orf77
Germ cells	SPA17	CT22
Germ cells	MEIG1	bA2K17.3|SPATA39
Germ cells	FKBP6	FKBP36
Germ cells	TAF7L	CT40|TAF2Q
Germ cells	TEX19.1	NA
Germ cells	SYCP1	HOM-TES-14|CT8
Germ cells	SOHLH1	NOHLH|TEB2|bA100C15.3|bHLHe80|SPATA27|C9orf157
Germ cells	SLC25A31	DKFZP434N1235|ANT4
Germ cells	PHF13	MGC43399
Germ cells	EGR4	NGFI-C|PAT133
Germ cells	SMC1B	bK268H5|SMC1L2
Germ cells	TEX15	CT42
Germ cells	MOV10L1	DJ402G11.8|DKFZp434B0717
Germ cells	TRAP1A	NA
Germ cells	WDR5	SWD3|CFAP89
Germ cells	DMRT1	CT154
Germ cells	STRA8	NA
Germ cells	ZMYND19	MIZIP
Germ cells	MDN1	KIAA0301|Rea1
Germ cells	PIWIL2	HILI|FLJ10351|Mili|CT80
Germ cells	CYCT	NA
Germ cells	NR6A1	GCNF1|RTR|CT150|GCNF
Germ cells	RSBN1L	FLJ42526|FLJ45813|MGC71764
Germ cells	DYNLT1	TCTEL1
Germ cells	PARN	NA
Germ cells	MKI67	MIB-|PPP1R105
Germ cells	CHEK1	CHK1
Germ cells	BRCA1	RNF53|PPP1R53|FANCS
Germ cells	DMC1	LIM15
Germ cells	MRPL14	RPML32
Germ cells	MLH3	NA
Germ cells	SPAG6	Repro-SA-1|pf16|CT141
Germ cells	ZPBP2	ZPBPL|MGC41930
Germ cells	DNAH6	Dnahc6|FLJ37357|DNHL1
Germ cells	CAMK4	CaMK-GR
Germ cells	CREM	hCREM-2
Germ cells	MYO1D	KIAA0727|myr4|PPP1R108
Germ cells	HOOK1	NA
Germ cells	SPATA12	NA
Glomus cells	DRD2	NA
Glomus cells	NOS1	nNOS
Glomus cells	PHOX2B	Phox2b|NBPhox|PMX2B
Glomus cells	TH	DYT5b
Glomus cells	HMOX2	HO-2
Glomus cells	NDUFA4L2	NUOMS|FLJ26118
Glomus cells	COX4I2	COXIV-2|COX4B|dJ857M17.2|COX4-2|COX4L2
Glomus cells	IL1R1	D2S1473|CD121A|IL1R
Glomus cells	TNFRSF1A	TNF-R|TNFAR|TNFR60|TNF-R-I|CD120a|TNF-R55|TNFR1
Glomus cells	CTH	NA
Glomus cells	CBS	HIP4
Glomus cells	GJA1	CX43|ODOD|SDTY3|ODDD|GJAL
Glomus cells	KCNK3	K2p3.1|TASK|TASK-1
Glomus cells	ASIC1	BNaC2|hBNaC2|ACCN2
Glomus cells	ASIC3	TNaC1|DRASIC|ACCN3
Glomus cells	CALD1	H-CAD|L-CAD
Glomus cells	COL4A1	NA
Glomus cells	VIM	NA
Glomus cells	EPAS1	MOP2|PASD2|HIF2A|HLF|bHLHe73
Glomus cells	GFRA1	RETL1|GDNFR|GFR-ALPHA-1|RET1L|TRNR1|GDNFRA
Glomus cells	GFRA2	RETL2|GDNFRB|NTNRA|TRNR2
Glomus cells	GAP43	B-50|PP46
Glomus cells	MMP9	CLG4B
Glomus cells	IL6ST	CD130
Glomus cells	KCNJ11	Kir6.2|BIR
Glomus cells	KCNJ8	Kir6.1
Glomus cells	ABCC8	PHHI|SUR1|ABC36|HHF1|TNDM2|SUR|HRINS
Glomus cells	KCNK9	K2p9.1|TASK3|TASK-3
Glutaminergic neurons	SLC17A7	BNPI|VGLUT1
Glutaminergic neurons	SLC17A6	DNPI|VGLUT2
Glutaminergic neurons	GRIN1	GluN1|NMDAR1
Glutaminergic neurons	GRIN2B	GluN2B|NMDAR2B
Glutaminergic neurons	GLS	KIAA0838|GLS1
Glutaminergic neurons	MEIS2	HsT18361
Glutaminergic neurons	SLC17A8	VGLUT3|DFNA25
Glutaminergic neurons	SLC1A1	EAAC1|EAAT3
Glutaminergic neurons	SLC1A2	GLT-1|EAAT2
Glutaminergic neurons	SLC1A6	EAAT4
Glycinergic neurons	SLC6A9	NA
Glycinergic neurons	SLC32A1	VGAT|bA122O1.1|VIAAT
Goblet cells	CREB3L1	OASIS
Goblet cells	NLRP6	PYPAF5|PAN3|CLR11.4|NALP6
Goblet cells	MUC5AC	NA
Goblet cells	MUC2	NA
Goblet cells	SLC9A8	KIAA0939|NHE8
Goblet cells	OTOGL	FLJ90579|C12orf64
Goblet cells	ITLN1	ITLN|FLJ20022|LFR|HL-1|hIntL
Goblet cells	AQP3	GIL
Goblet cells	CDON	ORCAM|CDO|CDON1
Goblet cells	MUC4	NA
Goblet cells	MUC5B	MG1
Goblet cells	TMEM207	NA
Goblet cells	TFF3	HITF|ITF
Goblet cells	AGR2	XAG-2|HAG-2|PDIA17
Goblet cells	CDX2	CDX3
Goblet cells	KRT7	CK7|K2C7
Goblet cells	KRT20	CK20|K20|MGC35423
Goblet cells	MUC3	NA
Goblet cells	GUCA2A	STARA|GUCA2
Goblet cells	PHGR1	NA
Goblet cells	MUC13	DRCC1
Goblet cells	FCGBP	FC(GAMMA)BP
Goblet cells	CLCA1	CaCC|CLCRG1
Goblet cells	ZG16	hZG16|JCLN1|ZG16A|JCLN
Goblet cells	TPSG1	TMT|PRSS31
Goblet cells	GALNT12	GalNAc-T12
Goblet cells	ATOH1	HATH1|MATH-1|Math1|bHLHa14
Goblet cells	REP15	RAB15EP
Goblet cells	PDIA5	FLJ30401
Goblet cells	PLA2G10	GXPLA2
Goblet cells	KLK1	Klk6
Goblet cells	SPDEF	PDEF|bA375E1.3
Goblet cells	LRRC26	bA350O14.10|OTTHUMG00000020980
Goblet cells	BACE2	CEAP1|DRAP|ALP56|AEPLC
Goblet cells	MANF	ARMET
Goblet cells	CCL9	NA
Goblet cells	SPINK4	PEC-60|MGC133107
Granulosa cells	AMH	MIS
Granulosa cells	MCAM	MUC18|CD146
Granulosa cells	KITL	NA
Granulosa cells	BOK	BCL2L9|BOKL|MGC4631
Granulosa cells	ADAMTS1	C3-C5|METH1|KIAA1346
Granulosa cells	LOX	NA
Granulosa cells	FHL1	SLIM1|KYO-T|bA535K18.1|FHL1B|XMPMA|FLH1A|MGC111107
Granulosa cells	INHA	NA
Granulosa cells	HSD3B1	SDR11E1|HSDB3|HSD3B
Granulosa cells	AKR1CL	NA
Granulosa cells	HTRA1	HtrA|IGFBP5-protease|ARMD7|PRSS11
Granulosa cells	GAPDH	GAPD
Granulosa cells	TNNI3	TNNC1|CMH7|CMD2A
Granulosa cells	HSD17B1	MGC138140|SDR28C1|EDH17B2
Granulosa cells	HJURP	DKFZp762E1312|URLC9|hFLEG1|FAKTS
Granulosa cells	FSHR	FSHRO|LGR1|ODG1
Granulosa cells	FOXL2	BPES1|BPES
Granulosa cells	CYP19A1	ARO|P-450AROM|CPV1|ARO1|CYAR|aromatase|CYP19
Hemangioblasts	ETV2	ER71
Hemangioblasts	T	NA
Hemangioblasts	TAL1	bHLHa17|TCL5
Hematopoietic stem cells	THY1	CD90
Hematopoietic stem cells	MPL	CD110|TPOR
Hematopoietic stem cells	KIT	CD117|SCFR|C-Kit|PBT
Hematopoietic stem cells	PROM1	AC133|CD133|RP41|CORD12|PROML1|STGD4
Hematopoietic stem cells	FLT3	FLK2|CD135
Hematopoietic stem cells	SLAMF1	CD150|SLAM
Hematopoietic stem cells	CXCR4	LESTR|NPY3R|HM89|NPYY3R|D2S201E|fusin|HSY3RR|CD184
Hematopoietic stem cells	TEK	TIE2|TIE-2|VMCM1|CD202b|VMCM
Hematopoietic stem cells	ABCB1	P-gp|CD243|GP170|ABC20|PGY1|CLCS
Hematopoietic stem cells	ABCG2	EST157481|MXR|BCRP|ABCP|CD338
Hematopoietic stem cells	BAALC	NA
Hematopoietic stem cells	SPN	LSN|CD43|GPL115
Hematopoietic stem cells	CDCP1	CD318|SIMA135
Hematopoietic stem cells	MYADM	NA
Hematopoietic stem cells	KITLG	SCF|Kitl|KL-1|FPH2|SLF|DFNA69
Hematopoietic stem cells	TGFB2	NA
Hematopoietic stem cells	PTPRE	PTPE
Hematopoietic stem cells	TAF7	TAFII55|TAF2F
Hematopoietic stem cells	GATA2	NFE1B
Hematopoietic stem cells	GPR171	H963
Hematopoietic stem cells	ANGPT1	KIAA0003|Ang1
Hematopoietic stem cells	PROCR	EPCR|CCD41|CD201
Hematopoietic stem cells	NFE2	NF-E2
Hematopoietic stem cells	NKX2-3	NKX2.3|CSX3|NKX4-3|NKX2C
Hematopoietic stem cells	HHEX	HEX|HOX11L-PEN|PRHX
Hematopoietic stem cells	MEIS1	NA
Hematopoietic stem cells	LYL1	bHLHa18
Hematopoietic stem cells	ELF1	NA
Hematopoietic stem cells	HLF	MGC33822
Hematopoietic stem cells	RGS18	RGS13
Hematopoietic stem cells	MYCT1	MTLC|FLJ21269
Hematopoietic stem cells	ADGRG1	TM7LN4|TM7XN1|GPR56
Hematopoietic stem cells	DNMT3B	NA
Hematopoietic stem cells	MYCN	bHLHe37|N-myc|MYCNOT|NMYC
Hematopoietic stem cells	ARID3A	BRIGHT|DRIL1
Hematopoietic stem cells	ITGA2B	CD41B|CD41|PPP1R93|GP2B
Hematopoietic stem cells	GATA3	HDR
Hematopoietic stem cells	ROBO4	FLJ20798|MRB|ECSM4
Hematopoietic stem cells	PITX2	IGDS|Brx1|Otlx2|IRID2|IHG2|RIEG|RIEG1|RGS
Hematopoietic stem cells	TXNIP	VDUP1|EST01027|HHCPA78|THIF|ARRDC6
Hematopoietic stem cells	RUNX1	PEBP2A2|AMLCR1|AML1|CBFA2
Hematopoietic stem cells	PTPRS	NA
Hematopoietic stem cells	PTPRC	T200|CD45
Hematopoietic stem cells	CD44	IN|MC56|Pgp1|CD44R|HCELL|CSPG8|MIC4|MDU2|MDU3
Hematopoietic stem cells	GFI1	GFI1A|GFI-1|ZNF163
Hematopoietic stem cells	CD48	BLAST|mCD48|hCD48|SLAMF2|BCM1
Hematopoietic stem cells	HMGB3	HMG2A|MGC90319|HMG4
Hematopoietic stem cells	TLR2	TIL4|CD282
Hematopoietic stem cells	APC	DP2.5|PPP1R46
Hematopoietic stem cells	GNL3	C77032|E2IG3|MGC800
Hematopoietic stem cells	MGST1	MGST-I|GST12
Hematopoietic stem cells	G0S2	NA
Hematopoietic stem cells	PRNP	CD230|AltPrP|GSS|CJD
Hematopoietic stem cells	CD34	NA
Hematopoietic stem cells	BMI1	RNF51|PCGF4
Hematopoietic stem cells	CD59	16.3A5|EJ16|EJ30|EL32|G344|p18-20|MIC11|MIN1|MSK21|MIN2|MIN3
Hematopoietic stem cells	ITGA4	CD49d|CD49D
Hematopoietic stem cells	ANPEP	gp150|CD13|PEPN
Hematopoietic stem cells	CD33	SIGLEC3|SIGLEC-3|FLJ00391
Hematopoietic stem cells	IL3RA	CD123
Hematopoietic stem cells	HLX	HB24|HLX1
Hematopoietic stem cells	NKX3-1	NKX3.1|BAPX2|NKX3A
Hematopoietic stem cells	THSD1	TMTSP
Hematopoietic stem cells	NCOR2	SMRT|SMRTE|TRAC-1|CTG26|TNRC14
Hematopoietic stem cells	EGR1	TIS8|G0S30|NGFI-A|KROX-24|ZIF-268|AT225|ZNF225
Hematopoietic stem cells	FGD5	ZFYVE23|FLJ39957|FLJ00274
Hematopoietic stem cells	MECOM	MDS1-EVI1|PRDM3|KMT8E|MDS1|EVI1
Hematopoietic stem cells	CTNNAL1	CLLP|alpha-CATU
Hematopoietic stem cells	VWF	F8VWF
Hematopoietic stem cells	PBX2	HOX12|PBX2MHC
Hematopoietic stem cells	TAL1	bHLHa17|TCL5
Hematopoietic stem cells	ERG	erg-3
Hematopoietic stem cells	NEO1	NGN|HsT17534|IGDCC2|NTN1R2
Hematopoietic stem cells	EGR3	PILOT
Hematopoietic stem cells	MAFF	hMafF
Hematopoietic stem cells	ITGA6	CD49f
Hematopoietic stem cells	GJB1	CX32|CMTX1|CMTX
Hematopoietic stem cells	CDH2	CDHN|CD325|NCAD
Hematopoietic stem cells	ALDH1A1	RALDH1|PUMB1|ALDH1
Hematopoietic stem cells	GFI1B	ZNF163B
Hematopoietic stem cells	NOTCH1	TAN1
Hematopoietic stem cells	NOTCH2	NA
Hematopoietic stem cells	PLXDC2	TEM7R|FLJ14623
Hematopoietic stem cells	ESAM	W117m
Hematopoietic stem cells	ACE	ACE1|CD143|DCP1
Hematopoietic stem cells	TRPC6	TRP6|FSGS2
Hematopoietic stem cells	HOXB5	HOX2A
Hematopoietic stem cells	TET2	FLJ20032|KIAA1546
Hepatic stellate cells	ADAMTS13	VWFCP|vWF-CP|FLJ42993|MGC118899|MGC118900|DKFZp434C2322|C9orf8
Hepatic stellate cells	CYGB	HGB|STAP
Hepatic stellate cells	PPARG	PPARG1|PPARG2|NR1C3|PPARgamma
Hepatic stellate cells	PDGFRA	CD140a|PDGFR2|GAS9
Hepatic stellate cells	RGS5	NA
Hepatic stellate cells	PPARA	hPPAR|NR1C1|PPAR
Hepatic stellate cells	FOXF1	FREAC1|FKHL5
Hepatic stellate cells	ALB	NA
Hepatic stellate cells	NR1H4	FXR|RIP14|HRR1|HRR-1
Hepatic stellate cells	CTGF	IGFBP8|CCN2
Hepatic stellate cells	SEMA7A	H-Sema-L|CD108|SEMAL
Hepatic stellate cells	AGTR1	AT2R1|AGTR1A|AT2R1A|HAT1R|AG2S|AT2R1B|AT1B|AGTR1B
Hepatic stellate cells	PNPLA3	dJ796I17.1|FLJ22012|adiponutrin|iPLA2epsilon|C22orf20|ADPN
Hepatic stellate cells	WT1	WIT-2|AWT1|NPHS4|GUD
Hepatic stellate cells	FGF10	NA
Hepatic stellate cells	GFAP	FLJ45472
Hepatic stellate cells	NGFR	TNFRSF16|CD271|p75NTR
Hepatic stellate cells	VEGFA	VEGF-A|VPF|VEGF
Hepatic stellate cells	ACTA2	ACTSA
Hepatic stellate cells	MYB	c-myb
Hepatic stellate cells	DES	CMD1I|CSM1|CSM2
Hepatic stellate cells	FAP	NA
Hepatic stellate cells	SLC8A1	NCX1
Hepatic stellate cells	RELN	RL|PRO1598
Hepatic stellate cells	SYP	MRX96
Hepatic stellate cells	VCL	NA
Hepatic stellate cells	TIMP1	TIMP|CLGI
Hepatic stellate cells	COL1A1	NA
Hepatic stellate cells	TAGLN	SM22|WS3-10|TAGLN1|DKFZp686P11128
Hepatic stellate cells	COL1A2	NA
Hepatic stellate cells	COL3A1	EDS4A
Hepatic stellate cells	SPARC	ON
Hepatic stellate cells	RBP1	CRBP1|CRBP|RBPC|CRBPI
Hepatic stellate cells	DCN	DSPG2|SLRR1B
Hepatic stellate cells	MYL9	MYRL2|MLC2|LC20|MRLC1
Hepatic stellate cells	TPM2	NEM4|AMCD1
Hepatic stellate cells	MEG3	GTL2|NCRNA00023|LINC00023|onco-lncRNA-83
Hepatic stellate cells	BGN	DSPG1|SLRR1A
Hepatic stellate cells	IGFBP7	MAC25|IGFBP-7|FSTL2
Hepatic stellate cells	IGFBP3	IBP3|BP-53
Hepatic stellate cells	CYR61	IGFBP10
Hepatic stellate cells	OLFML3	HNOEL-iso|OLF44
Hepatic stellate cells	IGFBP6	NA
Hepatic stellate cells	CCL2	MCP1|MCP-1|MCAF|SMC-CF|GDCF-2|HC11|MGC9434|SCYA2
Hepatic stellate cells	COLEC11	MGC3279|CL-K1
Hepatic stellate cells	HGF	F-TCF|HGFB|HPTA|DFNB39
Hepatoblasts	AFP	FETA|HPAFP
Hepatoblasts	ALB	NA
Hepatoblasts	CEBPA	C/EBP-alpha|CEBP
Hepatoblasts	KRT14	EBS3|EBS4
Hepatoblasts	DLK1	FA1|pG2|Pref-1|ZOG|Delta1
Hepatoblasts	CDH1	uvomorulin|CD324|UVO
Hepatoblasts	FOXM1	HFH-11|trident|HNF-3|INS-1|MPP2|MPHOSPH2|TGT3|FKHL16
Hepatoblasts	GGT1	D22S672|D22S732|CD224
Hepatoblasts	HNF4A	NR2A1|HNF4|TCF14|MODY|MODY1
Hepatoblasts	PROX1	NA
Hepatoblasts	MAP2K4	MEK4|JNKK1|PRKMK4|MKK4|SERK1
Hepatoblasts	SMAD5	Dwfc|JV5-1|MADH5
Hepatoblasts	KRT18	NA
Hepatoblasts	KRT8	K8|CK8|CYK8|K2C8|KO
Hepatoblasts	HNF1B	LFB3|VHNF1|HNF1beta|MODY5|TCF2
Hepatoblasts	HHEX	HEX|HOX11L-PEN|PRHX
Hepatoblasts	MET	HGFR|RCCP2|DFNB97
Hepatocytes	FOSL1	fra-1
Hepatocytes	EPPK1	EPIPL1
Hepatocytes	UCP2	SLC25A8|BMIQ4
Hepatocytes	GCK	MODY2
Hepatocytes	LRP5	LR3|BMND1|HBM|OPS|OPTA1|VBCH2|EVR4|LRP7|OPPG
Hepatocytes	SLC10A1	NTCP
Hepatocytes	NOS2	iNOS|HEP-NOS|NOS2A
Hepatocytes	ATP7B	WND
Hepatocytes	HNF4A	NR2A1|HNF4|TCF14|MODY|MODY1
Hepatocytes	GJB2	CX26|NSRD1|DFNB1
Hepatocytes	FGFR4	JTK2|CD334
Hepatocytes	PROX1	NA
Hepatocytes	CRP	NA
Hepatocytes	GRP	NA
Hepatocytes	SLC2A2	GLUT2
Hepatocytes	TFR2	HFE3|TFRC2
Hepatocytes	KIF13B	GAKIN|KIAA0639
Hepatocytes	LIPC	HTGL
Hepatocytes	VDR	NR1I1|PPP1R163
Hepatocytes	ASGR1	CLEC4H1
Hepatocytes	ARG1	NA
Hepatocytes	AFP	FETA|HPAFP
Hepatocytes	ALB	NA
Hepatocytes	G6PC	GSD1a|G6PT
Hepatocytes	OTC	NA
Hepatocytes	SERPINA1	AAT|A1A|PI1|alpha-1-antitrypsin|A1AT|alpha1AT|PI
Hepatocytes	UGT1A1	UGT1A
Hepatocytes	ZHX2	KIAA0854
Hepatocytes	HHEX	HEX|HOX11L-PEN|PRHX
Hepatocytes	FOXA3	HNF3G
Hepatocytes	FOXA2	HNF3B
Hepatocytes	FOXA1	HNF3A
Hepatocytes	CYP7A1	CYP7
Hepatocytes	CYP3A7	CP37|P450-HFLA
Hepatocytes	CYP3A4	CYP3A3
Hepatocytes	CYP2E1	CYP2E
Hepatocytes	CYP2D6	CPD6|P450-DB1|P450C2D|CYP2DL1|CYP2D7P2|CYP2D7BP|CYP2D8P2|CYP2D7AP
Hepatocytes	CYP2C9	P450IIC9|CYP2C10
Hepatocytes	CYP2C8	CPC8
Hepatocytes	CYP2C19	P450IIC19|CPCJ
Hepatocytes	CYP2B6	CPB6|CYPIIB6
Hepatocytes	CYP2A6	CPA6|CYP2A3
Hepatocytes	CYP1A2	P3-450|CP12
Hepatocytes	CEBPA	C/EBP-alpha|CEBP
Hepatocytes	CDH1	uvomorulin|CD324|UVO
Hepatocytes	GPC3	OCI-5|SGBS|SGBS1|SGB|DGSX|SDYS
Hepatocytes	AHR	bHLHe76
Hepatocytes	CYP1A1	P450DX|P1-450|P450-C|CP11
Hepatocytes	NR1I3	MB67|CAR1
Hepatocytes	CPS1	NA
Hepatocytes	GLS2	GA|GLS|LGA|hLGA
Hepatocytes	PCK1	PEPCK-C
Hepatocytes	FCNA	NA
Hepatocytes	TAT	NA
Hepatocytes	WT1	WIT-2|AWT1|NPHS4|GUD
Hepatocytes	PRRG4	TMG4
Hepatocytes	SULT1A1	P-PST|STP1
Hepatocytes	APOH	BG|B2G1
Hepatocytes	CTNNB1	beta-catenin|armadillo|CTNNB
Hepatocytes	ABCC3	MRP3|cMOAT2|EST90757|MLP2|MOAT-D
Hepatocytes	FGB	NA
Hepatocytes	AQP3	GIL
Hepatocytes	PLSCR1	MMTRA1B
Hepatocytes	FGA	NA
Hepatocytes	APOB	NA
Hepatocytes	ANG	RNASE5|RAA1
Hepatocytes	ANXA13	ANX13
Hepatocytes	SAT2	SSAT2
Hepatocytes	SFRP5	SARP3
Hepatocytes	A1CF	ACF|ACF64|ACF65|APOBEC1CF
Hepatocytes	APOA1	NA
Hepatocytes	BNIP3	Nip3
Hepatocytes	FGL1	HFREP-1
Hepatocytes	PAH	PH
Hepatocytes	SERPINA6	CBG
Hepatocytes	APOA2	NA
Hepatocytes	AZGP1	ZA2G|ZAG
Hepatocytes	FGG	NA
Hepatocytes	APOC3	NA
Hepatocytes	DEFB1	HBD-1|DEFB-1|DEFB101|HBD1|BD1|MGC51822
Hepatocytes	TM4SF4	il-TMP
Hepatocytes	GC	VDBP|hDBP
Hepatocytes	AMBP	UTI|EDC1|HI30|IATIL|ITILC|ITI|ITIL
Hepatocytes	ORM1	NA
Hepatocytes	TTR	HsT2651|CTS|PALB|CTS1
Hepatocytes	SERPINA1C	NA
Hepatocytes	GULO	NA
Hepatocytes	CYP2F2	NA
Hepatocytes	HAL	NA
Hepatocytes	ASS1	CTLN1|ASS
Hepatocytes	CYP2A7	NA
Hepatocytes	SCD	FADS5|SCDOS
Hepatocytes	HMGCS1	HMGCS
Hepatocytes	ACSS2	ACSA|AceCS|dJ1161H23.1|ACAS2
Hepatocytes	TM7SF2	ANG1|DHCR14A|NET47
Hepatocytes	SEC16B	RGPR|PGPR-p117|Sec16S|LZTR2
Hepatocytes	SLBP	NA
Hepatocytes	RND3	RhoE|Rho8|ARHE
Hepatocytes	BCHE	CHE2
Hepatocytes	GHR	GHBP
Hepatocytes	ALDH6A1	MMSDH
Hepatocytes	MASP2	MASP1P1
Hepatocytes	AKR1C1	DDH|MBAB|DD1|HAKRC|DDH1
Hepatocytes	HPR	NA
Hepatocytes	HAMP	LEAP-1|HEPC|HFE2B|LEAP1
Hepatocytes	GLUL	GLNS
Hepatocytes	ACLY	ATPCL|CLATP|ACL
Hepatocytes	ASL	NA
Hepatocytes	MUP3	NA
Hepatocytes	TMEM97	MAC30
Hepatocytes	CP	NA
Hepatocytes	SLPI	HUSI-I|BLPI|HUSI|WAP4|WFDC4
Hepatocytes	ACAT2	NA
Hepatocytes	TM4SF5	NA
Hepatocytes	MSMO1	DESP4|ERG25|SC4MOL
Hepatocytes	LEPR	OBR|CD295
Hepatocytes	RCAN1	DSCR1
Hepatocytes	AR	AIS|NR3C4|SMAX1|HUMARA|DHTR|SBMA
Hepatocytes	PLIN1	PLIN
Hepatocytes	RPP25L	bA296L22.5|MGC29635|C9orf23
Hepatocytes	HSD11B1	SDR26C1|HSD11B|HSD11
Hepatocytes	APOM	ApoM|G3a|NG20
Hepatocytes	TKFC	DKFZP586B1621|NET45|DAK
Hepatocytes	G0S2	NA
Hepatocytes	PON3	NA
Hepatocytes	C1ORF53	NA
Hepatocytes	TTC36	HBP21
Hepatocytes	GOLT1A	FLJ42654|MGC62027
Hepatocytes	FST	NA
Hepatocytes	MCC	NA
Hepatocytes	AQP9	SSC1|HsT17287
Hepatocytes	GSTA2	GST2
Hepatocytes	NNT	NA
Hepatocytes	SAA4	C-SAA|CSAA
Hepatocytes	MRPS18C	MRPS18-1|CGI-134|FLJ11146|FLJ22967
Hepatocytes	OCIAD1	FLJ20455|TPA018|OCIA|Asrij
Hepatocytes	APOA5	RAP3|APOA-V
Hepatocytes	ENTPD5	NTPDase-5|CD39L4|PCPH
Hepatocytes	C4B	CPAMD3|C4F|C4B1|C4B3|CH
Hepatocytes	EID2	EID-2|MGC20452|CRI2
Hepatocytes	TP53INP2	FLJ21759|FLJ23500|DKFZp434B2411|DKFZp434O0827|dJ1181N3.1|PINH|DOR|C20orf110
Hepatocytes	ATIC	PURH|AICARFT|IMPCHASE
Hepatocytes	SERPINH1	HSP47|colligen|CBP1|CBP2|SERPINH2
Hepatocytes	SAMD5	dJ875H10.1
Hepatocytes	GRB14	NA
Hepatocytes	ABCD3	PMP70|ZWS2
Hepatocytes	RHOB	RhoB|RHOH6|MST081|ARH6|ARHB
Hepatocytes	EPB41L4B	EHM2
Hepatocytes	GPAT4	DKFZp586M1819|LPAAT-zeta|TSARG7|AGPAT6
Hepatocytes	SPTBN1	NA
Hepatocytes	SDC2	fibroglycan|SYND2|CD362|HSPG|HSPG1
Hepatocytes	PHLDA1	TDAG51|DT1P1B11|PHRIP
Hepatocytes	WTAP	KIAA0105|MGC3925|Mum2
Hepatocytes	ACADM	MCAD|MCADH|ACAD1
His bundle cells	GJA5	CX40
His bundle cells	GJC1	CX45|GJA7
His bundle cells	KCNK3	K2p3.1|TASK|TASK-1
Immature neurons	PAX6	D11S812E|AN2
Immature neurons	PCLO	KIAA0559|DKFZp779G1236|ACZ
Immature neurons	CUX2	KIAA0293|CDP2|CUTL2
Immature neurons	SLC12A5	KIAA1176|KCC2
Immature neurons	POMC	POC|ACTH|NPP|LPH
Immature neurons	STIM2	NA
Immature neurons	RAX	RX
Immature neurons	CUL5	VACM-1
Immature neurons	HIVEP2	MBP-2|HIV-EP2|MIBP1|ZAS2|Schnurri-2|ZNF40B
Immature neurons	FUT9	Fuc-TIX
Immature neurons	TBR1	NA
Immature neurons	PROX1	NA
Immature neurons	NTRK3	TRKC
Immature neurons	RND2	Rho7|RhoN|ARHN
Immature neurons	FEZF2	FLJ10142|FKSG36|TOF|FEZL|Zfp312|ZNF312
Immature neurons	SOX5	L-SOX5|MGC35153
Immature neurons	ROBO1	DUTT1|FLJ21882|SAX3
Immature neurons	EPHA7	Hek11
Immature neurons	EPHA3	HEK|HEK4|ETK1
Immature neurons	YY2	ZNF631
Immature neurons	SLC1A1	EAAC1|EAAT3
Immature neurons	NOTCH3	CASIL|CADASIL
Immature neurons	NOTCH1	TAN1
Immature neurons	LHX6	LHX6.1
Immature neurons	NES	FLJ21841
Immature neurons	RBFOX3	FOX-3|NeuN|HRNBP3
Immature neurons	CREB1	NA
Immature neurons	NEUROD1	BETA2|BHF-1|NeuroD|bHLHa3|MODY6|NEUROD
Immature neurons	ASCL1	HASH1|bHLHa46
Immature neurons	NTRK1	TRKA|MTC
Immature neurons	SYN1	NA
Immature neurons	NF1	NA
Immature neurons	BCL2	Bcl-2|PPP1R50
Immature neurons	SLC6A5	NA
Immature neurons	FOXD2	FREAC9|FKHL17
Immature neurons	ICAM5	TLCN
Immature neurons	SSTR2	NA
Immature neurons	NEUROG2	Atoh4|Math4A|ngn-2|bHLHa8|NGN2
Intercalated cells	FOXI1	FREAC6|FKHL10
Intercalated cells	SLC26A11	NA
Intercalated cells	CLCNKB	hClC-Kb
Intercalated cells	SLC4A1	RTA1A|CD233|FR|SW|WR|EPB3|AE1|DI|WD
Intercalated cells	SLC26A4	PDS|DFNB4
Intercalated cells	ATP6V1B1	RTA1B|ATP6B1
Intercalated cells	SLC4A8	NA
Intercalated cells	AQP6	AQP2L
Intercalated cells	ATP6V1C2	VMA5|ATP6C2
Intercalated cells	ATP6V1G3	ATP6G3
Intercalated cells	ATP6V0D2	FLJ38708|VMA6|ATP6D2
Intercalated cells	OXGR1	P2RY15|P2Y15|aKGR|GPR99|GPR80
Intercalated cells	RHCG	RHGK|PDRC2|SLC42A3|C15orf6
Intercalated cells	TMEM213	NA
Intercalated cells	EGF	NA
Intercalated cells	FXYD2	MGC12372|ATP1G1|HOMG2
Intercalated cells	AVPR1A	AVPR1
Intercalated cells	CLCNKA	hClC-Ka
Intercalated cells	RHBG	SLC42A2
Intercalated cells	DMRT2	NA
Intercalated cells	P2RY14	KIAA0001|GPR105
Intercalated cells	AP1S3	NA
Intercalated cells	INSRR	IRR
Intercalated cells	JAG1	AHD|AWS|HJ1|CD339|AGS|JAGL1
Intercalated cells	ADGRF5	DKFZp564O1923|KIAA0758|GPR116
Interneurons	CALB1	CALB
Interneurons	CCK	NA
Interneurons	CHAT	NA
Interneurons	VSX2	RET1|HOX10|CHX10
Interneurons	EN1	NA
Interneurons	ETV1	ER81
Interneurons	EVX1	NA
Interneurons	GAD1	GAD
Interneurons	ISL1	Isl-1|ISLET1
Interneurons	LHX1	LIM-1
Interneurons	LHX5	NA
Interneurons	LHX3	NA
Interneurons	LHX6	LHX6.1
Interneurons	GRM1	GPRC1A|mGlu1|MGLUR1|PPP1R85
Interneurons	NPY	PYY4
Interneurons	OPRM1	MOR1
Interneurons	GRIN2D	GluN2D|EB11|NR2D|NMDAR2D
Interneurons	NOS1	nNOS
Interneurons	PVALB	D22S749
Interneurons	PAX2	NA
Interneurons	SST	SMST
Interneurons	TACR1	SPR|NK1R|TAC1R
Interneurons	VIP	NA
Interneurons	CRHR1	CRF-R|CRF1|CRHR
Interneurons	PACSIN1	SDPI
Interneurons	SYN1	NA
Interneurons	FGF12	FHF1|FGF12B
Interneurons	NXPH1	NA
Interneurons	SYT7	IPCA-7|SYT-VII|MGC150517|PCANAP7
Interneurons	PTPRO	PTPU2|GLEPP1|PTP-U2|PTP-oc|NPHS6
Interneurons	DLGAP1	GKAP|SAPAP1|DAP-1
Interneurons	GNG4	NA
Interneurons	HAP1	hHLP1|HIP5
Interneurons	SHISA8	Orf26|C22orf17
Interneurons	PCBP3	FLJ44028|PCBP3-OT1|PCBP3OT
Interneurons	ABAT	GABAT
Interneurons	PCP4L1	IQM1
Interneurons	GAL	GMAP|GAL-GMAP|GLNN|GALN
Interneurons	TH	DYT5b
Interneurons	SYNPR	MGC26651
Interneurons	TRH	NA
Interneurons	ADCY8	HBAC1|AC8|ADCY3
Interneurons	CTGF	IGFBP8|CCN2
Interneurons	EML5	HuEMAP-2
Interneurons	TMEM132D	KIAA1944|MOLT|PPP1R153
Interneurons	BACE1	BACE
Interneurons	CACNG2	stargazin|MGC138502|MGC138504
Interneurons	ISCA1	MGC4276|ISA1|hIscA|HBLD2
Interneurons	LPGAT1	KIAA0205|FAM34A1|NET8|FAM34A
Interneurons	NAT14	KLP1
Interneurons	SLC12A5	KIAA1176|KCC2
Interneurons	DEPTOR	DEP.6|FLJ12428|DEPDC6
Interneurons	SLC22A15	FLIPT1
Interneurons	PDE4A	DPDE2
Interneurons	CACNA1I	Cav3.3
Interneurons	FRYL	DKFZp686E205|AF4p12|MOR2|KIAA0826
Interneurons	CAR11	NA
Interneurons	SURF1	NA
Interneurons	TRIM9	SPRING|RNF91
Interneurons	KCNC1	Kv3.1
Interneurons	RAB3B	NA
Interneurons	CDK17	PCTAIRE2|PCTK2
Interneurons	RGS17	RGSZ2|RGS-17
Interneurons	ABCC5	MRP5|SMRP|EST277145|MOAT-C
Interneurons	RAB26	NA
Interneurons	VLDLR	CARMQ1|CHRMQ1|VLDLRCH
Interneurons	CACNG7	NA
Interneurons	INAFM1	PRR24
Interneurons	BRINP1	FAM5A|DBCCR1
Interneurons	PIANP	DKFZp547D2210|PANP|C12orf53
Interneurons	CPLX1	CPX-I
Interneurons	SHISA6	FLJ45455
Interneurons	DHRS3	retSDR1|Rsdr1|RDH17|SDR16C1
Interneurons	GRIA4	GluA4|GLURD|GLUR4
Interneurons	NRSN2	dJ1103G7.6|C20orf98
Interneurons	CDHR1	KIAA1775|CORD15|RP65|PCDH21
Interneurons	ABR	MDB
Interneurons	NRN1	NRN
Interneurons	HIVEP2	MBP-2|HIV-EP2|MIBP1|ZAS2|Schnurri-2|ZNF40B
Interneurons	NXPH4	NPH4
Interneurons	CDH4	NA
Interneurons	CHST1	KSGal6ST
Interneurons	SHISA9	NA
Interneurons	EOMES	TBR2
Interneurons	NMB	MGC2277|MGC3936|MGC17211
Interneurons	LY6G6E	G6e|C6orf22
Interneurons	CALN1	CABP8
Interneurons	CASK	LIN2|CAGH39|FGS4|TNRC8
Interneurons	CACNA1E	Cav2.3|BII|CACH6|CACNL1A6
Interneurons	FAM81A	MGC26690
Interneurons	CAMKV	MGC8407|VACAMKL
Interneurons	ARHGAP21	KIAA1424|ARHGAP10
Interneurons	DDN	KIAA0749
Interneurons	SV2B	KIAA0735|HsT19680
Interneurons	FRRS1L	CG-6|C9orf4
Interneurons	ACSL4	ACS4|LACS4|FACL4|MRX63|MRX68
Interneurons	CAMK4	CaMK-GR
Interneurons	NPTXR	NA
Interneurons	LINGO1	FLJ14594|LERN1|LRRN6A
Interneurons	HPCAL4	HLP4|DKFZp761G122
Interneurons	LMO3	Rhom-3|RBTNL2
Interneurons	LYPD1	MGC29643|LYPDC1
Interneurons	CHN1	ARHGAP2|n-chimerin|DURS2
Interneurons	NRGN	NA
Interneurons	SLC17A7	BNPI|VGLUT1
Interneurons	CAMK2A	KIAA0968|CAMKA
Interneurons	PRKCB	PRKCB2|PKCB|PRKCB1
Interneurons	NCALD	NA
Interneurons	RAB15	NA
Interneurons	FBXW11	KIAA0696|Fbw1b|BTRCP2|BTRC2|Hos|Fbw11|FBXW1B
Interneurons	ADCY1	AC1|DFNB44
Interneurons	FBXO11	FBX11|UBR6
Interneurons	IGSF21	MGC15730|RP11-121A23.1
Interneurons	SRGAP3	KIAA0411|MEGAP|WRP|ARHGAP14|SRGAP2
Interneurons	NTNG1	KIAA0976|Lmnt1
Interneurons	MAGEE1	KIAA1587|DAMAGE
Interneurons	SCAMP1	SCAMP37
Interneurons	PSD3	KIAA0942|HCA67|EFA6R|DKFZp761K1423|EFA6D
Interneurons	RORA	RZRA|ROR1|ROR2|ROR3|NR1F1
Interneurons	DCAF7	HAN11|SWAN-1|WDR68
Interneurons	VGF	SCG7|SgVII
Interneurons	EID2	EID-2|MGC20452|CRI2
Interneurons	RGMA	RGM|RGMa
Interneurons	SCRT1	DKFZp547F072|ZNF898
Interneurons	POU2F2	OTF2
Interneurons	NBEA	KIAA1544|BCL8B|FLJ10197|LYST2
Interneurons	SRGAP1	KIAA1304|ARHGAP13
Interneurons	FCHSD2	KIAA0769|SH3MD3
Interneurons	SLC16A1	NA
Interneurons	SLC36A1	LYAAT-1|TRAMD3
Interneurons	ATG12	APG12|APG12L
Interneurons	SLC17A6	DNPI|VGLUT2
Interneurons	AGAP1	KIAA1099|GGAP1|CENTG2
Interneurons	ZDHHC22	C14orf59
Interneurons	ACBD5	DKFZp434A2417|KIAA1996
Interneurons	AQP4	MIWC
Interneurons	TMEM163	DKFZP566N034|SV31
Interneurons	ZDHHC17	HIP14|HYPH|KIAA0946
Interneurons	KITL	NA
Interneurons	ZIC4	NA
Interneurons	NEFM	NFM|NF-M|NEF3
Interneurons	L1CAM	CD171|HSAS1|SPG1|HSAS|MIC5
Interneurons	IDS	SIDS
Interneurons	DNM3	KIAA0820
Interneurons	DNAJC6	KIAA0473|PARK19
Interneurons	ADGRA1	KIAA1828|GPR123
Interneurons	DZANK1	FLJ10600|dJ568F9.2|FLJ30892|bA189K21.8|ANKRD64|C20orf84|C20orf12
Interneurons	SCN2B	NA
Interneurons	HSPA12A	FLJ13874|KIAA0417
Interneurons	SYT13	KIAA1427
Interneurons	RAMP3	NA
Interneurons	LYNX1	SLURP2
Interneurons	KCNA2	Kv1.2
Interneurons	OXR1	TLDC3
Interneurons	DISP2	DISPB|KIAA1742|HsT16908|LINC00594|C15orf36
Interneurons	PCSK2	SPC2|NEC2
Interneurons	SHOX2	SHOT|OG12X|OG12
Interneurons	SCN8A	Nav1.6|NaCh6|PN4|CerIII|CIAT
Interneurons	AAK1	KIAA1048|DKFZp686K16132
Interneurons	GABRA4	NA
Interneurons	NRIP3	C11orf14
Interneurons	HLF	MGC33822
Interneurons	PRKCD	NA
Interneurons	PTPN3	PTPH1
Interneurons	KCNC2	Kv3.2
Interneurons	CDKL5	EIEE2|CFAP247|STK9
Interneurons	CCDC136	KIAA1793|NAG6|DKFZP434G156
Interneurons	KCNMA1	KCa1.1|mSLO1|SLO
Interneurons	SPOCK3	testican-3
Interneurons	PTPN4	PTPMEG
Interneurons	PDP1	PDP|PDH|PPM2A|PPM2C
Interneurons	RGS7BP	R7BP
Interneurons	PLCB4	NA
Interneurons	GABBR2	HG20|GABABR2|GPRC3B|GPR51
Interneurons	ELMO1	KIAA0281|ELMO-1
Interneurons	ADARB1	ADAR2|DRADA2|ADAR2g|DRABA2|RED1|hRED1|ADAR2a-L1|ADAR2a-L2|ADAR2a-L3|ADAR2a|ADAR2b|ADAR2c|ADAR2d
Interneurons	ILDR2	C1orf32
Interneurons	AKAP8L	NAKAP95|HAP95
Interneurons	SPTY2D1	FLJ39441|DKFZp686I068|Spt2
Interneurons	PCF11	KIAA0824
Interneurons	PARM1	DKFZP564O0823|Cipar1|WSC4
Interneurons	PITX2	IGDS|Brx1|Otlx2|IRID2|IHG2|RIEG|RIEG1|RGS
Interneurons	PITX1	POTX|BFT
Interneurons	CLDN9	NA
Interneurons	TCEAL3	MGC15737|WEX8
Interneurons	FIGF	NA
Interneurons	KCNK9	K2p9.1|TASK3|TASK-3
Interneurons	TSHB	NA
Interneurons	RORB	RZRB|NR1F2|ROR-BETA
Interneurons	GATA2	NFE1B
Interneurons	TIMELESS	hTIM
Interneurons	CXCL14	BRAK|NJAC|bolekine|Kec|MIP-2g|BMAC|SCYB14
Interneurons	APOC3	NA
Interneurons	CES1D	NA
Interneurons	CGA	GPHa|GPHA1|FSHA|LHA|TSHA
Interneurons	ADORA2A	RDC8|ADORA2
Interneurons	RPRML	MGC43894
Interneurons	CACNB1	CACNLB1
Interneurons	KCNQ5	Kv7.5
Interneurons	PRKCG	PKCC|MGC57564|PKCG|SCA14
Interneurons	GABRA5	NA
Interneurons	PAX6	D11S812E|AN2
Interneurons	PNOC	PPNOC|N/OFQ|NOP
Interneurons	HTR3A	5-HT3R|5-HT3A
Interneurons	RELN	RL|PRO1598
Interneurons	CALB2	CAL2
Interneurons	PDE1A	NA
Interneurons	ADGRL2	KIAA0786|LEC1|LPHH1|LPHN2
Interneurons	KCNIP2	KCHIP2
Interneurons	RGS10	NA
Interneurons	NOV	IGFBP9|CCN3
Interneurons	CPNE5	CPN5|COPN5|KIAA1599
Interneurons	SLC5A7	hCHT|CHT1
Interneurons	CRH	CRH1
Interneurons	GDA	NA
Interneurons	SEMA3E	M-SemaK|KIAA0331|coll-5|SEMAH
Interneurons	DLX1	NA
Interneurons	DLX2	TES-1
Interneurons	DLX5	NA
Interneurons	ARX	ISSX|CT121|EIEE1|MRXS1|PRTS|MRX76|MRX54|MRX43|MRX36|MRX29|MRX32|MRX33|MRX38|MRX87
Interneurons	NDNF	FLJ23191|C4orf31
Ionocytes	FOXI1	FREAC6|FKHL10
Ionocytes	CFTR	ABC35|TNR-CFTR|CFTR/MRP|CF|ABCC7
Ionocytes	ASCL3	bHLHa42|HASH3|Sgn1
Ionocytes	CYP2F2	NA
Ionocytes	SCGB1A1	CC10|CCSP|CC16|UGB
Ionocytes	FOXN4	NA
Ionocytes	TFCP2L1	LBP-9|CRTR1
Ionocytes	SLC12A2	NKCC1|BSC|BSC2|PPP1R141
Ionocytes	CLCNKB	hClC-Kb
Ionocytes	KCNMA1	KCa1.1|mSLO1|SLO
Ionocytes	SLC9A4	NHE4
Ionocytes	SLC9A7	NHE7
Juxtaglomerular cells	TRPV4	OTRPC4|TRP12|VROAC|VRL-2|VR-OAC|CMT2C
Juxtaglomerular cells	REN	NA
Juxtaglomerular cells	TH	DYT5b
Juxtaglomerular cells	REN1	NA
Juxtaglomerular cells	AKR1B7	NA
Juxtaglomerular cells	ACTA2	ACTSA
Juxtaglomerular cells	MYH11	SMMHC|SMHC
Juxtaglomerular cells	CNN1	Sm-Calp
Keratinocytes	CALML5	CLSP
Keratinocytes	CD24	CD24A
Keratinocytes	FLG	NA
Keratinocytes	KPRP	C1orf45
Keratinocytes	ICAM1	CD54
Keratinocytes	IVL	NA
Keratinocytes	TGM1	TGASE|TGK|LI|LI1|ICR2
Keratinocytes	KRT1	KRT1A
Keratinocytes	KRT5	KRT5A|EBS2
Keratinocytes	KRT14	EBS3|EBS4
Keratinocytes	KRT16	NEPPK
Keratinocytes	KRT17	PCHC1
Keratinocytes	LAMA5	NA
Keratinocytes	LCN2	NGAL|24p3
Keratinocytes	PLEC	PLTN|EBS1|PLEC1
Keratinocytes	PI3	ESI|SKALP|ELAFIN|WAP3|WFDC14|cementoin
Keratinocytes	SPRR1A	NA
Keratinocytes	SPRR1B	GADD33|SPRR1
Keratinocytes	GJB3	CX31|EKV
Keratinocytes	IRF3	NA
Keratinocytes	LAMC2	nicein-100kDa|kalinin-105kDa|BM600-100kDa|EBR2|LAMB2T|LAMNB2|EBR2A
Keratinocytes	SIRT7	NA
Keratinocytes	RIPK4	DIK|ANKK2|RIP4|PKK|ANKRD3
Keratinocytes	REL	I-Rel|c-Rel
Keratinocytes	IL13RA1	IL-13Ra|NR4|CD213a1
Keratinocytes	SGPP1	NA
Keratinocytes	PKP3	NA
Keratinocytes	PKP1	B6P
Keratinocytes	ANXA8	ANX8
Keratinocytes	TRIM29	FLJ36085
Keratinocytes	DSC3	CDHF3|DSC|DSC1|DSC2|DSC4
Keratinocytes	FST	NA
Keratinocytes	AQP3	GIL
Keratinocytes	KRT15	K15|CK15|K1CO
Keratinocytes	S100A14	BCMP84
Keratinocytes	DMKN	ZD52F10
Keratinocytes	ENTPD2	NTPDase-2|CD39L1
Keratinocytes	FGF5	NA
Keratinocytes	NGFR	TNFRSF16|CD271|p75NTR
Keratinocytes	TFAP2A	AP-2|TFAP2|AP2TF
Keratinocytes	LGALS7	TP53I1|LGALS7A
Keratinocytes	CXCL1	SCYB1|GROa|MGSA-a|NAP-3|MGSA|GRO1|FSP
Keratinocytes	CCL2	MCP1|MCP-1|MCAF|SMC-CF|GDCF-2|HC11|MGC9434|SCYA2
Keratinocytes	SFN	YWHAS
Keratinocytes	KRT10	K10|CK10|KPP
Keratinocytes	SBSN	UNQ698|HLAR698
Keratinocytes	KRT84	Hb-4|KRTHB4
Keratinocytes	KRT36	KRTHA6
Kidney progenitor cells	OSR1	NA
Kidney progenitor cells	PAX2	NA
Kidney progenitor cells	EYA1	NA
Kidney progenitor cells	WT1	WIT-2|AWT1|NPHS4|GUD
Kidney progenitor cells	SIX2	NA
Kidney progenitor cells	SALL1	Hsal1|ZNF794|TBS
Kidney progenitor cells	CITED1	MSG1
Kupffer cells	TNF	TNFSF2|DIF|TNF-alpha|TNFA
Kupffer cells	LYZ	NA
Kupffer cells	MPO	NA
Kupffer cells	VSIG4	Z39IG
Kupffer cells	PROK2	PK2|BV8|MIT1|KAL4
Kupffer cells	STARD5	MGC10327
Kupffer cells	MSR1	SCARA1|CD204|SR-AI|SR-AII|SR-AIII|SR-A
Kupffer cells	TLR9	CD289
Kupffer cells	PPARA	hPPAR|NR1C1|PPAR
Kupffer cells	TREM1	TREM-1|CD354
Kupffer cells	SLC11A1	NRAMP|NRAMP1
Kupffer cells	TLR4	hToll|CD284|TLR-4|ARMD10
Kupffer cells	MMP13	CLG3
Kupffer cells	CD14	NA
Kupffer cells	VDR	NR1I1|PPP1R163
Kupffer cells	CHIT1	CHIT|CHI3
Kupffer cells	OSM	MGC20461
Kupffer cells	PPARD	NUC1|NUCII|FAAR|NR1C2
Kupffer cells	CLEC4F	FLJ39110|KCLR
Kupffer cells	ADGRE1	TM7LN3|EMR1
Kupffer cells	IL1B	IL1F2|IL-1B|IL1-BETA
Kupffer cells	SLC40A1	MTP1|IREG1|FPN1|HFE4|SLC11A3
Kupffer cells	G6PD	G6PD1
Kupffer cells	FCNA	NA
Kupffer cells	TIMD4	NA
Kupffer cells	MNDA	PYHIN3
Kupffer cells	SLC15A3	PHT2|hPTR3
Kupffer cells	DNASE1L3	DNAS1L3|LSD
Kupffer cells	MARCO	SCARA2|SR-A6
Kupffer cells	EAR2	NA
Kupffer cells	HFE	HLA-H
Kupffer cells	CD38	NA
Kupffer cells	ADGRE4	NA
Kupffer cells	CD163	MM130|SCARI1
Kupffer cells	CCR5	CKR-5|CC-CKR-5|CKR5|CD195|IDDM22|CMKBR5
Kupffer cells	CLEC1B	CLEC2
Kupffer cells	SIGLECF	NA
Kupffer cells	CLEC4G	UNQ431|LSECtin
Kupffer cells	GPIHBP1	LOC338328|GPI-HBP1
Kupffer cells	FOLR2	NA
Kupffer cells	PLTP	BPIFE
Kupffer cells	FTL	MGC71996|NBIA3
Kupffer cells	IRF7	NA
Kupffer cells	SPIC	MGC40611|SPI-C
Kupffer cells	CSF1R	C-FMS|CSFR|CD115|FMS
Kupffer cells	C1QC	C1QG
Kupffer cells	C1QA	NA
Kupffer cells	C1QB	NA
Kupffer cells	CLEC4E	mincle|CLECSF9
Langerhans cells	ACHE	YT
Langerhans cells	CD1A	NA
Langerhans cells	FCGR1A	CD64|CD64A
Langerhans cells	HLA-DMA	D6S222E|RING6
Langerhans cells	HLA-DMB	D6S221E|RING7
Langerhans cells	HLA-DQA1	HLA-DQA
Langerhans cells	HLA-DQA2	HLA-DXA
Langerhans cells	HLA-DQB1	HLA-DQB
Langerhans cells	HLA-DQB2	HLA-DXB
Langerhans cells	HLA-DQB3	D6S205|D6S205E|DVB|DQB3|HLA-DVB
Langerhans cells	HLA-DRA	HLA-DRA1
Langerhans cells	HLA-DRB1	HLA-DR1B
Langerhans cells	HLA-DRB5	NA
Langerhans cells	HLA-DRB6	NA
Langerhans cells	HLA-DRB9	D6S206|D6S206E|HLA-DRB1L|HLA-DR1BL
Langerhans cells	CD207	Langerin|CLEC4K
Langerhans cells	EHF	ESE3|ESEJ
Langerhans cells	PRKCB	PRKCB2|PKCB|PRKCB1
Langerhans cells	AHR	bHLHe76
Langerhans cells	GPNMB	NMB|HGFIN
Langerhans cells	EPCAM	Ly74|TROP1|GA733-2|EGP34|EGP40|EGP-2|KSA|CD326|Ep-CAM|HEA125|KS1/4|MK-1|MH99|MOC31|323/A3|17-1A|TACST-1|CO-17A|M4S1|MIC18|TACSTD1
Langerhans cells	CD80	B7.1|B7-1|CD28LG|CD28LG1
Langerhans cells	PTPRC	T200|CD45
Langerhans cells	TLR2	TIL4|CD282
Langerhans cells	TLR4	hToll|CD284|TLR-4|ARMD10
Langerhans cells	TLR9	CD289
Langerhans cells	FCGR2A	CD32A|IGFR2|CDw32|FCGR2A1
Langerhans cells	CCR6	CKR-L3|GPR-CY4|CMKBR6|GPR29|DRY-6|DCR2|BN-1|CD196|STRL22
Langerhans cells	DEFB3	NA
Langerhans cells	CLDN1	SEMP1|ILVASC
Leydig cells	HSD11B2	SDR9C3
Leydig cells	MAFB	KRML
Leydig cells	ALDH1A1	RALDH1|PUMB1|ALDH1
Leydig cells	SLC9A8	KIAA0939|NHE8
Leydig cells	KISS1	NA
Leydig cells	PDE8A	HsT19550
Leydig cells	LEP	OBS
Leydig cells	CXCL10	IFI10|IP-10|crg-2|mob-1|C7|gIP-10|INP10|SCYB10
Leydig cells	PTCH1	BCNS|NBCCS|PTCH
Leydig cells	GATA4	NA
Leydig cells	ACSBG1	BGM|FLJ30320|MGC14352|BG1|KIAA0631|hBG1|hsBG
Leydig cells	INHA	NA
Leydig cells	HSD3B1	SDR11E1|HSDB3|HSD3B
Leydig cells	DHCR7	SLOS
Leydig cells	CALB2	CAL2
Leydig cells	CYP17A1	P450C17|CPT7|S17AH|CYP17
Leydig cells	CYP11A1	P450SCC|CYP11A
Leydig cells	IGF1	IGF1A|IGFI|IGF-I|IGF
Leydig cells	INSL3	RLF|MGC119818|MGC119819|RLNL
Leydig cells	NR5A2	FTZ-F1beta|hB1F|FTZ-F1|hB1F-2|B1F2|LRH1|FTF
Leydig cells	LHCGR	LHR|LCGR|LGR2|HHG
Leydig cells	MLANA	NA
Leydig cells	RLN1	NA
Leydig cells	RLN2	RLXH2|bA12D24.1.1|bA12D24.1.2
Leydig cells	RLN3	ZINS4|RXN3
Leydig cells	TAC1	NPK|TAC2|NKNA
Leydig cells	STAR	StAR|STARD1
Leydig cells	THBS2	TSP2
Leydig cells	PTGDS	L-PGDS
Leydig cells	LCN2	NGAL|24p3
Leydig cells	HSD17B3	SDR12C2
Leydig cells	ASS1	CTLN1|ASS
Leydig cells	PRLR	NA
Leydig cells	REN1	NA
Leydig cells	AKR1CL	NA
Leydig cells	CYP26B1	P450RAI-2
Leydig cells	IGF2	FLJ44734|IGF-II|C11orf43
Leydig cells	IGFBP5	NA
Leydig cells	CFD	ADN|DF|PFD
Leydig cells	DLK1	FA1|pG2|Pref-1|ZOG|Delta1
Leydig cells	IGFBP3	IBP3|BP-53
Leydig cells	INHBA	NA
Leydig cells	VIT	NA
Leydig cells	ALDH1A3	RALDH3|ALDH6
Leydig cells	NOS1	nNOS
Leydig cells	EDNRA	ET-A|ETA-R|hET-AR
Leydig cells	SMOC2	SMAP2
Leydig cells	ADAM21	ADAM31
Leydig cells	ESRRG	NR3B3|ERRg|ERR-gamma
Leydig cells	GPRC6A	bA86F4.3
Leydig cells	GJA1	CX43|ODOD|SDTY3|ODDD|GJAL
Leydig cells	GAS6	AXSF|FLJ34709|DKFZp666G247|AXLLG
Leydig cells	SULT1E1	STE
Leydig cells	CYP19A1	ARO|P-450AROM|CPV1|ARO1|CYAR|aromatase|CYP19
Leydig cells	PLAUR	URKR|UPAR|CD87
Leydig cells	FABP9	PERF|T-FABP|PERF15
Loop of Henle cells	CLDN16	PCLN1|HOMG3
Loop of Henle cells	CLDN8	NA
Loop of Henle cells	UMOD	NA
Loop of Henle cells	FABP4	A-FABP|aP2
Loop of Henle cells	AQP1	CHIP28|CO
Loop of Henle cells	CLDN10	OSP-L|CPETRL3
Loop of Henle cells	CLDN19	NA
Loop of Henle cells	SLC12A1	NKCC2
Loop of Henle cells	DEFB1	HBD-1|DEFB-1|DEFB101|HBD1|BD1|MGC51822
Loop of Henle cells	CLCNKA	hClC-Ka
Loop of Henle cells	TRPM7	CHAK1|LTRPC7|TRP-PLIK
Loop of Henle cells	CDH6	NA
Loop of Henle cells	LCN2	NGAL|24p3
Loop of Henle cells	DKK1	SK|DKK-1
Loop of Henle cells	DACH1	DACH
Loop of Henle cells	SLC12A3	NCCT
Loop of Henle cells	SLC11A2	DCT1|NRAMP2
Loop of Henle cells	ARVCF	NA
Loop of Henle cells	RGS5	NA
Loop of Henle cells	COX4I2	COXIV-2|COX4B|dJ857M17.2|COX4-2|COX4L2
Loop of Henle cells	CYP4B1	NA
Loop of Henle cells	PARVB	CGI-56
Loop of Henle cells	SH3RF2	FLJ23654|RNF158|Hepp1|POSHER|PPP1R39
Loop of Henle cells	HEY2	bHLHb32|HERP1|HESR2
Loop of Henle cells	NKAIN4	bA261N11.2|FAM77A|C20orf58
Loop of Henle cells	ADAMTS5	ADMP-2|ADAMTS11
Loop of Henle cells	CXCL1	SCYB1|GROa|MGSA-a|NAP-3|MGSA|GRO1|FSP
Loop of Henle cells	GEM	NA
Loop of Henle cells	FGA	NA
Loop of Henle cells	PLA2G7	LDL-PLA2
Loop of Henle cells	THBS1	TSP1|THBS|TSP|THBS-1|TSP-1
Loop of Henle cells	ENC1	PIG10|ENC-1|TP53I10|KLHL37|NRPB
Loop of Henle cells	SPSB1	SSB-1
Loop of Henle cells	ARID5A	MRF-1|RP11-363D14
Loop of Henle cells	CD40	Bp50|TNFRSF5
Loop of Henle cells	SLC14A2	HUT2
Loop of Henle cells	NRGN	NA
Loop of Henle cells	RNF182	MGC33993
Loop of Henle cells	PCSK9	NARC-1|FH3|HCHOLA3
Loop of Henle cells	DRAM1	FLJ11259|DRAM
Loop of Henle cells	ARC	KIAA0278|Arg3.1
Loop of Henle cells	NEK6	SID6-1512
Loop of Henle cells	CDKN1C	P57|BWCR|BWS
Loop of Henle cells	CALCRL	CGRPR|CRLR
Loop of Henle cells	SMARCD3	BAF60C|CRACD3
Loop of Henle cells	KCNT1	KCa4.1|KIAA1422|SLACK|Slo2.2
Loop of Henle cells	PTGS2	NA
Loop of Henle cells	IRX2	NA
Loop of Henle cells	PPP1R1B	DARPP-32|FLJ20940
Loop of Henle cells	LIPG	EDL
Loop of Henle cells	TNNI1	NA
Loop of Henle cells	LRRC66	NA
Loop of Henle cells	IGF1	IGF1A|IGFI|IGF-I|IGF
Luminal epithelial cells	FGFR2	CEK3|TK14|TK25|ECT1|K-SAM|CD332|KGFR|BEK|JWS
Luminal epithelial cells	FGG	NA
Luminal epithelial cells	KRT18	NA
Luminal epithelial cells	ANKRD30A	NY-BR-1
Luminal epithelial cells	SLPI	HUSI-I|BLPI|HUSI|WAP4|WFDC4
Luminal epithelial cells	PROM1	AC133|CD133|RP41|CORD12|PROML1|STGD4
Luminal epithelial cells	KRT19	K19|CK19|K1CS|MGC15366
Luminal epithelial cells	SYTL2	FLJ20163|FLJ21219|KIAA1597|exophilin-4|CHR11SYT|SLP2|SGA72M|MGC102768|PPP1R151
Luminal epithelial cells	CD74	DHLAG
Luminal epithelial cells	AGR2	XAG-2|HAG-2|PDIA17
Luminal epithelial cells	LTF	HLF2
Luminal epithelial cells	SAA2	NA
Luminal epithelial cells	KRT23	K23|DKFZP434G032|HAIK1|CK23|MGC26158
Luminal epithelial cells	SERPINB4	PI11|LEUPIN|SCCA-2|SCCA2
Luminal epithelial cells	SERPINB3	T4-A|HsT1196|SCC
Luminal epithelial cells	WFDC2	HE4|WAP5|dJ461P17.6|EDDM4
Luminal epithelial cells	LCN2	NGAL|24p3
Luminal epithelial cells	BTG1	APRO2
Luminal epithelial cells	CLDN4	CPE-R|WBSCR8|hCPE-R|CPETR|CPETR1
Luminal epithelial cells	ANXA1	ANX1|LPC1
Luminal epithelial cells	HMGA1	HMGIY
Luminal epithelial cells	STC2	STC-2
Luminal epithelial cells	AREG	SDGF|AREGB
Luminal epithelial cells	TNFSF10	TRAIL|Apo-2L|TL2|CD253
Luminal epithelial cells	SERPINA1	AAT|A1A|PI1|alpha-1-antitrypsin|A1AT|alpha1AT|PI
Luminal epithelial cells	PIP	GCDFP-15|GCDFP15|GPIP4
Luminal epithelial cells	ATP7B	WND
Luminal epithelial cells	HIF1A	MOP1|HIF-1alpha|PASD8|HIF1|bHLHe78
Luminal epithelial cells	FGFR4	JTK2|CD334
Luminal epithelial cells	DDR1	RTK6|CD167|NTRK4|PTK3A|EDDR1
Luminal epithelial cells	CEBPD	CRP3|CELF|C/EBP-delta|NF-IL6-beta
Luminal epithelial cells	PGR	NR3C3
Luminal epithelial cells	KRT8	K8|CK8|CYK8|K2C8|KO
Luminal epithelial cells	UXT	ART-27|STAP1
Luminal epithelial cells	PTH1R	PTHR1
Luminal epithelial cells	CD9	BA2|P24|TSPAN29|MRP-1|MIC3
Luminal epithelial cells	AR	AIS|NR3C4|SMAX1|HUMARA|DHTR|SBMA
Luminal epithelial cells	AQP3	GIL
Luminal epithelial cells	ATP2C2	KIAA0703|SPCA2
Luminal epithelial cells	WNT5A	hWNT5A
Luminal epithelial cells	SLC12A2	NKCC1|BSC|BSC2|PPP1R141
Luminal epithelial cells	ESR1	NR3A1|Era|ER-alpha|ESR
Luminal epithelial cells	AQP5	NA
Luminal epithelial cells	RUNX1	PEBP2A2|AMLCR1|AML1|CBFA2
Luminal epithelial cells	CDH1	uvomorulin|CD324|UVO
Luminal epithelial cells	MUC1	CD227|PEM|ADMCKD|ADMCKD1|MCKD|MCKD1
Luminal epithelial cells	ANPEP	gp150|CD13|PEPN
Luminal epithelial cells	KLK3	NA
Luteal cells	AKT1	RAC|PKB|PRKBA|AKT
Luteal cells	LHCGR	LHR|LCGR|LGR2|HHG
Luteal cells	HSD3B1	SDR11E1|HSDB3|HSD3B
Luteal cells	CYP11A1	P450SCC|CYP11A
Luteal cells	EPHX2	NA
Luteal cells	SFRP4	frpHE|FRP-4|FRPHE|FRZB-2
Luteal cells	PLIN5	LSDP5|LSDA5|OXPAT|MLDP
Luteal cells	BHMT	BHMT1
Luteal cells	PGAM1	PGAMA
Luteal cells	CHKA	CKI
Luteal cells	ADAMTS1	C3-C5|METH1|KIAA1346
Luteal cells	SLC16A2	XPCT|MCT8|DXS128|AHDS|MRX22
Luteal cells	PMPCB	MPPB|MPPP52
Luteal cells	SDC1	CD138|syndecan|SYND1|SDC
Luteal cells	BCAT1	BCT1
Luteal cells	RORA	RZRA|ROR1|ROR2|ROR3|NR1F1
Luteal cells	AIF1L	IBA2|FLJ12783|C9orf58
Luteal cells	DHCR7	SLOS
Luteal cells	EPDR1	MERP-1|MERP1|UCC1|EPDR
Luteal cells	AVPI1	VIP32|PP5395|VIT32
Luteal cells	GAMT	PIG2|TP53I2
Luteal cells	PRLR	NA
Luteal cells	TMEM86A	FLJ90119
Luteal cells	CITED4	NA
Luteal cells	DYNLT1A	NA
Luteal cells	GAPDH	GAPD
Luteal cells	FKBP5	FKBP51|FKBP54|Ptg-10
Luteal cells	ME1	NA
Macrophages	ITGAL	CD11A
Macrophages	ITGAM	CD11b|CR3A|CD11B
Macrophages	CD14	NA
Macrophages	FUT4	FUC-TIV|CD15|ELFT
Macrophages	FCGR3A	CD16a
Macrophages	CD33	SIGLEC3|SIGLEC-3|FLJ00391
Macrophages	FCGR1A	CD64|CD64A
Macrophages	CD80	B7.1|B7-1|CD28LG|CD28LG1
Macrophages	LILRB4	LIR-5|ILT3|HM18|LIR5|CD85k
Macrophages	CD86	B7.2|B7-2|CD28LG2
Macrophages	CD163	MM130|SCARI1
Macrophages	CCR5	CKR-5|CC-CKR-5|CKR5|CD195|IDDM22|CMKBR5
Macrophages	TLR2	TIL4|CD282
Macrophages	TLR4	hToll|CD284|TLR-4|ARMD10
Macrophages	ADGRE1	TM7LN3|EMR1
Macrophages	GPR34	NA
Macrophages	CCL9	NA
Macrophages	TREM2	TREM-2|Trem2a|Trem2b|Trem2c
Macrophages	FABP4	A-FABP|aP2
Macrophages	S100A8	P8|CGLA|CAGA
Macrophages	WFDC17	NA
Macrophages	CPM	NA
Macrophages	CHIT1	CHIT|CHI3
Macrophages	F13A1	F13A
Macrophages	H2-DMA	NA
Macrophages	CX3CR1	CMKDR1|V28|GPR13|CMKBRL1
Macrophages	CXCL16	SR-PSOX|CXCLG16|SRPSOX
Macrophages	TGFBR1	ALK-5|ALK5|TBRI|TBR-i|MSSE|ESS1
Macrophages	SLAMF9	CD2F-10|CD84-H1|SF2001
Macrophages	MGL2	NA
Macrophages	SCIMP	DTFT5783|UNQ5783|FLJ32580|MGC163426|MGC163428|C17orf87
Macrophages	LILRA5	ILT11|LIR9|CD85f|LILRB7
Macrophages	CLEC4A2	NA
Macrophages	CCL12	NA
Macrophages	CD83	HB15|BL11
Macrophages	C3AR1	C3AR|AZ3B
Macrophages	STAB1	KIAA0246|STAB-1|FEEL-1|CLEVER-1|FELE-1|FEX1|SCARH2
Macrophages	MRC1	CLEC13D|CD206|bA541I19.1|CLEC13DL|MRC1L1
Macrophages	PARP14	KIAA1268|pART8
Macrophages	SEPP1	NA
Macrophages	FGD2	ZFYVE4
Macrophages	FCGR1	NA
Macrophages	RAB7B	MGC9726|MGC16212
Macrophages	RBPJ	IGKJRB|RBPJK|KBF2|RBP-J|CBF1|IGKJRB1|RBPSUH
Macrophages	SLCO2B1	OATP-B|OATP2B1|SLC21A9
Macrophages	NAAA	ASAHL
Macrophages	MARCH1	FLJ20668|MARCH-I|RNF171
Macrophages	EGLN3	PHD3|HIFPH3
Macrophages	JAML	Gm638|AMICA|AMICA1
Macrophages	FGL2	pT49|T49
Macrophages	CCL6	NA
Macrophages	GPNMB	NMB|HGFIN
Macrophages	CLEC4D	Mpcl|CD368|MCL|Dectin-3|CLECSF8
Macrophages	ADAM8	CD156|MS2|CD156a
Macrophages	ARL11	ARLTS1|FLJ33930
Macrophages	MMP12	HME
Macrophages	LYVE1	LYVE-1|XLKD1
Macrophages	PLTP	BPIFE
Macrophages	VSIG4	Z39IG
Macrophages	MS4A4A	CD20L1|MS4A7
Macrophages	MS4A6A	CD20L3|MS4A6
Macrophages	FPR1	FPR|FMLP
Macrophages	CD180	RP105|Ly78|LY64
Macrophages	RETNLA	NA
Macrophages	GDF15	PLAB|MIC-1|PDF|NAG-1|PTGFB
Macrophages	RAB20	FLJ20429
Macrophages	HFE	HLA-H
Macrophages	TNF	TNFSF2|DIF|TNF-alpha|TNFA
Macrophages	CCR2	CC-CKR-2|CKR2|MCP-1-R|CD192|FLJ78302|CMKBR2
Macrophages	SNX20	SLIC-1|SLIC1
Macrophages	CD209A	NA
Macrophages	FMNL1	C17orf1B|FMNL
Macrophages	GPR132	G2A
Macrophages	SLAMF7	CRACC|19A|CS1|CD319
Macrophages	NCEH1	KIAA1363|NCEH|AADACL1
Macrophages	CCL24	Ckb-6|MPIF-2|eotaxin-2|MPIF2|SCYA24
Macrophages	C5AR1	C5A|C5AR|CD88|C5R1
Macrophages	CD300A	Irp60|CMRF35H|CMRF-35-H9|IRC1|IRC2|IGSF12
Macrophages	CXCL2	SCYB2|GROb|MIP-2a|MGSA-b|CINC-2a|GRO2
Macrophages	CCL7	MCP-3|NC28|FIC|MARC|MCP3|SCYA6|SCYA7
Macrophages	CCL2	MCP1|MCP-1|MCAF|SMC-CF|GDCF-2|HC11|MGC9434|SCYA2
Macrophages	IL1B	IL1F2|IL-1B|IL1-BETA
Macrophages	IRF5	NA
Macrophages	AHR	bHLHe76
Macrophages	MYO1G	HA-2
Macrophages	DUSP5	HVH3
Macrophages	GPR171	H963
Macrophages	CCR7	BLR2|CDw197|CD197|CMKBR7|EBI1
Macrophages	DNASE1L3	DNAS1L3|LSD
Macrophages	CXCL1	SCYB1|GROa|MGSA-a|NAP-3|MGSA|GRO1|FSP
Macrophages	SAMSN1	NASH1|SASH2|SH3D6B|HACS1|SLy2
Macrophages	NR4A3	CSMF|MINOR
Macrophages	CCL22	STCP-1|ABCD-1|DC/B-CK|A-152E5.1|MGC34554|SCYA22
Macrophages	S100A4	P9KA|18A2|PEL98|42A|CAPL
Macrophages	MMP9	CLG4B
Macrophages	HILPDA	FLJ21076|HIG-2|HIG2|C7orf68
Macrophages	NRP2	VEGF165R2
Macrophages	SLC37A2	FLJ00171
Macrophages	CTSK	PKND|CTSO2|CTSO|PYCD
Macrophages	CD36	SCARB3|GPIV|GP4|GP3B
Macrophages	LPCAT2	FLJ20481|AGPAT11|LysoPAFAT|AYTL1
Macrophages	HPGDS	GSTS|H-PGDS|PGD2|GSTS1-1|GSTS1
Macrophages	IFNAR2	IFNABR
Macrophages	MS4A7	CD20L4|CFFM4|MS4A8
Macrophages	SLC11A1	NRAMP|NRAMP1
Macrophages	HPGD	SDR36C1
Macrophages	CCL3	G0S19-1|LD78ALPHA|MIP-1-alpha|SCYA3
Macrophages	CLEC7A	dectin-1|hDectin-1|CD369|SCARE2|CLECSF12
Macrophages	CD5L	Spalpha|API6
Macrophages	LILR4B	NA
Macrophages	CCL5	RANTES|SISd|TCP228|MGC17164|D17S136E|SCYA5
Macrophages	CYTH4	CYT4|cytohesin-4|PSCD4
Macrophages	CLEC4N	NA
Macrophages	CD209F	NA
Macrophages	CD3E	NA
Macrophages	CD19	NA
Macrophages	CD74	DHLAG
Macrophages	LYZ1	NA
Macrophages	CSF1R	C-FMS|CSFR|CD115|FMS
Macrophages	LGALS3	MAC-2|GALIG|LGALS2
Macrophages	CD68	SCARD1|macrosialin|DKFZp686M18236|LAMP4
Macrophages	UCP2	SLC25A8|BMIQ4
Macrophages	TREML4	TLT4
Macrophages	FGR	c-fgr|p55c-fgr|SRC2
Macrophages	CYBB	GP91-PHOX|NOX2|CGD
Macrophages	CD200	MRC|OX-2
Macrophages	CD200R1	HCRTR2|CD200R|MOX2R
Macrophages	GATA6	NA
Macrophages	H2-AB1	NA
Macrophages	H2-EB1	NA
Macrophages	IL4RA	NA
Macrophages	ITGAX	CD11c|CD11C
Macrophages	LY6C1	NA
Macrophages	PPARG	PPARG1|PPARG2|NR1C3|PPARgamma
Macrophages	SIGLECF	NA
Macrophages	TYROBP	DAP12|PLO-SL|KARAP|PLOSL
Macrophages	RGS1	1R20|IR20|BL34|IER1
Macrophages	DAB2	DOC-2
Macrophages	P2RY6	P2Y6
Macrophages	MAF	c-MAF
Macrophages	LYZ2	NA
Macrophages	AIF1	IRT-1|AIF-1|Em:AF129756.17|IBA1
Macrophages	CLEC10A	HML2|HML|CD301|CLECSF14
Macrophages	ADGRE4	NA
Macrophages	ADGRE5	TM7LN1|CD97
Macrophages	CLEC4A3	NA
Macrophages	CLEC4A1	NA
Macrophages	SLC15A3	PHT2|hPTR3
Macrophages	AKR1B3	NA
Macrophages	CYP27A1	CTX|CYP27
Macrophages	SLC7A7	y+LAT-1|LPI
Macrophages	RUNX3	AML2|PEBP2A3|CBFA3
Macrophages	SYK	NA
Mammary epithelial cells	CSN2	CASB
Mammary epithelial cells	CSN1S2A	NA
Mammary epithelial cells	BTN1A1	BT|BTN
Mammary epithelial cells	BTN2A2	BT2.2|BTN2.2
Mammary epithelial cells	BTN3A1	BT3.1|BTF5|CD277|BTN3.1
Mammary epithelial cells	MMP14	MT1-MMP
Mammary epithelial cells	TOX3	CAGF9|TNRC9
Mammary epithelial cells	CDH1	uvomorulin|CD324|UVO
Mammary epithelial cells	FFAR1	FFA1R|GPR40
Mammary epithelial cells	PYGO2	NA
Mammary epithelial cells	SERPINB5	maspin|PI5
Mammary epithelial cells	RUNX2	AML3|PEBP2A1|PEBP2aA1|CCD|CBFA1|CCD1
Mammary epithelial cells	WAP	NA
Mammary epithelial cells	CITED1	MSG1
Mammary epithelial cells	IRF6	OFC6|VWS|LPS
Mammary epithelial cells	SULT1E1	STE
Mammary epithelial cells	KRT14	EBS3|EBS4
Mammary epithelial cells	KDM3A	TSGA|KIAA0742|JHMD2A|JMJD1|JMJD1A
Mammary epithelial cells	SLC30A2	ZNT2
Mammary epithelial cells	PADI2	KIAA0994|PDI2
Mammary epithelial cells	CLDN1	SEMP1|ILVASC
Mammary epithelial cells	ABCG2	EST157481|MXR|BCRP|ABCP|CD338
Mammary epithelial cells	PIP	GCDFP-15|GCDFP15|GPIP4
Mammary epithelial cells	KRT5	KRT5A|EBS2
Mammary epithelial cells	PRLR	NA
Mammary epithelial cells	CLDN4	CPE-R|WBSCR8|hCPE-R|CPETR|CPETR1
Mammary epithelial cells	CSN3	CSN10
Mammary epithelial cells	CSN1S1	CASA
Mammary epithelial cells	RARRES1	LXNL
Mammary epithelial cells	KRT17	PCHC1
Mammary epithelial cells	NNMT	NA
Mammary epithelial cells	ALDH1A3	RALDH3|ALDH6
Mammary epithelial cells	SGMS2	MGC26963|SMS2
Mammary epithelial cells	PIEZO1	KIAA0233|FAM38A
Mammary epithelial cells	ANO1	TAOS2|FLJ10261|DOG1|ORAOV2|TMEM16A
Mammary epithelial cells	WNT5B	NA
Mammary epithelial cells	NEDD9	HEF1|CAS-L|CASS2
Mammary epithelial cells	FOXP4	FLJ40908
Mammary epithelial cells	LSR	LISCH7|ILDR3
Mammary epithelial cells	LIF	CDF|HILDA
Mammary epithelial cells	KRT19	K19|CK19|K1CS|MGC15366
Mammary epithelial cells	KRT7	CK7|K2C7
Mammary epithelial cells	STAT3	APRF
Mammary epithelial cells	KRT8	K8|CK8|CYK8|K2C8|KO
Mammary epithelial cells	KRT18	NA
Mammary epithelial cells	WFDC18	NA
Mast cells	KIT	CD117|SCFR|C-Kit|PBT
Mast cells	ENPP3	PD-IBETA|gp130RB13-6|B10|CD203c|PDNP3
Mast cells	IL2RA	IL2R|IDDM10
Mast cells	FCER2	CLEC4J|CD23|CD23A|FCE2
Mast cells	IL17A	IL-17A|IL-17|CTLA8|IL17
Mast cells	CRH	CRH1
Mast cells	HSD11B1	SDR26C1|HSD11B|HSD11
Mast cells	CD274	B7-H|B7H1|PD-L1|PDL1|B7-H1|PDCD1LG1
Mast cells	CXCR2	CMKAR2|CD182|IL8RB
Mast cells	CXCR4	LESTR|NPY3R|HM89|NPYY3R|D2S201E|fusin|HSY3RR|CD184
Mast cells	CCR3	CC-CKR-3|CKR3|CD193|CMKBR3
Mast cells	CCR5	CKR-5|CC-CKR-5|CKR5|CD195|IDDM22|CMKBR5
Mast cells	LTC4S	MGC33147
Mast cells	GPR34	NA
Mast cells	MGST2	MGST-II
Mast cells	ACHE	YT
Mast cells	CPA3	NA
Mast cells	CPA1	CPA
Mast cells	CMA1	NA
Mast cells	HNMT	NA
Mast cells	TPSAB1	TPSB1|TPS1|TPS2
Mast cells	PTGDS 	L-PGDS
Mast cells	CFP	PFC
Mast cells	RAB27B	NA
Mast cells	ATP8B5	NA
Mast cells	SLA	SLA1|SLAP-1|hSLAP
Mast cells	IL1RL1	ST2|FIT-1|ST2V|DER4|IL33R
Mast cells	CSF2RB2	NA
Mast cells	GNAI1	NA
Mast cells	CFD	ADN|DF|PFD
Mast cells	OSBPL8	OSBP10|ORP8|MST120|MSTP120
Mast cells	ADORA3	NA
Mast cells	HS3ST1	3OST1
Mast cells	CSF2RB	IL5RB|CD131|betaGMR|IL3RB
Mast cells	DAPP1	BAM32
Mast cells	SLC6A4	5-HTT|SERT1|HTT|OCD1
Mast cells	MAOB	NA
Mast cells	LILR4B	NA
Mast cells	CSRNP1	URAX1|DKFZp566F164|FAM130B|TAIP-3|AXUD1
Mast cells	CYP11A1	P450SCC|CYP11A
Mast cells	RGS1	1R20|IR20|BL34|IER1
Mast cells	MRGPRB2	NA
Mast cells	PLEK	NA
Mast cells	MRGPRB1	NA
Mast cells	HDC	NA
Mast cells	MCPT4	NA
Mast cells	TPSB2	NA
Mast cells	TPH1	TPRH|TPH
Mast cells	CD55	TC|CROM|DAF
Mast cells	CD200R3	NA
Mast cells	RGS13	NA
Mast cells	TPSG1	TMT|PRSS31
Mast cells	SOCS1	SOCS-1|SSI-1|JAB|TIP3|Cish1
Mast cells	BTK	ATK|XLA|PSCTK1|AGMX1|IMD1
Mast cells	IL4	BSF1|IL-4|BCGF1|BCGF-1|MGC79402
Mast cells	MS4A2	MS4A1|FCER1B|APY
Mast cells	VWA5A	BCSC-1|LOH11CR2A
Mast cells	FCER1A	FCE1A
Mast cells	MCEMP1	MGC132456|C19orf59
Mast cells	MILR1	Allergin-1|MCA-32|C17orf60
Mast cells	CCL2	MCP1|MCP-1|MCAF|SMC-CF|GDCF-2|HC11|MGC9434|SCYA2
Mast cells	CMA2	NA
Mast cells	CREB3L1	OASIS
Mast cells	EDNRA	ET-A|ETA-R|hET-AR
Mast cells	HS6ST2	NA
Mast cells	KCNE3	MiRP2
Mast cells	MCPT9	NA
Mast cells	MEIS2	HsT18361
Mast cells	MRGPRA4	NA
Mast cells	MRGPRX2	MRGX2
Mast cells	OLFR920	NA
Mast cells	PLAU	URK
Mast cells	ADAMTS9	KIAA1312
Mast cells	CHST1	KSGal6ST
Mast cells	COBL	KIAA0633
Mast cells	CTSG	CG
Mast cells	DNM3	KIAA0820
Mast cells	FAM198B	FLJ38155|DKFZp434L142|ENED|C4orf18
Mast cells	GRIK2	GluK2|MRT6|GLUR6
Mast cells	HPGDS	GSTS|H-PGDS|PGD2|GSTS1-1|GSTS1
Mast cells	HS3ST3A1	3OST3A1|30ST3A1
Mast cells	PAPSS2	ATPSK2
Mast cells	PCBD1	DCOH|PCBD
Mast cells	PCP4L1	IQM1
Mast cells	RNF128	FLJ23516|GRAIL
Mast cells	SERPINB1A	NA
Mast cells	SLC29A1	ENT1
Mast cells	SLC45A3	IPCA-6|prostein|IPCA-2|IPCA-8|PCANAP6|PCANAP2|PCANAP8
Mast cells	STARD13	GT650|DLC2|ARHGAP37|LINC00464
Mast cells	A4GALT	A14GALT|Gb3S|P(k)
Mast cells	ACER3	FLJ11238|APHC|PHCA
Mast cells	ARMCX3	ALEX3|GASP6
Mast cells	ATL2	ARL6IP2
Mast cells	BBS10	FLJ23560|C12orf58
Mast cells	BMPR2	BRK-3|T-ALK|BMPR3|BMPR-II|PPH1
Mast cells	C2	NA
Mast cells	CAR13	NA
Mast cells	CCDC141	FLJ39502|CAMDI
Mast cells	CCL7	MCP-3|NC28|FIC|MARC|MCP3|SCYA6|SCYA7
Mast cells	CDC42BPA	MRCKA|PK428|FLJ23347|KIAA0451|MRCK
Mast cells	CDH9	NA
Mast cells	COPZ2	MGC23008
Mast cells	MCPT2	NA
Mast cells	ZFP9	NA
Mast cells	ZFP521	NA
Mast cells	ZDHHC13	FLJ10852|FLJ10941|HIP14L
Mast cells	WDR60	FLJ10300|FAP163
Mast cells	UNC13B	hmunc13|Unc13h2|UNC13
Mast cells	TRANK1	LBA1|KIAA0342
Mast cells	TIAM2	STEF
Mast cells	TCF7L1	TCF3
Mast cells	STK32B	STKG6|YANK2|STK32|HSA250839
Mast cells	ST6GALNAC3	SIAT7C
Mast cells	SOCS2	STATI2|SSI2|SOCS-2|SSI-2|CIS2|Cish2
Mast cells	SPRED1	FLJ33903|PPP1R147
Mast cells	SMPX	DFNX4|DFN6
Mast cells	SMARCA1	NURF140|SWI|hSNF2L|SNF2L1|SNF2L
Mast cells	SLC7A5	E16|D16S469E|MPE16
Mast cells	SLC4A4	NBC1|HNBC1|NBC2|pNBC|hhNMC|SLC4A5
Mast cells	SLC31A2	hCTR2|CTR2|COPT2
Mast cells	SGCE	DYT11
Mast cells	ROR1	NTRKR1
Mast cells	RNF180	NA
Mast cells	RIOK2	FLJ11159
Mast cells	RBFOX1	A2BP1|FOX-1|HRNBP1
Mast cells	RAPGEF2	PDZ-GEF1|RA-GEF|DKFZP586O1422|KIAA0313|PDZGEF1
Mast cells	PDE1C	Hcam3
Mast cells	PCDH7	BH-Pcdh|PPP1R120
Mast cells	OPTN	FIP2|HYPL|FIP-2|TFIIIA-INTP|HIP7|GLC1E
Mast cells	OLFR918	NA
Mast cells	OLFR917	NA
Mast cells	OLFR915	NA
Mast cells	OAF	MGC52117
Mast cells	NEO1	NGN|HsT17534|IGDCC2|NTN1R2
Mast cells	NDST2	NST2
Mast cells	NCEH1	KIAA1363|NCEH|AADACL1
Mast cells	MT2	NA
Mast cells	MRGPRX1	MRGX1
Mast cells	MLPH	l1Rk3|l(1)-3Rk|Slac-2a|ln|exophilin-3
Mast cells	MITF	MI|bHLHe32|WS2A|WS2
Mast cells	MFGE8	SED1|EDIL1|BA46|OAcGD3S|HsT19888|MFG-E8|hP47|SPAG10
Mast cells	LSAMP	IGLON3
Mast cells	LRRC66	NA
Mast cells	LIMA1	EPLIN
Mast cells	KRT4	CK4|K4|CYK4
Mast cells	KDELR3	NA
Mast cells	IDS	SIDS
Mast cells	HSPA13	STCH
Mast cells	HS2ST1	KIAA0448
Mast cells	GPM6A	GPM6
Mast cells	GP1BA	CD42b|GPIbalpha|GP1B
Mast cells	GNAZ	NA
Mast cells	FAM84A	FLJ35392
Mast cells	FAM129B	DKFZP434H0820|FLJ13518|FLJ22151|FLJ22298|bA356B19.6|MINERVA|C9orf88
Mast cells	EXT1	ttv
Mast cells	ESYT3	CHR3SYT|FAM62C
Mast cells	ENO2	NA
Mast cells	ENAH	FLJ10773|NDPP1|MENA
Mast cells	DUSP1	HVH1|CL100|MKP-1|PTPN10
Mast cells	DGKI	DGK-IOTA
Mast cells	DDC	AADC
Mast cells	DCLK3	KIAA1765|DCDC3C|DCAMKL3
Megakaryocytes	ITGA2B	CD41B|CD41|PPP1R93|GP2B
Megakaryocytes	GP1BA	CD42b|GPIbalpha|GP1B
Megakaryocytes	ITGB3	CD61|GPIIIa|GP3A
Megakaryocytes	MPL	CD110|TPOR
Megakaryocytes	LAT	NA
Megakaryocytes	PLEK	NA
Megakaryocytes	S100A9	MIF|NIF|LIAG|MRP14|MAC387|CGLB|CAGB
Megakaryocytes	S100A8	P8|CGLA|CAGA
Megakaryocytes	PF4	SCYB4|CXCL4
Megakaryocytes	F13A1	F13A
Megakaryocytes	CD9	BA2|P24|TSPAN29|MRP-1|MIC3
Megakaryocytes	EPOR	NA
Megakaryocytes	CXCR4	LESTR|NPY3R|HM89|NPYY3R|D2S201E|fusin|HSY3RR|CD184
Megakaryocytes	GP5	CD42d
Megakaryocytes	CXCR1	CDw128a|CD181|CMKAR1|IL8RA
Megakaryocytes	CXCR2	CMKAR2|CD182|IL8RB
Megakaryocytes	SLAMF1	CD150|SLAM
Megakaryocytes	PDE6B	CSNB3|rd1|RP40|CSNBAD2|PDEB
Megakaryocytes	MATK	HYLTK|CTK|HYL|Lsk|HHYLTK|DKFZp434N1212|MGC1708|MGC2101
Megakaryocytes	SPON2	DIL1
Megakaryocytes	MKL2	NA
Megakaryocytes	TLR9	CD289
Megakaryocytes	KIF5B	KNS|KNS1
Megakaryocytes	GATA1	ERYF1|NFE1|GATA-1
Megakaryocytes	FLI1	SIC-1
Megakaryocytes	PROX1	NA
Megakaryocytes	SYP	MRX96
Megakaryocytes	TSPAN9	NET-5
Megakaryocytes	RGS18	RGS13
Megakaryocytes	TREML1	TLT1|dJ238O23.3
Megakaryocytes	GATA2	NFE1B
Megakaryocytes	VWF	F8VWF
Megakaryocytes	ALOX12	12S-LOX
Megakaryocytes	SELP	CD62|PSEL|PADGEM|GMP140|CD62P|GRMP
Megakaryocytes	NFATC1	NF-ATC|NFATc|NFAT2
Megakaryocytes	CIB1	SIP2-28|KIP
Megakaryocytes	PLK3	FNK|PRK
Megakaryocytes	MAFG	MGC13090|MGC20149
Megakaryocytes	IL2RA	IL2R|IDDM10
Megakaryocytes	PECAM1	CD31
Megakaryocytes	PPARG	PPARG1|PPARG2|NR1C3|PPARgamma
Megakaryocytes	IL6	IL-6|BSF2|HSF|IFNB2
Megakaryocytes	IL21R	CD360
Megakaryocytes	LRP1	CD91|LRP1A|APOER|A2MR|IGFBP3R1
Megakaryocytes	ACHE	YT
Megakaryocytes	VEGFA	VEGF-A|VPF|VEGF
Megakaryocytes	TGFB1	CED|TGFbeta|TGFB|DPD1
Megakaryocytes	GP9	CD42a|GPIX
Melanocytes	AHR	bHLHe76
Melanocytes	MC1R	MSH-R
Melanocytes	PMEL	D12S53E|SI|Pmel17|gp100|SILV
Melanocytes	PTGDS	L-PGDS
Melanocytes	SLC45A2	OCA4|MATP
Melanocytes	MLANA	NA
Melanocytes	MITF	MI|bHLHe32|WS2A|WS2
Melanocytes	TYR	OCAIA|OCA1A|OCA1
Melanocytes	TYRP1	GP75|CATB|TRP|b-PROTEIN|OCA3|TYRP|CAS2
Melanocytes	DCT	TYRP2
Melanocytes	FILIP1L	DOC-1|GIP130
Melanocytes	GPNMB	NMB|HGFIN
Melanocytes	LOXL2	WS9-14|LOR
Melanocytes	ZC3H7A	HSPC055|FLJ20318|ZC3HDC7|ZC3H7
Melanocytes	SLK	se20-9|KIAA0204
Melanocytes	SERPINB1A	NA
Melanocytes	DKK3	REIC
Melanocytes	AHNAK2	C14orf78
Melanocytes	HSPB1	HSP27|HSP28|Hs.76067|Hsp25|CMT2F
Melanocytes	PAX3	HUP2|WS1
Melanocytes	TRPM1	LTRPC1|CSNB1C|MLSN1
Melanocytes	CTNS	CTNS-LSB|PQLC4
Melanocytes	ENPP1	PC-1|NPPS|M6S1|PDNP1
Melanocytes	SOX9	SRA1|CMD1|CMPD1
Melanocytes	BNC2	BSN2|FLJ20043
Melanocytes	MEN1	NA
Melanocytes	POMC	POC|ACTH|NPP|LPH
Melanocytes	TFAP2A	AP-2|TFAP2|AP2TF
Melanocytes	RAB38	NY-MEL-1
Melanocytes	TP63	SHFM4|EEC3|p63|p73L|OFC8|KET|p73H|p53CP|TP73L|TP53L|TP53CP
Melanocytes	CRABP1	CRABP|CRABPI|RBP5
Melanocytes	BMI1	RNF51|PCGF4
Melanocytes	PTN	HBNF|HBGF8|NEGF1
Melanocytes	CCN5	Wisp2|Ccn5|Ctgfl
Melanocytes	PRKN	PDJ|AR-JP|parkin|PARK2
Melanocytes	KLC2	FLJ12387
Melanocytes	IL24	mda-7|IL10B|Mob-5|C49A|FISP|IL-24|ST16
Melanocytes	TPH2	NTPH|FLJ37295
Melanocytes	PPARA	hPPAR|NR1C1|PPAR
Melanocytes	PPARD	NUC1|NUCII|FAAR|NR1C2
Melanocytes	PPARG	PPARG1|PPARG2|NR1C3|PPARgamma
Melanocytes	PRKCA	PKCA
Meningeal cells	FOXC1	FREAC3|IGDA|IHG1|FKHL7|IRID1
Meningeal cells	FOXC2	MFH-1|FKHL14
Meningeal cells	BMP7	OP-1
Meningeal cells	ZIC1	ZIC|ZNF201
Meningeal cells	ZIC3	HTX|ZNF203|HTX1
Meningeal cells	ALDH1A2	RALDH2
Meningeal cells	ALX4	KIAA1788
Meningeal cells	IGF2	FLJ44734|IGF-II|C11orf43
Meningeal cells	VTN	VN
Meningeal cells	IGFBP2	IBP2
Meningeal cells	DCN	DSPG2|SLRR1B
Meningeal cells	LUM	SLRR2D|LDC
Meningeal cells	PDGFRA	CD140a|PDGFR2|GAS9
Meningeal cells	IL33	DVS27|DKFZp586H0523|NF-HEV|IL1F11|C9orf26
Meningeal cells	PTGDS	L-PGDS
Meningeal cells	NNAT	Peg5
Meningeal cells	NOV	IGFBP9|CCN3
Meningeal cells	SLC47A1	FLJ10847|MATE1
Merkel cells	CHGA	NA
Merkel cells	KRT20	CK20|K20|MGC35423
Merkel cells	FLI1	SIC-1
Merkel cells	CD99	MIC2
Merkel cells	GNAI1	NA
Merkel cells	VIL1	D2S1471|VIL
Merkel cells	PIEZO2	FLJ23403|FLJ23144|HsT748|HsT771|FLJ34907|FAM38B2|C18orf30|C18orf58|FAM38B
Merkel cells	ID2	GIG8|bHLHb26
Merkel cells	TRPV4	OTRPC4|TRP12|VROAC|VRL-2|VR-OAC|CMT2C
Merkel cells	ATOH1	HATH1|MATH-1|Math1|bHLHa14
Merkel cells	SOX2	NA
Merkel cells	TTF1	NA
Merkel cells	POU4F3	BRN3C|DFNA15|DFNA42
Merkel cells	GFI1	GFI1A|GFI-1|ZNF163
Merkel cells	KRT8	K8|CK8|CYK8|K2C8|KO
Merkel cells	KRT18	NA
Mesangial cells	PDGFB	SSV|SIS
Mesangial cells	PDGFRB	JTK12|CD140b|PDGFR1|PDGFR
Mesangial cells	ACTA2	ACTSA
Mesangial cells	TNS1	DKFZp586K0617|PPP1R155|TNS|MXRA6
Mesangial cells	SFRP2	SARP1|SDF-5|FRP-2
Mesangial cells	ECM1	NA
Mesangial cells	ANGPT2	Ang2
Mesangial cells	FGF1	AFGF|ECGF|ECGFA|ECGFB|HBGF1|ECGF-beta|FGF-alpha|GLIO703|FGFA
Mesangial cells	CTGF	IGFBP8|CCN2
Mesangial cells	PLAU	URK
Mesangial cells	GATA3	HDR
Mesangial cells	LEF1	TCF1ALPHA|TCF10|TCF7L3
Mesangial cells	MRC1	CLEC13D|CD206|bA541I19.1|CLEC13DL|MRC1L1
Mesangial cells	PML	MYL|TRIM19|RNF71
Mesangial cells	OGT	O-GLCNAC|HRNT1|MGC22921|FLJ23071|OGT1
Mesangial cells	NOCT	CCR4L|Ccr4c|NOC|CCRN4L
Mesangial cells	NCOA2	TIF2|NCoA-2|KAT13C|bHLHe75
Mesangial cells	PER3	NA
Mesangial cells	PLA2R1	PLA2G1R|PLA2IR|PLA2-R|CLEC13C
Mesangial cells	TRIP4	HsT17391
Mesangial cells	AMOTL2	LCCP
Mesangial cells	LATS2	NA
Mesangial cells	YAP1	YAP65
Mesangial cells	LRP5	LR3|BMND1|HBM|OPS|OPTA1|VBCH2|EVR4|LRP7|OPPG
Mesangial cells	MIB1	DIP-1|MIB|KIAA1323|ZZANK2|ZZZ6
Mesangial cells	NOSTRIN	MGC20702
Mesangial cells	ADAMTSL4	DKFZP434K1772|TSRC1
Mesangial cells	EMILIN1	DKFZp586M121|gp115
Mesangial cells	ITGA8	NA
Mesangial cells	DYRK1A	DYRK1|DYRK|MNBH
Mesangial cells	ARID5B	FLJ21150|MRF2
Mesangial cells	CCR7	BLR2|CDw197|CD197|CMKBR7|EBI1
Mesangial cells	FN1	CIG|LETS|GFND2|FINC
Mesangial cells	PAWR	par-4
Mesangial cells	PTN	HBNF|HBGF8|NEGF1
Mesangial cells	SERPINE2	PNI|nexin|PI7
Mesangial cells	TBX18	NA
Mesangial cells	TEK	TIE2|TIE-2|VMCM1|CD202b|VMCM
Mesangial cells	THY1	CD90
Mesangial cells	MYL9	MYRL2|MLC2|LC20|MRLC1
Mesangial cells	TPM2	NEM4|AMCD1
Mesangial cells	CALD1	H-CAD|L-CAD
Mesangial cells	HOPX	LAGY|OB1|NECC1|SMAP31
Mesangial cells	NR4A2	TINUR|NOT|RNR1|HZF-3|NURR1
Mesangial cells	ACTN1	NA
Mesangial cells	AKAP12	AKAP250|SSeCKS
Mesangial cells	ROCK1	p160ROCK
Mesangial cells	SH3BGRL	MGC117402
Mesangial cells	RASD1	DEXRAS1
Mesangial cells	SNCG	BCSG1|SR|persyn
Mesangial cells	FILIP1L	DOC-1|GIP130
Mesangial cells	FLNA	FLN1|FLN|OPD2|OPD1
Mesangial cells	MEF2C	NA
Mesangial cells	CSTB	CST6|PME|EPM1|STFB
Mesangial cells	SMARCA5	hSNF2H|hISWI
Mesangial cells	PDE3A	CGI-PDE
Mesangial cells	MAP3K20	MLTKalpha|MLTKbeta|ZAK|MLTK|MLK7
Mesothelial cells	CALB2	CAL2
Mesothelial cells	MUC16	FLJ14303
Mesothelial cells	KRT5	KRT5A|EBS2
Mesothelial cells	KRT6A	CK6C|K6C|CK6D|K6D|KRT6C|KRT6D
Mesothelial cells	DES	CMD1I|CSM1|CSM2
Mesothelial cells	CDH1	uvomorulin|CD324|UVO
Mesothelial cells	HAS2	NA
Mesothelial cells	KRT7	CK7|K2C7
Mesothelial cells	ME1	NA
Mesothelial cells	ME2	NA
Mesothelial cells	MSLN	MPF
Mesothelial cells	THBD	CD141
Mesothelial cells	WT1	WIT-2|AWT1|NPHS4|GUD
Mesothelial cells	LRRN4	dJ1056H1.1|NLRR4|C20orf75
Mesothelial cells	IL17RE	FLJ23658
Mesothelial cells	LOX	NA
Mesothelial cells	OASL2	NA
Mesothelial cells	KCNAB1	AKR6A3|KCNA1B|hKvBeta3|Kvb1.3|hKvb3
Mesothelial cells	PKHD1L1	NA
Mesothelial cells	SULF1	KIAA1077|SULF-1|hSulf-1
Mesothelial cells	DUSP5	HVH3
Mesothelial cells	MIR22HG	MGC14376|DKFZp686O06159|C17orf91
Mesothelial cells	COBLL1	KIAA0977
Mesothelial cells	ST3GAL1	ST3O|SIATFL|ST3GalA.1|SIAT4A
Mesothelial cells	FBXO33	Fbx33
Mesothelial cells	FZD1	DKFZp564G072
Mesothelial cells	RASL11A	NA
Mesothelial cells	CDON	ORCAM|CDO|CDON1
Mesothelial cells	BCL3	D19S37|BCL4
Mesothelial cells	ACKR3	GPR159|CMKOR1|CXCR7
Mesothelial cells	NPR1	GUCY2A|ANPa|ANPRA|NPRA
Mesothelial cells	PCSK6	SPC4|PACE4
Mesothelial cells	DPP4	CD26|ADCP2
Mesothelial cells	RND1	Rho6|ARHS|RHOS
Mesothelial cells	GBP2	NA
Mesothelial cells	C1RA	NA
Mesothelial cells	MEDAG	FLJ14834|AWMS3|MEDA-4|C13orf33
Mesothelial cells	AR	AIS|NR3C4|SMAX1|HUMARA|DHTR|SBMA
Mesothelial cells	LGALS7	TP53I1|LGALS7A
Mesothelial cells	GSTT1	NA
Mesothelial cells	ANO1	TAOS2|FLJ10261|DOG1|ORAOV2|TMEM16A
Mesothelial cells	GSTA3	NA
Mesothelial cells	OSR1	NA
Mesothelial cells	TWSG1	TSG
Mesothelial cells	MMP23	NA
Mesothelial cells	ADGRD1	DKFZp434B1272|PGR25|GPR133
Mesothelial cells	CRLS1	dJ967N21.6|CLS1|C20orf155
Mesothelial cells	FLNC	ABPL|FLN2
Mesothelial cells	PTGS2	NA
Mesothelial cells	C2	NA
Mesothelial cells	FMO2	NA
Mesothelial cells	FMOD	SLRR2E
Mesothelial cells	FGF1	AFGF|ECGF|ECGFA|ECGFB|HBGF1|ECGF-beta|FGF-alpha|GLIO703|FGFA
Mesothelial cells	TRIM30C	NA
Mesothelial cells	EFEMP1	S1-5|FBLN3|MTLV|DHRD|FBNL
Mesothelial cells	FRAS1	FLJ22031|FLJ14927|KIAA1500
Mesothelial cells	RSPO1	FLJ40906|RSPONDIN
Mesothelial cells	RARRES2	TIG2|HP10433
Microfold cells	GP2	ZAP75
Microfold cells	SPIB	SPI-B
Microfold cells	PGLYRP1	TAG7|PGRP|PGRP-S|PGRPS|TNFSF3L|PGLYRP
Microfold cells	CCL9	NA
Microfold cells	EHF	ESE3|ESEJ
Microfold cells	ANXA5	ENX2|ANX5
Microfold cells	SOX8	NA
Microfold cells	MIER3	FLJ35954|DKFZp686L09111|DKFZp781I1119
Microfold cells	NFIC	CTF|NF-I|CTF5|NFI
Microfold cells	SERPINB6A	NA
Microfold cells	CXCL16	SR-PSOX|CXCLG16|SRPSOX
Microfold cells	CTSD	CLN10|CPSD
Microfold cells	CCL20	LARC|MIP-3a|exodus-1|ST38|CKb4|SCYA20
Microfold cells	CTSH	ACC-4|ACC-5|ACC4|ACC5|CPSB
Microfold cells	CCL6	NA
Microfold cells	MARCKSL1	F52|MacMARCKS
Microfold cells	RAC2	EN-7
Microfold cells	TNFAIP2	B94|EXOC3L3
Microfold cells	FABP5	E-FABP|PA-FABP|KFABP
Microfold cells	GJB2	CX26|NSRD1|DFNB1
Microfold cells	MFGE8	SED1|EDIL1|BA46|OAcGD3S|HsT19888|MFG-E8|hP47|SPAG10
Microfold cells	CYBA	p22-PHOX
Microfold cells	TMPRSS2	PRSS10
Microfold cells	AHR	bHLHe76
Microfold cells	MTF1	NA
Microfold cells	RELB	REL-B
Microfold cells	TULP4	TUSP|KIAA1397
Microfold cells	ONECUT2	OC-2
Microfold cells	FOSL2	FRA2|FLJ23306
Microfold cells	IRF6	OFC6|VWS|LPS
Microfold cells	IRF2	NA
Microfold cells	ZFP553	NA
Microfold cells	NFIB	NFI-RED|NFIB2|NFIB3
Microfold cells	FOXP4	FLJ40908
Microglia	ITGAM	CD11b|CR3A|CD11B
Microglia	ITGAX	CD11c|CD11C
Microglia	C5AR1	C5A|C5AR|CD88|C5R1
Microglia	CX3CR1	CMKDR1|V28|GPR13|CMKBRL1
Microglia	P2RY12	P2Y12|SP1999|HORK3
Microglia	P2RX7	P2X7|MGC20089
Microglia	CD40	Bp50|TNFRSF5
Microglia	TREM2	TREM-2|Trem2a|Trem2b|Trem2c
Microglia	TMEM119	NA
Microglia	GPR34	NA
Microglia	TFF3	HITF|ITF
Microglia	CBR2	NA
Microglia	ZEB2OS	NA
Microglia	SALL1	Hsal1|ZNF794|TBS
Microglia	CSF3R	GCSFR|CD114
Microglia	TCIRG1	TIRC7|OC-116|OC116|ATP6N1C|Atp6i|a3|ATP6V0A3
Microglia	SUSD3	MGC26847
Microglia	GPR183	EBI2
Microglia	VAV1	VAV
Microglia	SLC2A5	GLUT5
Microglia	IL21R	CD360
Microglia	IL10RA	HIL-10R|CDW210A|CD210a|CD210|IL10R
Microglia	PTAFR	NA
Microglia	LAG3	CD223
Microglia	IL6RA	NA
Microglia	ENTPD1	NTPDase-1|ATPDase|SPG64|CD39
Microglia	ADRB2	ADRBR|B2AR|ADRB2R
Microglia	TMEM173	FLJ38577|NET23|MPYS|STING|MITA
Microglia	TBXAS1	CYP5|CYP5A1|THAS|TXS|TXAS
Microglia	P2RY6	P2Y6
Microglia	P2RY13	FKSG77|P2Y13|GPR94|GPR86
Microglia	CEBPA	C/EBP-alpha|CEBP
Microglia	CD180	RP105|Ly78|LY64
Microglia	MYO1F	NA
Microglia	FCRLS	NA
Microglia	OLFML3	HNOEL-iso|OLF44
Microglia	SIGLECH	NA
Microglia	S100A8	P8|CGLA|CAGA
Microglia	LTC4S	MGC33147
Microglia	TGFBR1	ALK-5|ALK5|TBRI|TBR-i|MSSE|ESS1
Microglia	S100A9	MIF|NIF|LIAG|MRP14|MAC387|CGLB|CAGB
Microglia	LPCAT2	FLJ20481|AGPAT11|LysoPAFAT|AYTL1
Microglia	ITGB5	NA
Microglia	LAIR1	CD305
Microglia	SPHK1	SPHK
Microglia	COLEC12	SRCL|CL-P1|SCARA4
Microglia	ALDH1A2	RALDH2
Microglia	AEBP1	ACLP
Microglia	PTGDS	L-PGDS
Microglia	CCR5	CKR-5|CC-CKR-5|CKR5|CD195|IDDM22|CMKBR5
Microglia	SLCO2B1	OATP-B|OATP2B1|SLC21A9
Microglia	PTGS1	PGHS-1|PTGHS
Microglia	APBB1IP	INAG1|RIAM
Microglia	CYFIP1	KIAA0068|P140SRA-1|SHYC
Microglia	CYTH4	CYT4|cytohesin-4|PSCD4
Microglia	MERTK	mer|RP38|c-Eyk|Tyro12
Microglia	MAFB	KRML
Microglia	HPGDS	GSTS|H-PGDS|PGD2|GSTS1-1|GSTS1
Microglia	BIN2	BRAP-1
Microglia	FCGR1	NA
Microglia	FAM105A	NA
Microglia	CMTM6	FLJ20396|CKLFSF6
Microglia	CCL4	MIP-1-beta|Act-2|AT744.1|SCYA4
Microglia	CCL3	G0S19-1|LD78ALPHA|MIP-1-alpha|SCYA3
Microglia	CCRL2	CRAM-B|CKRX|CRAM-A|ACKR5
Microglia	UCP2	SLC25A8|BMIQ4
Microglia	CLEC3B	TNA
Microglia	MRC2	KIAA0709|ENDO180|CLEC13E|CD280
Microglia	CLEC10A	HML2|HML|CD301|CLECSF14
Microglia	PF4	SCYB4|CXCL4
Microglia	CTS3	NA
Microglia	FCGR3	NA
Microglia	CD53	TSPAN25|MOX44
Microglia	FOS	c-fos
Microglia	EGR1	TIS8|G0S30|NGFI-A|KROX-24|ZIF-268|AT225|ZNF225
Microglia	AIF1	IRT-1|AIF-1|Em:AF129756.17|IBA1
Microglia	CTSS	NA
Microglia	CSF1R	C-FMS|CSFR|CD115|FMS
Microglia	SKI	NA
Microglia	C1QB	NA
Monocytes	RGS1	1R20|IR20|BL34|IER1
Monocytes	APOBEC3A	PHRBN
Monocytes	CD7	LEU-9|TP41|Tp40
Monocytes	TET2	FLJ20032|KIAA1546
Monocytes	CD40	Bp50|TNFRSF5
Monocytes	DYSF	FER1L1|LGMD2B
Monocytes	CMKLR1	RVER1
Monocytes	MEFV	FMF|TRIM20
Monocytes	HCK	JTK9
Monocytes	FCGR3B	CD16b
Monocytes	PADI4	PDI5|PDI4|PADI5
Monocytes	GHSR	NA
Monocytes	ITGAX	CD11c|CD11C
Monocytes	SELE	ESEL|CD62E|ELAM1|ELAM
Monocytes	TLR4	hToll|CD284|TLR-4|ARMD10
Monocytes	AR	AIS|NR3C4|SMAX1|HUMARA|DHTR|SBMA
Monocytes	CXCR4	LESTR|NPY3R|HM89|NPYY3R|D2S201E|fusin|HSY3RR|CD184
Monocytes	CD86	B7.2|B7-2|CD28LG2
Monocytes	CCR2	CC-CKR-2|CKR2|MCP-1-R|CD192|FLJ78302|CMKBR2
Monocytes	TNFRSF14	HVEM|ATAR|LIGHTR|HVEA|CD270
Monocytes	ADA2	ADGF|IDGFL|CECR1
Monocytes	MGMT	NA
Monocytes	CD14	NA
Monocytes	CD33	SIGLEC3|SIGLEC-3|FLJ00391
Monocytes	ITGAM	CD11b|CR3A|CD11B
Monocytes	ACE	ACE1|CD143|DCP1
Monocytes	FUT4	FUC-TIV|CD15|ELFT
Monocytes	ICAM1	CD54
Monocytes	SELL	LSEL|LAM1|LAM-1|hLHRc|Leu-8|Lyam-1|PLNHR|CD62L|LYAM1|LNHR
Monocytes	CD163	MM130|SCARI1
Monocytes	FCGR1A	CD64|CD64A
Monocytes	FCGR2B	CD32B
Monocytes	ACP5	HPAP
Monocytes	MRC1	CLEC13D|CD206|bA541I19.1|CLEC13DL|MRC1L1
Monocytes	TNF	TNFSF2|DIF|TNF-alpha|TNFA
Monocytes	PLAU	URK
Monocytes	GBP1	NA
Monocytes	OAS1	OIASI|IFI-4|OIAS
Monocytes	IRF7	NA
Monocytes	PLSCR1	MMTRA1B
Monocytes	MX1	IFI-78K|MxA
Monocytes	IL1RN	ICIL-1RA|IL1F3|IL-1RN|MGC10430
Monocytes	HLA-DRA	HLA-DRA1
Monocytes	IFIT1	GARG-16|G10P1|IFI56|IFNAI1
Monocytes	IDO1	IDO|INDO
Monocytes	IFIT3	ISG60|RIG-G|CIG-49|IFI60|GARG-49|IRG2|IFIT4
Monocytes	TNFSF10	TRAIL|Apo-2L|TL2|CD253
Monocytes	CXCL10	IFI10|IP-10|crg-2|mob-1|C7|gIP-10|INP10|SCYB10
Monocytes	S100A9	MIF|NIF|LIAG|MRP14|MAC387|CGLB|CAGB
Monocytes	S100A8	P8|CGLA|CAGA
Monocytes	S100A4	P9KA|18A2|PEL98|42A|CAPL
Monocytes	CLEC7A	dectin-1|hDectin-1|CD369|SCARE2|CLECSF12
Monocytes	CSF3R	GCSFR|CD114
Monocytes	MNDA	PYHIN3
Monocytes	MS4A6A	CD20L3|MS4A6
Monocytes	ZFP36L2	ERF2|RNF162C|TIS11D|BRF2
Monocytes	LTA4H	NA
Monocytes	CLEC12A	CLL-1|MICL|CD371|DCAL-2
Monocytes	CD48	BLAST|mCD48|hCD48|SLAMF2|BCM1
Monocytes	PRTN3	PR-3|ACPA|C-ANCA|AGP7|MBT|P29
Monocytes	FCGR3A	CD16a
Monocytes	VCAN	PG-M|CSPG2
Monocytes	LY6C2	NA
Monocytes	IFITM3	1-8U|DSPA2b
Monocytes	FN1	CIG|LETS|GFND2|FINC
Monocytes	ADGRE1	TM7LN3|EMR1
Monocytes	CD44	IN|MC56|Pgp1|CD44R|HCELL|CSPG8|MIC4|MDU2|MDU3
Monocytes	CSF1R	C-FMS|CSFR|CD115|FMS
Monocytes	CX3CR1	CMKDR1|V28|GPR13|CMKBRL1
Monocytes	ITGAL	CD11A
Monocytes	LY6C1	NA
Monocytes	LY6G	NA
Monocytes	PECAM1	CD31
Monocytes	PTPRC	T200|CD45
Monocytes	SPN	LSN|CD43|GPL115
Monocytes	PSAP	GLBA
Monocytes	FCN1	FCNM
Monocytes	LYZ	NA
Monocytes	RHOC	RhoC|ARH9|ARHC
Monocytes	PILRA	FDF03
Monocytes	NFKBIZ	MAIL|FLJ34463|INAP
Monocytes	NAAA	ASAHL
Monocytes	LY6E	TSA-1|RIG-E|SCA-2
Monocytes	LYN	JTK8
Monocytes	MS4A7	CD20L4|CFFM4|MS4A8
Monocytes	CEBPB	NFIL6|IL6DBP|C/EBP-beta|TCF5
Monocytes	CD68	SCARD1|macrosialin|DKFZp686M18236|LAMP4
Monocytes	IFI30	IFI-30|GILT|IP30|MGC32056|IP-30
Monocytes	S100A12	CGRP|CAAF1|CAGC|ENRAGE
Monocytes	SERPINA1	AAT|A1A|PI1|alpha-1-antitrypsin|A1AT|alpha1AT|PI
Monocytes	RGS2	G0S8
Monocytes	LST1	B144|D6S49E
Monocytes	SPI1	PU.1|SPI-A|SFPI1|SPI-1
Monocytes	TYMP	MNGIE|ECGF1
Monocytes	CSTA	STF1|STFA
Monocytes	FGL2	pT49|T49
Monocytes	PYCARD	CARD5|ASC
Monocytes	LYST	CHS
Monocytes	CCL3	G0S19-1|LD78ALPHA|MIP-1-alpha|SCYA3
Monocytes	IL1B	IL1F2|IL-1B|IL1-BETA
Monocytes	CFP	PFC
Monocytes	CD36	SCARB3|GPIV|GP4|GP3B
Motor neurons	ISL1	Isl-1|ISLET1
Motor neurons	MNX1	HB9|HOXHB9|SCRA1|HLXB9
Motor neurons	ISL2	FLJ10160
Motor neurons	CHAT	NA
Motor neurons	VSX2	RET1|HOX10|CHX10
Motor neurons	EN1	NA
Motor neurons	EVX1	NA
Motor neurons	EVX2	NA
Motor neurons	FGF1	AFGF|ECGF|ECGFA|ECGFB|HBGF1|ECGF-beta|FGF-alpha|GLIO703|FGFA
Motor neurons	LHX3	NA
Motor neurons	NKX6-1	Nkx6.1|NKX6A
Motor neurons	NGFR	TNFRSF16|CD271|p75NTR
Motor neurons	REG2	NA
Motor neurons	SIM1	bHLHe14
Müller cells	TLR2	TIL4|CD282
Müller cells	IL6	IL-6|BSF2|HSF|IFNB2
Müller cells	CNR2	CB2
Müller cells	VEGFA	VEGF-A|VPF|VEGF
Müller cells	SLC38A5	SN2|JM24
Müller cells	SLC38A3	SN1
Müller cells	IL33	DVS27|DKFZp586H0523|NF-HEV|IL1F11|C9orf26
Müller cells	RDH10	SDR16C4
Müller cells	SLITRK2	KIAA1854|SLITL1|TMEM257|CXorf1
Müller cells	SYNPR	MGC26651
Müller cells	ABCA8A	NA
Müller cells	CROT	NA
Müller cells	CRYM	DFNA40
Müller cells	CAR14	NA
Müller cells	COL9A1	NA
Müller cells	SIX3OS1	NA
Müller cells	DAPL1	NA
Müller cells	AQP4	MIWC
Müller cells	RLBP1	CRALBP
Müller cells	DKK3	REIC
Müller cells	VSX2	RET1|HOX10|CHX10
Müller cells	COL1A1	NA
Müller cells	COL2A1	STL1|SEDC|AOM
Müller cells	COL3A1	EDS4A
Müller cells	COL4A2	FLJ22259|DKFZp686I14213
Müller cells	COL5A1	NA
Müller cells	COL6A1	NA
Müller cells	COL11A1	STL2|CO11A1|COLL6
Müller cells	GLUL	GLNS
Müller cells	CLU	SGP-2|SP-40|TRPM-2|KUB1|CLU2|CLI|APOJ
Müller cells	S100A16	S100F|DT1P1A7|MGC17528
Müller cells	SOX2	NA
Müller cells	APOE	AD2
Müller cells	DBI	ACBD1
Müller cells	GNAI2	GNAI2B
Müller cells	GPR37	EDNRBL|hET(B)R-LP|PAELR
Müller cells	KCNJ2	Kir2.1|IRK1|LQT7
Müller cells	KCNJ10	Kir4.1|Kir1.2
Müller cells	SPC25	MGC22228|AD024|SPBC25
Müller cells	ITM2B	BRI|E25B|E3-16|BRICD2B|BRI2
Müller cells	ATG4B	Apg4B|KIAA0943|DKFZp586D1822|APG4B
Müller cells	CA2	Car2|CA-II|CAII
Müller cells	ZBED4	KIAA0637
Müller cells	PRDX6	AOP2|KIAA0106|1-Cys|NSGPx|PRX|aiPLA2|MGC46173
Müller cells	SLC1A3	EAAT1|GLAST|EA6
Müller cells	HES1	FLJ20408|HES-1|Hes1|bHLHb39|HRY
Müller cells	KIT	CD117|SCFR|C-Kit|PBT
Müller cells	CRB1	LCA8|RP12
Müller cells	ANXA4	ANX4
Müller cells	CD44	IN|MC56|Pgp1|CD44R|HCELL|CSPG8|MIC4|MDU2|MDU3
Müller cells	GSTT1	NA
Müller cells	GSTM5	NA
Müller cells	SLC6A1	GAT1|GABATR|GABATHG
Müller cells	SFTPA1	SP-A|SP-A1|COLEC4|SFTP1
Myeloid-derived suppressor cells	ITGAM	CD11b|CR3A|CD11B
Myeloid-derived suppressor cells	FUT4	FUC-TIV|CD15|ELFT
Myeloid-derived suppressor cells	CD33	SIGLEC3|SIGLEC-3|FLJ00391
Myeloid-derived suppressor cells	CEACAM8	CD66b|CGM6
Myeloid-derived suppressor cells	IL4R	CD124
Myeloid-derived suppressor cells	CCR2	CC-CKR-2|CKR2|MCP-1-R|CD192|FLJ78302|CMKBR2
Myeloid-derived suppressor cells	CD1D	NA
Myeloid-derived suppressor cells	FCGR3A	CD16a
Myeloid-derived suppressor cells	ICAM1	CD54
Myeloid-derived suppressor cells	CD80	B7.1|B7-1|CD28LG|CD28LG1
Myeloid-derived suppressor cells	CXCR1	CDw128a|CD181|CMKAR1|IL8RA
Myeloid-derived suppressor cells	ADGRE1	TM7LN3|EMR1
Myeloid-derived suppressor cells	GR1	NA
Myeloid-derived suppressor cells	LY6G	NA
Myeloid-derived suppressor cells	S100A9	MIF|NIF|LIAG|MRP14|MAC387|CGLB|CAGB
Myeloid-derived suppressor cells	S100A4	P9KA|18A2|PEL98|42A|CAPL
Myeloid-derived suppressor cells	S100A8	P8|CGLA|CAGA
Myoblasts	MYOG	bHLHc3|MYF4
Myoblasts	LIF	CDF|HILDA
Myoblasts	NGF	NGFB
Myoblasts	IGF2	FLJ44734|IGF-II|C11orf43
Myoblasts	ANGPT2	Ang2
Myoblasts	ACHE	YT
Myoblasts	ADAM12	MCMPMltna|MLTN
Myoblasts	TPM2	NEM4|AMCD1
Myoblasts	ENO3	NA
Myoblasts	DES	CMD1I|CSM1|CSM2
Myoblasts	CDH15	CDH3
Myoblasts	CAPN1	muCANP|muCL|CANPL1
Myoblasts	MYF6	MRF4|bHLHc4
Myoblasts	MYF5	bHLHc2
Myoblasts	MYOD1	MYOD|bHLHc1|MYF3
Myoblasts	PAX3	HUP2|WS1
Myoblasts	PAX7	Hup1
Myoblasts	TBX3	TBX3-ISO|XHL|UMS
Myoblasts	TTN	CMPD4|FLJ32040|TMD|CMH9|LGMD2J|MYLK5|CMD1G
Myoblasts	MUSK	NA
Myoblasts	FLNC	ABPL|FLN2
Myoblasts	FGFR4	JTK2|CD334
Myoblasts	STK40	MGC4796|SgK495
Myoblasts	CXCL1	SCYB1|GROa|MGSA-a|NAP-3|MGSA|GRO1|FSP
Myoblasts	TNFRSF12A	FN14|TweakR|CD266
Myoblasts	ARL4D	ARF4L
Myoblasts	CCL2	MCP1|MCP-1|MCAF|SMC-CF|GDCF-2|HC11|MGC9434|SCYA2
Myoblasts	MYD88	NA
Myoblasts	BRAF	BRAF1
Myoblasts	EGFR	ERBB1|ERBB
Myoblasts	ZBTB16	PLZF|ZNF145
Myoblasts	SIX1	DFNA23
Myoblasts	PDZRN3	KIAA1095|SEMACAP3|LNX3
Myocytes	ACTC1	CMD1R|ACTC
Myocytes	FHL2	SLIM3|DRAL
Myocytes	ACTA1	NEM3|ACTA
Myocytes	TNNI1	NA
Myocytes	TNNI2	NA
Myocytes	TNNT1	ANM|STNT|TNTS|FLJ98147|MGC104241|NEM5
Myocytes	TNNT3	DKFZp779M2348
Myocytes	TNNC1	TNNC
Myocytes	TNNC2	NA
Myocytes	ACTN2	NA
Myocytes	ACTN3	NA
Myocytes	ANKRD1	C-193|ALRP|CVARP|MCARP
Myocytes	ANKRD2	ARPP
Myocytes	CAPZA3	Gsg3|CAPPA3
Myocytes	CLOCK	KIAA0334|KAT13D|bHLHe8
Myocytes	DES	CMD1I|CSM1|CSM2
Myocytes	DMD	DXS142|DXS164|DXS206|DXS230|DXS239|DXS268|DXS269|DXS270|DXS272|MRX85
Myocytes	IL4	BSF1|IL-4|BCGF1|BCGF-1|MGC79402
Myocytes	ITGA7	NA
Myocytes	LAMA2	LAMM
Myocytes	LAMB1	NA
Myocytes	LDB1	NLI|CLIM2
Myocytes	LDB3	PDLIM6|KIAA0613|ZASP|CMD1C
Myocytes	MSTN	GDF8
Myocytes	MYH1	MYHSA1|MYHa|MyHC-2X/D|MGC133384
Myocytes	MYH4	MYH2B|MyHC-2B|MyHC-IIb
Myocytes	MYH7	CMD1S|CMH1|MPD1
Myocytes	MYH8	MyHC-peri|MyHC-pn
Myocytes	NBR1	KIAA0049|1A1-3B|M17S2
Myocytes	NEB	NEB177D|NEM2
Myocytes	NID1	entactin|NID
Myocytes	NID2	NA
Myocytes	TMOD4	Sk-Tmod
Myocytes	TPM2	NEM4|AMCD1
Myocytes	TTN	CMPD4|FLJ32040|TMD|CMH9|LGMD2J|MYLK5|CMD1G
Myocytes	MYF5	bHLHc2
Myocytes	MYF6	MRF4|bHLHc4
Myocytes	MYOD1	MYOD|bHLHc1|MYF3
Myocytes	MYOG	bHLHc3|MYF4
Myocytes	SIX1	DFNA23
Myocytes	SIX4	AREC3
Myocytes	PAX3	HUP2|WS1
Myocytes	PAX7	Hup1
Myocytes	ADAM12	MCMPMltna|MLTN
Myocytes	ARHGAP26	GRAF|KIAA0621|OPHN1L|OPHN1L1
Myocytes	CAV3	VIP-21|LGMD1C|VIP21|LQT9
Myocytes	CDH15	CDH3
Myocytes	CMKLR1	RVER1
Myocytes	CXCR4	LESTR|NPY3R|HM89|NPYY3R|D2S201E|fusin|HSY3RR|CD184
Myocytes	DLL1	NA
Myocytes	DOCK1	DOCK180|ced5
Myocytes	DOCK5	FLJ21034
Myocytes	FLNC	ABPL|FLN2
Myocytes	IL4RA	NA
Myocytes	IQSEC1	KIAA0763|GEP100|BRAG2|ARF-GEP100
Myocytes	ITGA3	CD49c|VLA3a|VCA-2|GAP-B3|MSK18
Myocytes	MMP2	TBE-1|CLG4|CLG4A
Myocytes	MMP9	CLG4B
Myocytes	MRC1	CLEC13D|CD206|bA541I19.1|CLEC13DL|MRC1L1
Myocytes	MYH14	FLJ13881|KIAA2034|MHC16|MYH17|DFNA4
Myocytes	NOTCH3	CASIL|CADASIL
Myocytes	NPHS1	CNF|NPHN
Myocytes	OLFR599	NA
Myocytes	PLD1	NA
Myocytes	PRKCQ	NA
Myocytes	PTGIR	NA
Myocytes	PTK2	FAK|FADK|FAK1|PPP1R71
Myocytes	PXN	NA
Myocytes	SULF1	KIAA1077|SULF-1|hSulf-1
Myocytes	TRIO	ARHGEF23
Myocytes	WASHC1	FLJ00038|FAM39E|WASH1
Myocytes	WIPF1	WIP|WASPIP
Myocytes	NPPA	ANP|PND
Myocytes	NPPB	NA
Myocytes	EDN1	ET1
Myocytes	GATA4	NA
Myocytes	GATA5	bB379O24.1|GATAS
Myocytes	MEF2A	RSRFC4|RSRFC9
Myocytes	MEF2B	RSRFR2
Myocytes	MEF2D	NA
Myocytes	POPDC2	NA
Myocytes	CHODL	FLJ12627|PRED12|MT75|C21orf68
Myocytes	MYLPF	HUMMLC2B|MYL11
Myocytes	MYL1	NA
Myocytes	CKM	CKMM
Myocytes	TCAP	T-cap|TELE|telethonin|CMD1N|LGMD2G
Myocytes	MYOZ1	FATZ|MYOZ
Myocytes	PYGM	NA
Myocytes	ENO3	NA
Myocytes	THBS4	NA
Myoepithelial cells	SFN	YWHAS
Myoepithelial cells	ACTA2	ACTSA
Myoepithelial cells	CNN1	Sm-Calp
Myoepithelial cells	CA3	Car3|CAIII
Myoepithelial cells	MME	CALLA|CD10
Myoepithelial cells	CD109	FLJ38569|DKFZp762L1111|CPAMD7
Myoepithelial cells	KRT14	EBS3|EBS4
Myoepithelial cells	KRT17	PCHC1
Myoepithelial cells	EGFR	ERBB1|ERBB
Myoepithelial cells	SERPINB5	maspin|PI5
Myoepithelial cells	TP63	SHFM4|EEC3|p63|p73L|OFC8|KET|p73H|p53CP|TP73L|TP53L|TP53CP
Myoepithelial cells	NGFR	TNFRSF16|CD271|p75NTR
Myoepithelial cells	CDH3	CDHP|PCAD
Myoepithelial cells	MYH11	SMMHC|SMHC
Myoepithelial cells	FST	NA
Myoepithelial cells	ACTG2	ACTSG|ACTL3|ACTA3
Myoepithelial cells	MDFI	I-mfa
Myoepithelial cells	PXN	NA
Myoepithelial cells	LAMB3	nicein-125kDa|kalinin-140kDa|BM600-125kDa|LAMNB1
Myoepithelial cells	LAMC2	nicein-100kDa|kalinin-105kDa|BM600-100kDa|EBR2|LAMB2T|LAMNB2|EBR2A
Myoepithelial cells	GRWD1	WDR28|GRWD|RRB1
Myoepithelial cells	SPHK1	SPHK
Myoepithelial cells	SMIM3	MSTP150|NID67|C5orf62
Myoepithelial cells	KRT5	KRT5A|EBS2
Myoepithelial cells	MYLK	smMLCK|MYLK1|MLCK1
Myoepithelial cells	MYL9	MYRL2|MLC2|LC20|MRLC1
Myofibroblasts	CDH11	CAD11
Myofibroblasts	DES	CMD1I|CSM1|CSM2
Myofibroblasts	PALLD	KIAA0992|SIH002|CGI-151
Myofibroblasts	ACTA2	ACTSA
Myofibroblasts	GFAP	FLJ45472
Myofibroblasts	TNS1	DKFZp586K0617|PPP1R155|TNS|MXRA6
Myofibroblasts	CALD1	H-CAD|L-CAD
Myofibroblasts	MYL9	MYRL2|MLC2|LC20|MRLC1
Myofibroblasts	TAGLN	SM22|WS3-10|TAGLN1|DKFZp686P11128
Natural killer T cells	IL12RB2	NA
Natural killer T cells	IL17RA	hIL-17R|IL-17RA|CDw217|CD217|IL17R
Natural killer T cells	IL12RB1	CD212|IL12RB
Natural killer T cells	KLRB1	CD161|NKR-P1|NKR-P1A|hNKR-P1A|CLEC5B
Natural killer T cells	RORA	RZRA|ROR1|ROR2|ROR3|NR1F1
Natural killer T cells	ITGB2	CD18|MFI7
Natural killer T cells	EGR1	TIS8|G0S30|NGFI-A|KROX-24|ZIF-268|AT225|ZNF225
Natural killer T cells	MAP3K8	Tpl-2|c-COT|MEKK8|ESTF
Natural killer T cells	NR4A1	N10|NAK-1|NGFIB|NUR77|HMR|GFRP1
Natural killer T cells	GZMB	CCPI|CGL-1|CSP-B|CGL1|CTSGL1|SECT|CSPB
Natural killer T cells	TNFRSF8	KI-1|CD30|D1S166E
Natural killer T cells	PRF1	PFP|HPLH2
Natural killer T cells	IL2RB	CD122|IL15RB
Natural killer T cells	ZBTB16	PLZF|ZNF145
Natural killer T cells	TBX21	TBLYM|T-bet
Natural killer T cells	GATA3	HDR
Natural killer T cells	NCAM1	NCAM|CD56
Natural killer T cells	S1PR1	edg-1|D1S3362|CD363
Natural killer T cells	STYK1	SuRTK106|DKFZp761P1010|NOK
Natural killer T cells	TCF7	TCF-1
Natural killer T cells	SLAMF7	CRACC|19A|CS1|CD319
Natural killer T cells	ZFP683	NA
Natural killer T cells	CXCR4	LESTR|NPY3R|HM89|NPYY3R|D2S201E|fusin|HSY3RR|CD184
Natural killer T cells	CD44	IN|MC56|Pgp1|CD44R|HCELL|CSPG8|MIC4|MDU2|MDU3
Neural stem/precursor cells	SOX1	NA
Neural stem/precursor cells	PROM1	AC133|CD133|RP41|CORD12|PROML1|STGD4
Neural stem/precursor cells	IGF1R	JTK13|CD221|IGFIR|MGC18216|IGFR
Neural stem/precursor cells	SP8	NA
Neural stem/precursor cells	GFAP	FLJ45472
Neural stem/precursor cells	RBM3	IS1-RNPL
Neural stem/precursor cells	SOX3	PHP
Neural stem/precursor cells	S100B	S100beta
Neural stem/precursor cells	SLC1A3	EAAT1|GLAST|EA6
Neural stem/precursor cells	NEUROD4	Atoh3|ATH-3|MATH-3|bHLHa4
Neural stem/precursor cells	NEUROG1	AKA|Math4C|ngn1|bHLHa6|NEUROD3
Neural stem/precursor cells	NEUROG2	Atoh4|Math4A|ngn-2|bHLHa8|NGN2
Neural stem/precursor cells	NHLH1	NSCL|NSCL1|bHLHa35
Neural stem/precursor cells	PPP1R17	GSBS|C7orf16
Neural stem/precursor cells	TMTC4	FLJ14624|FLJ22153
Neural stem/precursor cells	EOMES	TBR2
Neural stem/precursor cells	PLEKHH2	KIAA2028|PLEKHH1L
Neural stem/precursor cells	TLR3	CD283
Neural stem/precursor cells	PARP12	FLJ22693|PARP-12|ZC3H1|ZC3HDC1
Neural stem/precursor cells	P2RX7	P2X7|MGC20089
Neural stem/precursor cells	INAFM2	OGU1|LINC00984
Neural stem/precursor cells	ISG15	IFI15|G1P2
Neural stem/precursor cells	IGFBP3	IBP3|BP-53
Neural stem/precursor cells	IFIT1	GARG-16|G10P1|IFI56|IFNAI1
Neural stem/precursor cells	IFI44	MTAP44|TLDC5
Neural stem/precursor cells	MGAT5	GNT-V|MGAT5A
Neural stem/precursor cells	PBK	TOPK|FLJ14385|Nori-3|CT84
Neural stem/precursor cells	DLX2	TES-1
Neural stem/precursor cells	CBX3	HP1Hs-gamma
Neural stem/precursor cells	RND3	RhoE|Rho8|ARHE
Neural stem/precursor cells	DLX5	NA
Neural stem/precursor cells	SP9	ZNF990
Neural stem/precursor cells	POU3F4	BRN4|OTF9|DFNX2|DFN3
Neural stem/precursor cells	DYNLT1C	NA
Neural stem/precursor cells	BARHL2	NA
Neural stem/precursor cells	LHX9	NA
Neural stem/precursor cells	SHOX2	SHOT|OG12X|OG12
Neural stem/precursor cells	DBX1	NA
Neural stem/precursor cells	DLL3	SCDO1
Neural stem/precursor cells	PITX2	IGDS|Brx1|Otlx2|IRID2|IHG2|RIEG|RIEG1|RGS
Neural stem/precursor cells	OTX1	NA
Neural stem/precursor cells	ARX	ISSX|CT121|EIEE1|MRXS1|PRTS|MRX76|MRX54|MRX43|MRX36|MRX29|MRX32|MRX33|MRX38|MRX87
Neural stem/precursor cells	NXPH1	NA
Neural stem/precursor cells	TOX3	CAGF9|TNRC9
Neural stem/precursor cells	ASCL2	HASH2|bHLHa45
Neural stem/precursor cells	HES5	bHLHb38
Neural stem/precursor cells	HOPX	LAGY|OB1|NECC1|SMAP31
Neural stem/precursor cells	NEUROD1	BETA2|BHF-1|NeuroD|bHLHa3|MODY6|NEUROD
Neural stem/precursor cells	PRSS56	NA
Neural stem/precursor cells	SOX9	SRA1|CMD1|CMPD1
Neural stem/precursor cells	ALDOC	NA
Neural stem/precursor cells	APOE	AD2
Neural stem/precursor cells	ID4	bHLHb27
Neural stem/precursor cells	SOX2	NA
Neural stem/precursor cells	DCX	SCLH|DC|LISX|DBCN|XLIS
Neural stem/precursor cells	CCND2	NA
Neural stem/precursor cells	DLX1	NA
Neural stem/precursor cells	S100A6	2A9|PRA|CABP|CACY
Neuroblasts	NTNG1	KIAA0976|Lmnt1
Neuroblasts	TSHZ1	NY-CO-33|SDCCAG33
Neuroblasts	SP9	ZNF990
Neuroblasts	SP8	NA
Neuroblasts	PROK2	PK2|BV8|MIT1|KAL4
Neuroblasts	ASCL1	HASH1|bHLHa46
Neuroblasts	DLL3	SCDO1
Neuroblasts	SALL3	ZNF796
Neuroblasts	DRAXIN	FLJ34999|Draxin|Neucrin|C1orf187
Neuroblasts	ERBB4	ALS19|HER4
Neuroblasts	TRIM32	HT2A|TATIP|BBS11|LGMD2H
Neuroblasts	IGFBPL1	bA113O24.1
Neuroblasts	EOMES	TBR2
Neuroblasts	PBX1	NA
Neuroblasts	CUX2	KIAA0293|CDP2|CUTL2
Neuroblasts	ISL1	Isl-1|ISLET1
Neuroblasts	PHF1	MTF2L2|TDRD19C
Neuroblasts	NEUROG1	AKA|Math4C|ngn1|bHLHa6|NEUROD3
Neuroblasts	NKX6-1	Nkx6.1|NKX6A
Neuroblasts	NEUROG2	Atoh4|Math4A|ngn-2|bHLHa8|NGN2
Neuroblasts	MAPK7	BMK1|ERK5|PRKM7
Neuroblasts	PROKR2	GPR73b|PKR2|GPRg2|dJ680N4.3|GPR73L1|KAL3
Neuroblasts	POU6F2	RPF-1
Neuroblasts	ITGA6	CD49f
Neuroblasts	EFNA2	ELF-1|LERK6|EPLG6
Neuroblasts	DCX	SCLH|DC|LISX|DBCN|XLIS
Neuroblasts	CCKAR	NA
Neuroblasts	CCKBR	NA
Neuroblasts	GRM5	MGLUR5|GPRC1E|mGlu5|PPP1R86
Neuroblasts	EZH2	EZH1|ENX-1|KMT6|KMT6A
Neuroblasts	DLX2	TES-1
Neuroblasts	MARK2	Par1b|PAR-1B|EMK1
Neuroblasts	LRP8	APOER2|MCI1|LRP-8|HSZ75190
Neuroblasts	VLDLR	CARMQ1|CHRMQ1|VLDLRCH
Neuroblasts	DAB1	NA
Neuroblasts	NCAN	CSPG3
Neuroblasts	EPHA4	Hek8|TYRO1
Neuroblasts	TACC3	ERIC1
Neuroblasts	EGFR	ERBB1|ERBB
Neuroblasts	TUBB3	beta-4|CFEOM3|CFEOM3A|FEOM3
Neuroblasts	SIRT1	SIR2L1
Neuroblasts	NCAM1	NCAM|CD56
Neuroblasts	NEUROD1	BETA2|BHF-1|NeuroD|bHLHa3|MODY6|NEUROD
Neuroblasts	SCGN	SECRET|DJ501N12.8|SEGN|CALBL
Neuroblasts	KLK3	NA
Neuroblasts	NES	FLJ21841
Neuroblasts	WT1	WIT-2|AWT1|NPHS4|GUD
Neuroblasts	ZBED4	KIAA0637
Neuroblasts	PROS1	PROS
Neuroblasts	CNR1	CB1K5|CB-R|CB1|CANN6|CB1A|CNR
Neuroendocrine cells	PPP1R1B	DARPP-32|FLJ20940
Neuroendocrine cells	CLASP2	KIAA0627
Neuroendocrine cells	MKL2	NA
Neuroendocrine cells	FXYD7	NA
Neuroendocrine cells	DPF1	neuro-d4|NEUD4|BAF45b
Neuroendocrine cells	PENK	NA
Neuroendocrine cells	GRM5	MGLUR5|GPRC1E|mGlu5|PPP1R86
Neuroendocrine cells	SFXN5	BBG-TCC|SLC56A5
Neuroendocrine cells	TAC1	NPK|TAC2|NKNA
Neuroendocrine cells	CCDC85C	NA
Neuroendocrine cells	ATXN1	D6S504E|ATX1|SCA1
Neuroendocrine cells	GPR88	NA
Neuroendocrine cells	PDE10A	NA
Neuroendocrine cells	SST	SMST
Neuroendocrine cells	CXCL14	BRAK|NJAC|bolekine|Kec|MIP-2g|BMAC|SCYB14
Neuroendocrine cells	NPY	PYY4
Neuroendocrine cells	NRGN	NA
Neuroendocrine cells	SCN2B	NA
Neuroendocrine cells	ABHD2	LABH2
Neuroendocrine cells	SPOCK1	testican-1|TIC1|SPOCK
Neuroendocrine cells	NEGR1	KILON|MGC46680|Ntra|IGLON4
Neuroendocrine cells	DUSP26	MGC1136
Neuroendocrine cells	ARHGDIG	RHOGDI-3
Neuroendocrine cells	CCK	NA
Neuroendocrine cells	PRSS12	BSSP-3|MRT1
Neuroendocrine cells	SERPINI1	PI12
Neuroendocrine cells	NKX2-2	NKX2.2|NKX2B
Neurons	ENO2	NA
Neurons	RBFOX3	FOX-3|NeuN|HRNBP3
Neurons	CHAT	NA
Neurons	TH	DYT5b
Neurons	CALB1	CALB
Neurons	CALB2	CAL2
Neurons	ISL1	Isl-1|ISLET1
Neurons	EPO	EP
Neurons	CSF3	MGC45931|GCSF|G-CSF|C17orf33
Neurons	NEFH	NA
Neurons	NEFM	NFM|NF-M|NEF3
Neurons	DLG4	PSD-95|PSD95|SAP90|SAP-90
Neurons	SLC12A5	KIAA1176|KCC2
Neurons	GABRA1	EJM5
Neurons	AQP1	CHIP28|CO
Neurons	IFIT3	ISG60|RIG-G|CIG-49|IFI60|GARG-49|IRG2|IFIT4
Neurons	SLC11A1	NRAMP|NRAMP1
Neurons	TFF3	HITF|ITF
Neurons	SLC1A1	EAAC1|EAAT3
Neurons	CXCL1	SCYB1|GROa|MGSA-a|NAP-3|MGSA|GRO1|FSP
Neurons	CXCR5	MDR15|CD185|BLR1
Neurons	AIM2	PYHIN4
Neurons	MATN2	NA
Neurons	SLC36A4	PAT4|FLJ38932
Neurons	PRPH	PRPH1|NEF4
Neurons	MECP2	RTT|MRX16|MRX79
Neurons	RIN1	NA
Neurons	OMP	NA
Neurons	PTPN11	BPTP3|SH-PTP2|SHP-2|PTP2C|SHP2|NS1
Neurons	GHSR	NA
Neurons	NPY	PYY4
Neurons	AGRP	Agrt|ART|ASIP2
Neurons	RESP18	NA
Neurons	STX1A	HPC-1|p35-1|STX1
Neurons	SCN2B	NA
Neurons	DISP2	DISPB|KIAA1742|HsT16908|LINC00594|C15orf36
Neurons	CBARP	MGC40084|DOS|BARP|C19orf26
Neurons	B3GAT2	GlcAT-S
Neurons	FMO1	NA
Neurons	FBLN2	NA
Neurons	SHISA2	bA398O19.2|PRO28631|WGAR9166|hShisa|C13orf13|TMEM46
Neurons	LUZP2	NA
Neurons	SCRG1	SCRG-1
Neurons	FAM181B	LOC220382|MGC33846
Neurons	IGF1	IGF1A|IGFI|IGF-I|IGF
Neurons	CD59A	NA
Neurons	CTXN2	NA
Neurons	TMEM130	DKFZp761L1417|FLJ42643
Neurons	DZANK1	FLJ10600|dJ568F9.2|FLJ30892|bA189K21.8|ANKRD64|C20orf84|C20orf12
Neurons	ACSL4	ACS4|LACS4|FACL4|MRX63|MRX68
Neurons	CLSTN3	CSTN3|KIAA0726|CDHR14
Neurons	ARHGDIG	RHOGDI-3
Neurons	HAP1	hHLP1|HIP5
Neurons	NRSN2	dJ1103G7.6|C20orf98
Neurons	ABAT	GABAT
Neurons	HDAC11	NA
Neurons	SLC30A9	HUEL|ZNT9|GAC63|C4orf1
Neurons	SCAMP1	SCAMP37
Neurons	MAGEE1	KIAA1587|DAMAGE
Neurons	NCALD	NA
Neurons	COPG1	COPG
Neurons	KCNC1	Kv3.1
Neurons	FBXW7	AGO|FLJ11071|SEL-10|SEL10|FBW7|CDC4|FBXW6
Neurons	GABRG2	NA
Neurons	NMT1	NMT
Neurons	ARID4A	RBP1|RBP-1|RBBP1
Neurons	ZRSR1	NA
Neurons	RGS17	RGSZ2|RGS-17
Neurons	TMEM91	FLJ27310|IFITMD6|DSPC3
Neurons	CDK5	PSSALRE
Neurons	SAFB	HET|SAFB1
Neurons	RNF220	FLJ10597|C1orf164
Neurons	RASGRF1	CDC25L|GRF55|H-GRF55|GNRP|PP13187|GRF1
Neurons	TCEAL6	WEX2
Neurons	TMEM179	FLJ42486|TMEM179A|C14orf90
Neurons	NICN1	MGC12936
Neurons	PNMAL1	NA
Neurons	NAPG	NA
Neurons	CMIP	NA
Neurons	ZMYND11	BS69
Neurons	RHBDD2	NPD007|RHBDL7
Neurons	ST8SIA3	SIAT8C
Neurons	PQBP1	RENS1|MRXS8|SHS|MRX55|MRX2|MRXS3
Neurons	MATK	HYLTK|CTK|HYL|Lsk|HHYLTK|DKFZp434N1212|MGC1708|MGC2101
Neurons	TRO	MAGE-D3|KIAA1114|MAGED3
Neurons	CKMT1	NA
Neurons	AKAP8L	NAKAP95|HAP95
Neurons	DUSP26	MGC1136
Neurons	SYT5	NA
Neurons	GAD1	GAD
Neurons	FLYWCH1	DKFZp761A132
Neurons	RIT2	RIBA|RIN
Neurons	TCEAL5	WEX4
Neurons	PNCK	MGC45419|CaMK1b
Neurons	TMEM59L	BSMAP|C19orf4
Neurons	TCEAL3	MGC15737|WEX8
Neurons	GPRASP2	GASP2|FLJ37327
Neurons	MAP7D2	FLJ14503
Neurons	MIAT	FLJ25967|Rncr2|gomafu|NCRNA00066|LINC00066|lncRNA-MIAT|C22orf35
Neurons	RB1CC1	KIAA0203|Cc1|DRAGOU14|FIP200|ATG17|PPP1R131
Neurons	PABPN1	PAB2|OPMD
Neurons	GRIA3	GluA3|GLURC|MRX94|GLUR3
Neurons	NBEA	KIAA1544|BCL8B|FLJ10197|LYST2
Neurons	SFSWAP	SFRS8
Neurons	WDR60	FLJ10300|FAP163
Neurons	MIRG	NA
Neurons	SCN1A	Nav1.1|GEFSP2|SMEI|SCN1|FEB3
Neurons	RNPC3	KIAA1839|FLJ20008|RBM40
Neurons	HOXC8	HOX3A
Neurons	RERE	KIAA0458|DNB1|ATN1L
Neurons	SCN8A	Nav1.6|NaCh6|PN4|CerIII|CIAT
Neurons	TRIP11	CEV14|Trip230|GMAP-210|GMAP210
Neurons	EML5	HuEMAP-2
Neurons	KMT2C	KIAA1506|HALR|MLL3
Neurons	AAK1	KIAA1048|DKFZp686K16132
Neurons	SAFB2	KIAA0138
Neurons	SACS	ARSACS|KIAA0730|DKFZp686B15167|DNAJC29|SPAX6|PPP1R138
Neurons	RYR2	ARVC2|VTSIP|ARVD2
Neurons	CSPP1	FLJ22490|CSPP|JBTS21
Neurons	GRIA4	GluA4|GLURD|GLUR4
Neurons	CHD6	KIAA1335|FLJ22369|dJ620E11.1|RIGB
Neurons	ZFP445	NA
Neurons	ZCCHC7	FLJ22611|AIR1
Neurons	GPATCH8	KIAA0553|GPATC8
Neurons	PCLO	KIAA0559|DKFZp779G1236|ACZ
Neurons	SYNE1	SYNE-1B|KIAA0796|8B|Nesprin-1|enaptin|MYNE1|CPG2|dJ45H2.2|SCAR8|ARCA1|Nesp1|C6orf98
Neurons	PROX1	NA
Neurons	NRGN	NA
Neurons	PPP1R14C	NY-BR-81|KEPI
Neurons	UBE2D2A	NA
Neurons	SYNPR	MGC26651
Neurons	CCDC28B	MGC1203|RP4-622L5.5
Neurons	KCNK1	K2p1.1|TWIK-1
Neurons	CNRIP1	DKFZP566K1924|CRIP1|CRIP1a|CRIP1b|C2orf32
Neurons	FRRS1L	CG-6|C9orf4
Neurons	FAM69B	MGC20262|C9orf136
Neurons	GPR162	A-2|GRCA
Neurons	CACNG2	stargazin|MGC138502|MGC138504
Neurons	SPOCK3	testican-3
Neurons	RGS7BP	R7BP
Neurons	DNM3	KIAA0820
Neurons	TMEM191C	NA
Neurons	SLC6A17	NA
Neurons	DNER	UNQ26|bet
Neurons	GRM5	MGLUR5|GPRC1E|mGlu5|PPP1R86
Neurons	CNTNAP2	Caspr2|KIAA0868
Neurons	CPLX1	CPX-I
Neurons	SLC32A1	VGAT|bA122O1.1|VIAAT
Neurons	DLGAP1	GKAP|SAPAP1|DAP-1
Neurons	PPP1R9A	Neurabin-I|KIAA1222|FLJ20068
Neurons	GNL3L	FLJ10613|GNL3B
Neurons	ZCCHC12	FLJ16123|SIZN|SIZN1|PNMA7A
Neurons	ATP6V1H	CGI-11|VMA13|SFDalpha|SFDbeta
Neurons	HPCA	NA
Neurons	CHN1	ARHGAP2|n-chimerin|DURS2
Neurons	CPNE6	NA
Neurons	PDE1A	NA
Neurons	GNAI1	NA
Neurons	CCK	NA
Neurons	RIMS3	RIM3|NIM3
Neurons	OGFOD1	KIAA1612|FLJ10826|TPA1
Neurons	CELF6	BRUNOL6
Neurons	DTD1	DUEB|MGC119131|MGC41905|bA379J5.3|bA555E18.1|pqn-68|C20orf88|HARS2
Neurons	PRMT2	MGC111373|HRMT1L1
Neurons	AVP	ADH|ARVP
Neurons	RORA	RZRA|ROR1|ROR2|ROR3|NR1F1
Neurons	VGF	SCG7|SgVII
Neurons	PCSK2	SPC2|NEC2
Neurons	CHODL	FLJ12627|PRED12|MT75|C21orf68
Neurons	NECAB2	EFCBP2
Neurons	TAC2	NA
Neurons	KCNMA1	KCa1.1|mSLO1|SLO
Neurons	CACNB3	CACNLB3
Neurons	NWD2	KIAA1239
Neurons	ZIC1	ZIC|ZNF201
Neurons	TESC	FLJ20607|CHP3
Neurons	NECAB3	XB51|dJ63M2.4|dJ63M2.5|EFCBP3|SYTIP2|APBA2BP
Neurons	NRN1	NRN
Neurons	GABBR2	HG20|GABABR2|GPRC3B|GPR51
Neurons	SLC17A7	BNPI|VGLUT1
Neurons	CAR10	NA
Neurons	DGKB	KIAA0718|DGK-BETA|DAGK2
Neurons	CACNB4	EJM4
Neurons	CTTNBP2	KIAA1758|Orf4|CORTBP2|C7orf8
Neurons	PPP1R1B	DARPP-32|FLJ20940
Neurons	PCP4	PEP-19
Neurons	MEG3	GTL2|NCRNA00023|LINC00023|onco-lncRNA-83
Neurons	BEX2	DJ79P11.1
Neurons	BEX1	NA
Neurons	NDN	HsT16328
Neurons	CAMK2N1	NA
Neurons	PNISR	FLJ14752|bA98I9.2|DKFZp564B0769|SRrp130|C6orf111|SFRS18
Neurons	SNHG11	LINC00101|C20orf198
Neurons	STMN2	SCG10|SCGN10
Neurons	PTK2B	CAKB|PYK2|RAFTK|PTK|CADTK|FAK2
Neurons	DDN	KIAA0749
Neurons	ICAM5	TLCN
Neurons	GNG2	NA
Neurons	SNAP25	SNAP-25|RIC-4|RIC4|SEC9|bA416N4.2|dJ1068F16.2|SNAP
Neurons	VSNL1	VILIP|HPCAL3|HUVISL1|VILIP-1
Neurons	PACSIN1	SDPI
Neurons	CACNA2D1	lncRNA-N3|CACNL2A|CACNA2|MHS3|LINC01112
Neurons	SGIP1	DKFZp761D221
Neurons	ATP6V0A1	a1|VPP1|ATP6N1|ATP6N1A
Neurons	MYO5A	MYO5|MYR12|MYH12
Neurons	DYNC1I1	DNCIC1|DNCI1
Neurons	PRUNE2	BMCC1|BNIPXL|A214N16.3|bA214N16.3|C9orf65|KIAA0367
Neurons	CACNA2D2	KIAA0558
Neurons	SLC17A6	DNPI|VGLUT2
Neurons	TUBB3	beta-4|CFEOM3|CFEOM3A|FEOM3
Neurons	ELAVL3	HUC|PLE21|DKFZp547J036|HUCL|MGC20653
Neutrophils	MME	CALLA|CD10
Neutrophils	ITGAM	CD11b|CR3A|CD11B
Neutrophils	ITGAX	CD11c|CD11C
Neutrophils	CD14	NA
Neutrophils	FUT4	FUC-TIV|CD15|ELFT
Neutrophils	FCGR3A	CD16a
Neutrophils	PECAM1	CD31
Neutrophils	CD33	SIGLEC3|SIGLEC-3|FLJ00391
Neutrophils	SELL	LSEL|LAM1|LAM-1|hLHRc|Leu-8|Lyam-1|PLNHR|CD62L|LYAM1|LNHR
Neutrophils	CEACAM8	CD66b|CGM6
Neutrophils	C5AR1	C5A|C5AR|CD88|C5R1
Neutrophils	CXCR1	CDw128a|CD181|CMKAR1|IL8RA
Neutrophils	CXCR2	CMKAR2|CD182|IL8RB
Neutrophils	JAML	Gm638|AMICA|AMICA1
Neutrophils	TLR2	TIL4|CD282
Neutrophils	MYLK	smMLCK|MYLK1|MLCK1
Neutrophils	S100A9	MIF|NIF|LIAG|MRP14|MAC387|CGLB|CAGB
Neutrophils	MPO	NA
Neutrophils	CCL6	NA
Neutrophils	CD24	CD24A
Neutrophils	CEACAM1	BGP1|CD66a|BGP
Neutrophils	FCGR1A	CD64|CD64A
Neutrophils	CRP	NA
Neutrophils	LCN2	NGAL|24p3
Neutrophils	DEFA1	HNP-1|DEF1|DEFA2
Neutrophils	DEFA2	NA
Neutrophils	DEFA3	HNP-3
Neutrophils	LTF	HLF2
Neutrophils	LYZ	NA
Neutrophils	ELANE	NE|HNE|HLE|ELA2
Neutrophils	S100A8	P8|CGLA|CAGA
Neutrophils	RETNLG	NA
Neutrophils	IL1B	IL1F2|IL-1B|IL1-BETA
Neutrophils	NGP	NA
Neutrophils	CXCL2	SCYB2|GROb|MIP-2a|MGSA-b|CINC-2a|GRO2
Neutrophils	HP	NA
Neutrophils	CCL3	G0S19-1|LD78ALPHA|MIP-1-alpha|SCYA3
Neutrophils	CCL9	NA
Neutrophils	HDC	NA
Neutrophils	MMP8	CLG1
Neutrophils	STFA2L1	NA
Neutrophils	LRG1	LRG
Neutrophils	OSM	MGC20461
Neutrophils	MMP9	CLG4B
Neutrophils	PILRA	FDF03
Neutrophils	CLEC4D	Mpcl|CD368|MCL|Dectin-3|CLECSF8
Neutrophils	CLEC4E	mincle|CLECSF9
Neutrophils	TREM3	NA
Neutrophils	ASPRV1	Taps|SASPase|FLJ25084
Neutrophils	CCRL2	CRAM-B|CKRX|CRAM-A|ACKR5
Neutrophils	CCR1	MIP1aR|CD191|SCYAR1|CMKBR1
Neutrophils	NCF1	p47phox|NOXO2|NCF1A|SH3PXD1A
Neutrophils	LY6G	NA
Neutrophils	TREM1	TREM-1|CD354
Neutrophils	SORL1	gp250|LR11|SorLA|SorLA-1|C11orf32
Neutrophils	ARG2	NA
Neutrophils	BST1	CD157
Neutrophils	MRGPRA2B	NA
Neutrophils	IL1R2	CD121b|IL1RB
Neutrophils	CFP	PFC
Neutrophils	ADAM8	CD156|MS2|CD156a
Neutrophils	CD177	PRV1|HNA2A|NB1
Neutrophils	PTGS2	NA
Neutrophils	OAS3	NA
Neutrophils	PRTN3	PR-3|ACPA|C-ANCA|AGP7|MBT|P29
Neutrophils	AZU1	AZU|CAP37|AZAMP|NAZC|HUMAZUR
Neutrophils	CTSG	CG
Neutrophils	SERPINB1	EI|PI2|anti-elastase|ELANH2
Neutrophils	CAMP	CAP18|FALL39|FALL-39|LL37
Neutrophils	CAR1	NA
Neutrophils	SLC1A5	AAAT|ASCT2|RDRC|M7V1
Neutrophils	CHIL3	NA
Neutrophils	SNX20	SLIC-1|SLIC1
Neutrophils	ADPGK	DKFZp434B195|ADP-GK
Neutrophils	PSTPIP1	PSTPIP|CD2BP1L|CD2BP1|CD2BP1S|H-PIP|PAPAS
Neutrophils	LYST	CHS
Neutrophils	DOCK8	FLJ00026|FLJ00152|ZIR8|FLJ00346
Neutrophils	S100A4	P9KA|18A2|PEL98|42A|CAPL
Neutrophils	NLRP3	AGTAVPRL|AII|AVP|FCAS|FCU|NALP3|PYPAF1|MWS|CLR1.1|C1orf7|CIAS1
Neutrophils	CSF3R	GCSFR|CD114
NK cells	ITGAM	CD11b|CR3A|CD11B
NK cells	ITGAX	CD11c|CD11C
NK cells	FCGR3A	CD16a
NK cells	CD69	CLEC2C
NK cells	KLRD1	CD94
NK cells	IL2RB	CD122|IL15RB
NK cells	KLRB1	CD161|NKR-P1|NKR-P1A|hNKR-P1A|CLEC5B
NK cells	CD244	2B4|NAIL|NKR2B4|Nmrk|SLAMF4
NK cells	KLRK1	NKG2D|KLR|NKG2-D|CD314|D12S2489E
NK cells	SLAMF7	CRACC|19A|CS1|CD319
NK cells	SIGLEC7	SIGLEC-7|p75/AIRM1|QA79|CD328|SIGLEC19P|SIGLECP2
NK cells	NCR1	NK-p46|NKP46|CD335|LY94
NK cells	KLRA1	NA
NK cells	SLAMF6	KALI|NTBA|KALIb|Ly108|SF2000|NTB-A|CD352
NK cells	KIT	CD117|SCFR|C-Kit|PBT
NK cells	CD27	S152|Tp55|TNFRSF7
NK cells	KLRC1	NKG2-A|NKG2-B|CD159a|NKG2
NK cells	KLRF1	CLEC5C|NKp80
NK cells	GNLY	NKG5|LAG-2|D2S69E|TLA519|LAG2
NK cells	NKG7	GMP-17
NK cells	IL32	NK4|TAIF|TAIFb|TAIFd
NK cells	GZMH	CGL-2|CCP-X|CSP-C|CTSGL2
NK cells	FGFBP2	NA
NK cells	GZMM	MET1|LMET1
NK cells	CTSW	NA
NK cells	HMBOX1	HNF1LA|PBHNF|FLJ21616|HOT1
NK cells	FASL	NA
NK cells	AHR	bHLHe76
NK cells	PRF1	PFP|HPLH2
NK cells	CCL4	MIP-1-beta|Act-2|AT744.1|SCYA4
NK cells	SEMA6D	KIAA1479|FLJ11598
NK cells	FHL2	SLIM3|DRAL
NK cells	CD2	NA
NK cells	CD7	LEU-9|TP41|Tp40
NK cells	CD3G	NA
NK cells	CD33	SIGLEC3|SIGLEC-3|FLJ00391
NK cells	DPP4	CD26|ADCP2
NK cells	LAT	NA
NK cells	PCDH15	CDHR15|USH1F|DFNB23
NK cells	CCL5	RANTES|SISd|TCP228|MGC17164|D17S136E|SCYA5
NK cells	GZMA	HFSP|CTLA3
NK cells	GZMB	CCPI|CGL-1|CSP-B|CGL1|CTSGL1|SECT|CSPB
NK cells	KLRE1	NA
NK cells	KLRA4	NA
NK cells	CMA1	NA
NK cells	KLRB1C	NA
NK cells	DUSP2	PAC-1
NK cells	TXK	TKL|PSCTK5|BTKL|RLK|PTK4
NK cells	KLRA8	NA
NK cells	DOK2	p56dok-2|Dok-2
NK cells	CST7	NA
NK cells	KLRA7	NA
NK cells	KLRA9	NA
NK cells	HSD11B1	SDR26C1|HSD11B|HSD11
NK cells	KLRC2	NKG2-C|CD159c
NK cells	KLRB1B	NA
NK cells	SAMD3	bA73O6.2|FLJ34032
NK cells	KLRB1A	NA
NK cells	TBX21	TBLYM|T-bet
NK cells	KLRB1F	NA
NK cells	CHSY1	KIAA0990|CSS1
NK cells	XCL2	SCM-1b|SCYC2
NK cells	TRDC	NA
NK cells	CXCR4	LESTR|NPY3R|HM89|NPYY3R|D2S201E|fusin|HSY3RR|CD184
NK cells	IL18R1	IL1RRP|IL-1Rrp|CD218a
NK cells	KLRA3	NA
NK cells	SERPINB9	CAP3|PI9
NK cells	DOCK2	KIAA0209
NK cells	SH2D2A	TSAd|F2771
NK cells	MS4A4B	NA
NK cells	S100A4	P9KA|18A2|PEL98|42A|CAPL
NK cells	XCL1	LPTN|ATAC|SCM-1a|SCM-1|LTN|SCYC1
NK cells	GZMK	TRYP2|PRSS
NK cells	IFNG	NA
NK cells	CCL3	G0S19-1|LD78ALPHA|MIP-1-alpha|SCYA3
NK cells	CSF2	GM-CSF|GMCSF
NK cells	IL2RG	CD132|SCIDX1|IMD4|CIDX
NK cells	TGFB1	CED|TGFbeta|TGFB|DPD1
NK cells	CTLA2A	NA
NK cells	KIR2DL1	cl-42|nkat1|47.11|p58.1|CD158A
NK cells	KIR3DL1	cl-2|NKB1|cl-11|nkat3|NKB1B|AMB11|CD158e1/2|CD158E1|CD158e2
NK cells	KLRA5	NA
NK cells	LILRB1	LIR-1|ILT2|MIR-7|LIR1|CD85j
NK cells	KLRG1	MAFA|MAFA-L|CLEC15A
NK cells	NCR3	1C7|NKp30|CD337|LY117
NK cells	ADAMTS14	NA
NK cells	KLRA10	NA
NK cells	ITGA2	CD49b|CD49B
NK cells	SERPINB9B	NA
NK cells	STYK1	SuRTK106|DKFZp761P1010|NOK
NK cells	CAR5B	NA
NK cells	CLEC2D	LLT1|CLAX|OCIL
NK cells	CD247	CD3H|CD3Q|CD3Z
NK cells	ZBTB16	PLZF|ZNF145
NK cells	SPON2	DIL1
NK cells	LAIR2	CD306
NK cells	HOPX	LAGY|OB1|NECC1|SMAP31
NK cells	CD8A	CD8
Noradrenergic neurons	TH	DYT5b
Noradrenergic neurons	DDC	AADC
Noradrenergic neurons	DBH	DBM
Noradrenergic neurons	SLC18A2	SVMT|SVAT|VMAT2
Noradrenergic neurons	SLC18A3	VACHT
Noradrenergic neurons	SLC6A2	SLC6A5
Noradrenergic neurons	SLC39A11	C17orf26
Noradrenergic neurons	SLC9B2	FLJ23984|NHA2|NHEDC2
Nuocytes	ICOS	AILIM|CD278
Nuocytes	IL1RL1	ST2|FIT-1|ST2V|DER4|IL33R
Nuocytes	RORA	RZRA|ROR1|ROR2|ROR3|NR1F1
Nuocytes	IL17RB	IL17RH1|EVI27|CRL4|IL17BR
Nuocytes	IL7R	CD127|IL7RA
Nuocytes	CRLF2	CRL2|TSLPR
Nuocytes	ARG1	NA
Nuocytes	GATA3	HDR
Nuocytes	PTGDS	L-PGDS
Nuocytes	BCL11B	CTIP-2|CTIP2|hRIT1-alpha|ZNF856B
Nuocytes	IL5	IL-5|EDF
Nuocytes	IL13	P600|IL-13|ALRH|BHR1|MGC116786|MGC116788|MGC116789
Olfactory epithelial cells	ANO2	C12orf3|TMEM16B
Olfactory epithelial cells	RARG	RARC|NR1B3
Olfactory epithelial cells	LRRC45	MGC20806
Olfactory epithelial cells	RAB3B	NA
Olfactory epithelial cells	KCNC4	Kv3.4|HKSHIIIC|C1orf30
Olfactory epithelial cells	MANEA	FLJ12838|mandaselin
Olfactory epithelial cells	PACRG	PARK2CRG|FLJ32724|Glup|HAK005771
Olfactory epithelial cells	PDE1C	Hcam3
Olfactory epithelial cells	GADL1	NA
Olfactory epithelial cells	TSTD1	KAT
Olfactory epithelial cells	TTC21A	STI2|IFT139A
Olfactory epithelial cells	KCNA5	Kv1.5|HPCN1
Olfactory epithelial cells	ACSM4	NA
Olfactory epithelial cells	CLDN9	NA
Olfactory epithelial cells	DUSP8	HVH-5|HB5|FLJ42958|C11orf81
Olfactory epithelial cells	TTLL3	DKFZP434B103|HOTTL
Olfactory epithelial cells	ABHD3	LABH3
Olfactory epithelial cells	KIF9	MGC104186
Olfactory epithelial cells	CCPG1OS	NA
Olfactory epithelial cells	CLSTN2	CSTN2|CS2|FLJ39113|CDHR13
Olfactory epithelial cells	MEIG1	bA2K17.3|SPATA39
Olfactory epithelial cells	ENDOD1	KIAA0830
Olfactory epithelial cells	TTC9	KIAA0227|TTC9A
Olfactory epithelial cells	PPP1R14C	NY-BR-81|KEPI
Olfactory epithelial cells	RETREG1	FLJ20152|JK1|FAM134B
Olfactory epithelial cells	WDFY1	KIAA1435|FENS-1|WDF1|ZFYVE17
Olfactory epithelial cells	CASP6	NA
Olfactory epithelial cells	FGF12	FHF1|FGF12B
Olfactory epithelial cells	TRAF3IP1	MIP-T3|DKFZP434F124|MIPT3|IFT54
Olfactory epithelial cells	RNF128	FLJ23516|GRAIL
Olfactory epithelial cells	LMAN2L	DKFZp564L2423|VIPL
Olfactory epithelial cells	IFT74	CMG1|CMG-1|FLJ22621|CCDC2
Olfactory epithelial cells	B9D1	EPPB9|MKS9
Olfactory epithelial cells	WDR54	FLJ12953
Olfactory epithelial cells	TOLLIP	IL-1RAcPIP
Olfactory epithelial cells	ORMDL3	NA
Olfactory epithelial cells	DNAJB14	FLJ14281
Olfactory epithelial cells	SCN4B	LQT10
Olfactory epithelial cells	NRG1	HRG|NDF|GGF|NRG1-IT2
Olfactory epithelial cells	MAPK8IP2	IB2|JIP2|PRKM8IPL
Olfactory epithelial cells	EBF3	COE3|DKFZp667B0210
Olfactory epithelial cells	MAPK15	ERK8|ERK7
Olfactory epithelial cells	CNGA4	OCNC2|OCNCb|CNG5|CNCA2|CNGB2
Olfactory epithelial cells	KIF1BP	DKFZP586B0923|TTC20|KBP|KIAA1279
Olfactory epithelial cells	EML2	EMAP2|ELP70
Olfactory epithelial cells	RIIAD1	FLJ36032|NCRNA00166|C1orf230
Olfactory epithelial cells	CCDC184	LOC387856|C12orf68
Olfactory epithelial cells	MACROD1	LRP16
Olfactory epithelial cells	RNF220	FLJ10597|C1orf164
Olfactory epithelial cells	CERS5	Trh4|MGC45411|FLJ25304|LASS5
Olfactory epithelial cells	RNF121	FLJ11099
Olfactory epithelial cells	LINGO1	FLJ14594|LERN1|LRRN6A
Olfactory epithelial cells	BORCS7	FLJ40752|C10orf32
Olfactory epithelial cells	ELMOD3	FLJ21977|RBM29|RBED1|DFNB88
Olfactory epithelial cells	KLHL5	NA
Olfactory epithelial cells	CWC22	KIAA1604|EIF4GL|fSAPb|NCM
Olfactory epithelial cells	TRIM66	KIAA0298|TIF1D|C11orf29
Olfactory epithelial cells	CARNS1	KIAA1394|ATPGD1
Olfactory epithelial cells	TMEM107	MGC10744
Olfactory epithelial cells	CNPPD1	CGI-57|C2orf24
Olfactory epithelial cells	NGRN	DSC92
Olfactory epithelial cells	EFNA5	AF1|LERK7|EPLG7
Olfactory epithelial cells	OSCP1	C1orf102
Olfactory epithelial cells	PCOLCE2	PCPE2
Olfactory epithelial cells	RIC8B	FLJ10620|hSyn|RIC8
Olfactory epithelial cells	SIAH2	NA
Olfactory epithelial cells	CBX4	hPC2|NBP16
Olfactory epithelial cells	CYB561	FRRS2|CYB561A1
Olfactory epithelial cells	SPA17	CT22
Olfactory epithelial cells	NAT14	KLP1
Olfactory epithelial cells	NXNL2	RdCVF2|C9orf121
Olfactory epithelial cells	TTC5	Strap
Olfactory epithelial cells	SLC16A11	FLJ90193|MCT11
Olfactory epithelial cells	LRRIQ1	FLJ12303|KIAA1801
Olfactory epithelial cells	ARL6	RP55|BBS3
Olfactory epithelial cells	SPEF2	KPL2|FLJ23577|CT122
Olfactory epithelial cells	MAPKAP1	MGC2745|SIN1
Olfactory epithelial cells	FAM131C	FLJ36766|C1orf117
Olfactory epithelial cells	FAM81A	MGC26690
Olfactory epithelial cells	SH3GLB2	KIAA1848
Olfactory epithelial cells	MLF1	NA
Olfactory epithelial cells	FAM92B	FLJ44299
Olfactory epithelial cells	PKIB	PRKACN2
Olfactory epithelial cells	PDE4A	DPDE2
Olfactory epithelial cells	FETUB	NA
Olfactory epithelial cells	EBF2	FLJ11500|COE2
Olfactory epithelial cells	CCDC28B	MGC1203|RP4-622L5.5
Olfactory epithelial cells	NQO1	DHQU|QR1|NMOR1|DIA4
Olfactory epithelial cells	DUSP14	MKP-L|MKP6
Olfactory epithelial cells	GRAMD1C	DKFZp434C0328
Olfactory epithelial cells	RTP2	MGC78665|Z3CXXC2
Olfactory epithelial cells	SGPL1	SPL
Olfactory epithelial cells	GOLGA7B	bA459F3.4|bA451M19.3|C10orf133|C10orf132
Olfactory epithelial cells	CFAP126	Flattop|Fltp|C1orf192
Olfactory epithelial cells	CACNB3	CACNLB3
Olfactory epithelial cells	IFT43	FLJ32173|MGC16028|C14orf179
Olfactory epithelial cells	ACSL6	KIAA0837|LACS5|FACL6
Olfactory epithelial cells	SPOCK1	testican-1|TIC1|SPOCK
Olfactory epithelial cells	CLGN	NA
Olfactory epithelial cells	EFCAB10	NA
Olfactory epithelial cells	HOMER2	CPD|Cupidin|Vesl-2|HOMER-2B|HOMER-2|HOMER-2A|DFNA68
Olfactory epithelial cells	CKMT1	NA
Olfactory epithelial cells	MYCBP	AMY-1
Olfactory epithelial cells	RD3	LCA12|C1orf36
Olfactory epithelial cells	HIST2H2BE	H2B/q|H2B|H2BFQ
Olfactory epithelial cells	SCN9A	Nav1.7|NE-NA|NENA|ETHA
Olfactory epithelial cells	ABHD16A	NG26|D6S82E|BAT5
Olfactory epithelial cells	IMPDH1	sWSS2608|LCA11|RP10
Olfactory epithelial cells	CMIP	NA
Olfactory epithelial cells	TESC	FLJ20607|CHP3
Olfactory epithelial cells	CTXN3	NA
Olfactory epithelial cells	S100A5	S100D
Olfactory epithelial cells	RSPH1	FLJ32753|RSP44|RSPH10A|CILD24|TSGA2
Olfactory epithelial cells	FAIM	FLJ10582|FAIM1
Olfactory epithelial cells	THEM6	DSCD75|C8orf55
Olfactory epithelial cells	CNGA2	CNG2|OCNC1|OCNCa|OCNCALPHA|OCNCalpha|FLJ46312|CNCA1|CNCA
Olfactory epithelial cells	CNTN4	BIG-2
Olfactory epithelial cells	EFNA3	LERK3|Ehk1-L|EPLG3
Olfactory epithelial cells	RTP1	MGC35450|Z3CXXC1
Olfactory epithelial cells	DCDC2A	NA
Olfactory epithelial cells	AK1	NA
Olfactory epithelial cells	FLRT1	MGC21624|SPG68
Olfactory epithelial cells	JAKMIP1	MARLIN1|JAMIP1|Gababrbp|FLJ31564
Olfactory epithelial cells	TMEM74BOS	NA
Olfactory epithelial cells	CALB2	CAL2
Olfactory epithelial cells	SULT1D1	NA
Olfactory epithelial cells	GNG13	h2-35|G(gamma)13
Olfactory epithelial cells	ACBD7	FLJ38219|bA455B2.2
Olfactory epithelial cells	FSTL5	DKFZp566D234|KIAA1263
Olfactory epithelial cells	GNAL	NA
Olfactory epithelial cells	GFY	Goofy
Olfactory epithelial cells	ATF5	NA
Olfactory epithelial cells	STOM	BND7|EPB7|EPB72
Olfactory epithelial cells	CARTPT	CART
Olfactory epithelial cells	STOML3	SRO|Epb7.2l
Olfactory epithelial cells	OMP	NA
Oligodendrocyte progenitor cells	CSPG4	MCSPG|MEL-CSPG|HMW-MAA
Oligodendrocyte progenitor cells	PDGFRA	CD140a|PDGFR2|GAS9
Oligodendrocyte progenitor cells	SOX10	DOM|WS4|WS2E
Oligodendrocyte progenitor cells	OLIG2	RACK17|OLIGO2|bHLHe19|PRKCBP2|BHLHB1
Oligodendrocyte progenitor cells	MATN4	NA
Oligodendrocyte progenitor cells	C1QL1	C1QRF|C1QTNF14
Oligodendrocyte progenitor cells	GPR37L1	ETBR-LP-2
Oligodendrocyte progenitor cells	GPR17	NA
Oligodendrocyte progenitor cells	KCNIP3	DREAM|KCHIP3|CSEN
Oligodendrocyte progenitor cells	TMEM100	FLJ10970|FLJ37856
Oligodendrocyte progenitor cells	VCAN	PG-M|CSPG2
Oligodendrocyte progenitor cells	CDO1	NA
Oligodendrocyte progenitor cells	EPN2	KIAA1065|EHB21
Oligodendrocyte progenitor cells	LHFPL3	LHFPL4
Oligodendrocyte progenitor cells	NEU4	NA
Oligodendrocyte progenitor cells	ASCL1	HASH1|bHLHa46
Oligodendrocyte progenitor cells	LAD1	NA
Oligodendrocyte progenitor cells	SLC25A47	C14orf68
Oligodendrocyte progenitor cells	ETV5	ERM
Oligodendrocyte progenitor cells	NNAT	Peg5
Oligodendrocyte progenitor cells	CSPG5	NGC
Oligodendrocyte progenitor cells	OLIG1	BHLHB6|bHLHe21
Oligodendrocyte progenitor cells	PCDH15	CDHR15|USH1F|DFNB23
Oligodendrocyte progenitor cells	ALDOC	NA
Oligodendrocyte progenitor cells	TNR	NA
Oligodendrocyte progenitor cells	FYN	SLK|MGC45350
Oligodendrocyte progenitor cells	NKX6-2	NKX6B|GTX|NKX6.1
Oligodendrocyte progenitor cells	CNP	NA
Oligodendrocytes	GALC	NA
Oligodendrocytes	MOG	BTN6|BTNL11
Oligodendrocytes	OLIG1	BHLHB6|bHLHe21
Oligodendrocytes	OLIG2	RACK17|OLIGO2|bHLHe19|PRKCBP2|BHLHB1
Oligodendrocytes	TF	PRO1557|PRO2086
Oligodendrocytes	OLIG3	Bhlhb7|bHLHe20
Oligodendrocytes	SOX10	DOM|WS4|WS2E
Oligodendrocytes	GJC2	CX47|CX46.6|SPG44|GJA12
Oligodendrocytes	GAMT	PIG2|TP53I2
Oligodendrocytes	BCAS1	NABC1|AIBC1
Oligodendrocytes	ENPP6	MGC33971
Oligodendrocytes	TMEM63A	KIAA0792
Oligodendrocytes	GPR62	NA
Oligodendrocytes	BACE1	BACE
Oligodendrocytes	CREB5	H_GS165L15.1|CRE-BPA
Oligodendrocytes	FGFR2	CEK3|TK14|TK25|ECT1|K-SAM|CD332|KGFR|BEK|JWS
Oligodendrocytes	SLC25A38	FLJ20551
Oligodendrocytes	HDAC11	NA
Oligodendrocytes	TYRO3	Dtk|Brt|Tif|Sky|Etk-2|Rek|RSE
Oligodendrocytes	S1PR5	Edg-8|EDG8
Oligodendrocytes	ASPA	ACY2
Oligodendrocytes	EPHB1	Hek6|EPHT2
Oligodendrocytes	HEPACAM	FLJ25530|hepaCAM|GLIALCAM
Oligodendrocytes	SOX8	NA
Oligodendrocytes	FASN	FAS|SDR27X1
Oligodendrocytes	OMG	OMGP
Oligodendrocytes	ZDHHC9	ZNF379|CGI-89|ZNF380|ZDHHC10|CXorf11
Oligodendrocytes	PTGDS	L-PGDS
Oligodendrocytes	ADAMTS4	KIAA0688|ADAMTS-2|ADMP-1
Oligodendrocytes	MYRF	Ndt80|pqn-47|MRF|C11orf9
Oligodendrocytes	SEMA4D	CD100|coll-4|FLJ39737|SEMAJ|C9orf164
Oligodendrocytes	TMEM125	MGC17299
Oligodendrocytes	KLHL2	MAV
Oligodendrocytes	DPY19L1	KIAA0877
Oligodendrocytes	TSPAN15	NET-7|TM4SF15
Oligodendrocytes	HAPLN2	BRAL1
Oligodendrocytes	NKX6-2	NKX6B|GTX|NKX6.1
Oligodendrocytes	GJB1	CX32|CMTX1|CMTX
Oligodendrocytes	OPALIN	TMP10|HTMP10|TMEM10
Oligodendrocytes	VLDLR	CARMQ1|CHRMQ1|VLDLRCH
Oligodendrocytes	MCAM	MUC18|CD146
Oligodendrocytes	TMEM163	DKFZP566N034|SV31
Oligodendrocytes	ERMN	JN|ERMIN|KIAA1189
Oligodendrocytes	FA2H	FAAH|FLJ25287|FAXDC1|SPG35
Oligodendrocytes	CLDN11	OSP|OTM
Oligodendrocytes	ANLN	ANILLIN|Scraps|scra
Oligodendrocytes	ELOVL7	FLJ23563
Oligodendrocytes	PLLP	PMLP|TM4SF11
Oligodendrocytes	DDC	AADC
Oligodendrocytes	POU3F1	OCT6|SCIP|OTF6
Oligodendrocytes	NINJ2	NA
Oligodendrocytes	SGK2	NA
Oligodendrocytes	GJC3	CX30.2|GJE1
Oligodendrocytes	GPR37	EDNRBL|hET(B)R-LP|PAELR
Oligodendrocytes	IL33	DVS27|DKFZp586H0523|NF-HEV|IL1F11|C9orf26
Oligodendrocytes	KLK6	Bssp|Klk7|neurosin|PRSS9|PRSS18
Oligodendrocytes	NFE2L3	Nrf3
Oligodendrocytes	PEX5L	PEX5R|PXR2|TRIP8b
Oligodendrocytes	CLDN14	DFNB29
Oligodendrocytes	ITGB4	CD104
Oligodendrocytes	MYO1D	KIAA0727|myr4|PPP1R108
Oligodendrocytes	PDE8A	HsT19550
Oligodendrocytes	CNTF	HCNTF
Oligodendrocytes	EML1	EMAP|HuEMAP|ELP79|EMAPL
Oligodendrocytes	KIF13B	GAKIN|KIAA0639
Oligodendrocytes	KIF6	dJ1043E3.1|MGC33317|dJ137F1.4|dJ188D3.1|DKFZp451I2418|C6orf102
Oligodendrocytes	NIPAL4	ICHYN
Oligodendrocytes	SEC14L5	KIAA0420|PRELID4B
Oligodendrocytes	SP7	osterix|OSX
Oligodendrocytes	ST18	KIAA0535|ZC2HC10|NZF3|ZC2H2C3|ZNF387
Oligodendrocytes	DUSP15	bA243J16.6|VHY|FLJ20645|bA243J16.5|C20orf57
Oligodendrocytes	PRKCZ	PKC2
Oligodendrocytes	ARSG	KIAA1001
Oligodendrocytes	NPC1	SLC65A1
Oligodendrocytes	MAG	SIGLEC4A|SIGLEC-4A|S-MAG|GMA
Oligodendrocytes	SLC25A29	FLJ38975|C14orf69
Oligodendrocytes	SLC25A19	DNC|MUP1|MCPHA
Oligodendrocytes	PLEKHH1	KIAA1200
Oligodendrocytes	TMEM88B	NA
Oligodendrocytes	DBNDD2	HSMNP1|C20orf35
Oligodendrocytes	EFNB3	LERK-8|EPLG8
Oligodendrocytes	SGK3	SGK2|SGKL
Oligodendrocytes	PNPLA2	desnutrin|TTS-2.2|ATGL|FP17548|iPLA2zeta
Oligodendrocytes	ARRDC2	CLONE24945|PP2703
Oligodendrocytes	ENPP2	PD-IALPHA|PDNP2
Oligodendrocytes	PLP1	GPM6C|SPG2
Oligodendrocytes	ITPR2	IP3R2|CFAP48
Oligodendrocytes	MBP	NA
Osteoblasts	SLC6A6	TAUT
Osteoblasts	VDR	NR1I1|PPP1R163
Osteoblasts	LRP4	MEGF7|CLSS|LRP-4|SOST2
Osteoblasts	EGFL6	MAEG
Osteoblasts	MMP13	CLG3
Osteoblasts	GPER1	FEG-1|GPCR-Br|LERGU|LERGU2|DRY12|LyGPR|CEPR|CMKRL2|GPR30|GPER
Osteoblasts	RUNX2	AML3|PEBP2A1|PEBP2aA1|CCD|CBFA1|CCD1
Osteoblasts	NF2	merlin|ACN|SCH|BANF
Osteoblasts	LRP5	LR3|BMND1|HBM|OPS|OPTA1|VBCH2|EVR4|LRP7|OPPG
Osteoblasts	PHEX	PEX|HPDR1|HYP1|XLH|HYP|HPDR
Osteoblasts	HIF1A	MOP1|HIF-1alpha|PASD8|HIF1|bHLHe78
Osteoblasts	C5AR1	C5A|C5AR|CD88|C5R1
Osteoblasts	CXCL12	SCYB12|SDF-1a|SDF-1b|PBSF|TLSF-a|TLSF-b|TPAR1|SDF1A|SDF1B|SDF1
Osteoblasts	COL1A1	NA
Osteoblasts	PLCD4	NA
Osteoblasts	FOXO1	FKH1|FKHR|FOXO1A
Osteoblasts	SOCS3	SSI-3|CIS3|SOCS-3|Cish3
Osteoblasts	IL33	DVS27|DKFZp586H0523|NF-HEV|IL1F11|C9orf26
Osteoblasts	MAGED1	NRAGE|DLXIN-1
Osteoblasts	PARD6G	PAR-6G|PAR6gamma
Osteoblasts	CD44	IN|MC56|Pgp1|CD44R|HCELL|CSPG8|MIC4|MDU2|MDU3
Osteoblasts	NLRP3	AGTAVPRL|AII|AVP|FCAS|FCU|NALP3|PYPAF1|MWS|CLR1.1|C1orf7|CIAS1
Osteoblasts	ALPL	TNSALP|TNALP|TNAP|HOPS
Osteoblasts	TNFSF11	TRANCE|RANKL|OPGL|ODF|CD254
Osteoblasts	CCL11	eotaxin|MGC22554|SCYA11
Osteoblasts	SPP1	BSPI|ETA-1|BNSP|OPN
Osteoblasts	FAS	CD95|APO-1|FAS1|APT1|TNFRSF6
Osteoblasts	TNFRSF10A	DR4|Apo2|TRAILR-1|CD261|TRAILR1
Osteoblasts	WNT5A	hWNT5A
Osteoblasts	CX3CL1	C3Xkine|ABCD-3|CXC3C|CXC3|fractalkine|neurotactin|SCYD1
Osteoblasts	F2R	CF2R
Osteoblasts	PTH1R	PTHR1
Osteoblasts	ITGA2	CD49b|CD49B
Osteoblasts	ITGA5	CD49e|FNRA
Osteoblasts	NOD1	NLRC1|CLR7.1|CARD4
Osteoblasts	NOD2	BLAU|PSORAS1|CLR16.3|NLRC2|IBD1|CARD15
Osteoblasts	THY1	CD90
Osteoblasts	ESR1	NR3A1|Era|ER-alpha|ESR
Osteoblasts	CYP27B1	P450c1|VDD1|PDDR
Osteoblasts	P2RX4	P2X4
Osteoblasts	P2RX5	P2X5
Osteoblasts	INSR	CD220
Osteoblasts	EFNB2	LERK5|Htk-L|HTKL|MGC126226|MGC126227|MGC126228|EPLG5
Osteoblasts	EPHB4	Tyro11|HTK
Osteoblasts	VCAM1	CD106
Osteoblasts	FGFR1	CEK|FLG|BFGFR|N-SAM|CD331|FLT2|KAL2
Osteoblasts	FGFR2	CEK3|TK14|TK25|ECT1|K-SAM|CD332|KGFR|BEK|JWS
Osteoblasts	BGLAP	OCN
Osteoblasts	TLR5	TIL3|MGC126430|MGC126431|SLEB1
Osteoblasts	CALB1	CALB
Osteoblasts	COL11A1	STL2|CO11A1|COLL6
Osteoblasts	BGLAP2	NA
Osteoblasts	COL11A2	HKE5|DFNA13|DFNB53
Osteoblasts	IBSP	BSP|SP-II|BSP-II
Osteoblasts	POSTN	OSF-2|PN|periostin
Osteoblasts	SFRP4	frpHE|FRP-4|FRPHE|FRZB-2
Osteoblasts	BMP1	PCOLC
Osteoblasts	OLFML2B	DKFZP586L151
Osteoblasts	COL12A1	COL12A1L
Osteoblasts	WISP2	CTGF-L|CCN5
Osteoblasts	SP7	osterix|OSX
Osteoblasts	PENK	NA
Osteoblasts	NPNT	EGFL6L|POEM
Osteoblasts	OLFML1	UNQ564
Osteoclast precursor cells	MITF	MI|bHLHe32|WS2A|WS2
Osteoclast precursor cells	NFKB1	KBF1|NFKB-p50|NF-kappaB|NFkappaB|NF-kB1
Osteoclast precursor cells	NFKB2	LYT-10|NF-kB2|p49/p100
Osteoclast precursor cells	TNFRSF11A	RANK|CD265|FEO|PDB2|LOH18CR1
Osteoclast precursor cells	TRAF6	RNF85
Osteoclast precursor cells	TREM2	TREM-2|Trem2a|Trem2b|Trem2c
Osteoclast precursor cells	CYSLTR1	CysLT1|CysLT(1)|CYSLT1R
Osteoclast precursor cells	TLR4	hToll|CD284|TLR-4|ARMD10
Osteoclasts	SOST	VBCH|DAND6
Osteoclasts	ZBTB7A	FBI-1|DKFZp547O146|pokemon|ZNF857A|ZBTB7
Osteoclasts	SEMA4D	CD100|coll-4|FLJ39737|SEMAJ|C9orf164
Osteoclasts	KCNMA1	KCa1.1|mSLO1|SLO
Osteoclasts	TNFRSF11B	NA
Osteoclasts	PTPRA	HLPR|HPTPA|RPTPA|PTPRL2|PTPA
Osteoclasts	TNFRSF11A	RANK|CD265|FEO|PDB2|LOH18CR1
Osteoclasts	MMP9	CLG4B
Osteoclasts	ACP5	HPAP
Osteoclasts	RAB3B	NA
Osteoclasts	ITPR3	IP3R3
Osteoclasts	NRP2	VEGF165R2
Osteoclasts	THRA	EAR-7.1/EAR-7.2|THRA3|AR7|ERBA|NR1A1|THRA2|ERBA1
Osteoclasts	AGER	SCARJ1
Osteoclasts	RGS18	RGS13
Osteoclasts	PTH1R	PTHR1
Osteoclasts	LTB4R	BLTR|P2Y7|LTB4R1|P2RY7|GPR16|CMKRL1
Osteoclasts	TRPV5	CaT2|ECAC1
Osteoclasts	SNX10	NA
Osteoclasts	CTSK	PKND|CTSO2|CTSO|PYCD
Osteoclasts	OSCAR	NA
Osteoclasts	SLC2A1	DYT18|DYT9|GLUT1|GLUT|HTLVR|CSE
Osteoclasts	DCSTAMP	DC-STAMP|FIND|TM7SF4
Osteoclasts	EGFL7	ZNEU1
Osteoclasts	SLC39A14	KIAA0062|NET34|ZIP14
Osteoclasts	AQP9	SSC1|HsT17287
Osteoclasts	ONECUT1	HNF-6|HNF6|HNF6A
Osteoclasts	ITGB3	CD61|GPIIIa|GP3A
Osteoclasts	ITGB5	NA
Osteoclasts	IRAK3	IRAK-M
Osteoclasts	ITGA2	CD49b|CD49B
Osteoclasts	TAS1R3	T1R3
Osteoclasts	SERPINF1	EPC-1|PIG35|PEDF
Osteoclasts	ITGAV	CD51|VNRA|MSK8|VTNR
Osteoclasts	ITGB1	CD29|GPIIA|FNRB|MSK12|MDF2
Osteoclasts	P2RY6	P2Y6
Osteoclasts	CCL3	G0S19-1|LD78ALPHA|MIP-1-alpha|SCYA3
Osteoclasts	EPHB1	Hek6|EPHT2
Osteoclasts	CA2	Car2|CA-II|CAII
Osteoclasts	HIF1A	MOP1|HIF-1alpha|PASD8|HIF1|bHLHe78
Osteoclasts	CX3CR1	CMKDR1|V28|GPR13|CMKBRL1
Osteoclasts	ESR1	NR3A1|Era|ER-alpha|ESR
Osteoclasts	EFNB2	LERK5|Htk-L|HTKL|MGC126226|MGC126227|MGC126228|EPLG5
Osteoclasts	VDR	NR1I1|PPP1R163
Osteoclasts	CASR	FHH|NSHPT|GPRC2A|HHC|HHC1
Osteoclasts	CD68	SCARD1|macrosialin|DKFZp686M18236|LAMP4
Osteoclasts	GRM8	GLUR8|GPRC1H|mGlu8|MGLUR8
Osteoclasts	SMAD4	DPC4|MADH4
Osteoclasts	SPP1	BSPI|ETA-1|BNSP|OPN
Osteocytes	SOST	VBCH|DAND6
Osteocytes	PFN1	NA
Osteocytes	EFNB2	LERK5|Htk-L|HTKL|MGC126226|MGC126227|MGC126228|EPLG5
Osteocytes	PDPN	T1A-2|Gp38|aggrus|PA2.26
Osteocytes	FGF23	NA
Oxyphil cells	SLC2A4	GLUT4
Oxyphil cells	GCM2	hGCMb|GCMB
Pancreatic progenitor cells	ONECUT1	HNF-6|HNF6|HNF6A
Pancreatic progenitor cells	PDX1	IDX-1|STF-1|PDX-1|MODY4|IPF1
Pancreatic progenitor cells	PTF1A	PTF1-p48|bHLHa29
Pancreatic progenitor cells	CXCR4	LESTR|NPY3R|HM89|NPYY3R|D2S201E|fusin|HSY3RR|CD184
Pancreatic progenitor cells	ISL1	Isl-1|ISLET1
Pancreatic progenitor cells	NKX2-2	NKX2.2|NKX2B
Pancreatic progenitor cells	EPAS1	MOP2|PASD2|HIF2A|HLF|bHLHe73
Pancreatic progenitor cells	ARX	ISSX|CT121|EIEE1|MRXS1|PRTS|MRX76|MRX54|MRX43|MRX36|MRX29|MRX32|MRX33|MRX38|MRX87
Pancreatic progenitor cells	NEUROG3	Atoh5|Math4B|ngn3|bHLHa7
Pancreatic progenitor cells	SOX9	SRA1|CMD1|CMPD1
Pancreatic progenitor cells	RPL23A	L23A
Pancreatic progenitor cells	CTNNB1	beta-catenin|armadillo|CTNNB
Pancreatic progenitor cells	YAP1	YAP65
Pancreatic progenitor cells	RGS16	A28-RGS14|RGS-r
Pancreatic progenitor cells	MFNG	NA
Pancreatic stellate cells	TIMP1	TIMP|CLGI
Pancreatic stellate cells	RGS5	NA
Pancreatic stellate cells	SPON2	DIL1
Pancreatic stellate cells	GEM	NA
Pancreatic stellate cells	DYNLT1	TCTEL1
Pancreatic stellate cells	PDGFRB	JTK12|CD140b|PDGFR1|PDGFR
Pancreatic stellate cells	KRT10	K10|CK10|KPP
Pancreatic stellate cells	CYGB	HGB|STAP
Pancreatic stellate cells	CTGF	IGFBP8|CCN2
Pancreatic stellate cells	MMP14	MT1-MMP
Pancreatic stellate cells	NDUFA4L2	NUOMS|FLJ26118
Pancreatic stellate cells	PDGFRA	CD140a|PDGFR2|GAS9
Pancreatic stellate cells	INHBA	NA
Pancreatic stellate cells	TGFB1	CED|TGFbeta|TGFB|DPD1
Pancreatic stellate cells	COL6A1	NA
Pancreatic stellate cells	MMP11	STMY3
Pancreatic stellate cells	FN1	CIG|LETS|GFND2|FINC
Pancreatic stellate cells	COL4A1	NA
Pancreatic stellate cells	COL6A2	NA
Pancreatic stellate cells	MGP	NA
Pancreatic stellate cells	COL3A1	EDS4A
Pancreatic stellate cells	SPARC	ON
Pancreatic stellate cells	COL1A1	NA
Pancreatic stellate cells	TIMP3	NA
Pancreatic stellate cells	TNFAIP6	TSG6|TSG-6
Pancreatic stellate cells	COL1A2	NA
Pancreatic stellate cells	SFRP2	SARP1|SDF-5|FRP-2
Pancreatic stellate cells	COL6A3	NA
Pancreatic stellate cells	THY1	CD90
Paneth cells	DEFA5	HD-5|DEF5
Paneth cells	MMP7	PUMP-1|MPSL1
Paneth cells	AGR2	XAG-2|HAG-2|PDIA17
Paneth cells	DEFA1	HNP-1|DEF1|DEFA2
Paneth cells	DEFA6	HD-6|DEF6
Paneth cells	CSF2	GM-CSF|GMCSF
Paneth cells	LYZ	NA
Paneth cells	PLA2G2A	PLA2B
Paneth cells	PRSS1	TRY1
Paneth cells	GUCA2B	NA
Paneth cells	LYZ1	NA
Paneth cells	REG3B	NA
Paneth cells	MUC2	NA
Paneth cells	CLCA1	CaCC|CLCRG1
Paneth cells	GUCA2A	STARA|GUCA2
Paneth cells	REG3G	UNQ429|LPPM429|PAP1B
Paneth cells	ITLN1	ITLN|FLJ20022|LFR|HL-1|hIntL
Paneth cells	RETNLB	HXCP2|FIZZ2|RELMb
Paneth cells	ANG4	NA
Paneth cells	GPX2	GSHPX-GI
Paneth cells	LGALS2	HL14
Paneth cells	SPINK4	PEC-60|MGC133107
Paneth cells	FABP4	A-FABP|aP2
Paneth cells	CFD	ADN|DF|PFD
Paneth cells	ADIPOQ	ACRP30|AdipoQ|apM1|GBP28|adiponectin|ACDC
Paneth cells	PNLIPRP2	PLRP2
Paneth cells	DMBT1	GP340|muclin|SALSA|Gp-340|hensin|vomeroglandin
Paneth cells	NOD2	BLAU|PSORAS1|CLR16.3|NLRC2|IBD1|CARD15
Paneth cells	LGR4	GPR48
Paneth cells	RIPK2	RICK|CARDIAK|CARD3
Paneth cells	TLR5	TIL3|MGC126430|MGC126431|SLEB1
Paneth cells	WNT3	MGC131950|MGC138321|MGC138323
Paneth cells	KCNN4	KCa3.1|hSK4|hKCa4|hIKCa1|IK
Paneth cells	RAP1A	KREV-1|SMGP21
Paneth cells	ATG16L1	WDR30|FLJ10035|ATG16A|APG16L|ATG16L
Paneth cells	WNT9B	WNT14B|WNT15
Paneth cells	DLL4	NA
Paneth cells	IL4R	CD124
Paneth cells	IL4RA	NA
Paneth cells	TLR9	CD289
Paneth cells	CTNNB1	beta-catenin|armadillo|CTNNB
Paneth cells	DLL1	NA
Paneth cells	TM4SF20	FLJ22800|TCCE518
Paneth cells	DEFA23	NA
Paneth cells	DEFA3	HNP-3
Paneth cells	DEFA26	NA
Paneth cells	DEFA17	NA
Paneth cells	MPTX2	NA
Paneth cells	DEFA21	NA
Paneth cells	DEFA22	NA
Paneth cells	DEFA24	NA
Paneth cells	MPTX1	NA
Paneth cells	KLF15	KKLF
Paneth cells	DEFA20	NA
Parathyroid chief cells	KL	NA
Parathyroid chief cells	CASR	FHH|NSHPT|GPRC2A|HHC|HHC1
Parathyroid chief cells	VDR	NR1I1|PPP1R163
Parathyroid chief cells	FGFR1	CEK|FLG|BFGFR|N-SAM|CD331|FLT2|KAL2
Parathyroid chief cells	CYP27B1	P450c1|VDD1|PDDR
Parathyroid chief cells	LRP2	gp330
Parathyroid chief cells	PTH	NA
Parathyroid chief cells	RAB3A	NA
Parietal cells	CD24	CD24A
Parietal cells	PODXL	PCLP|Gp200|PC
Parietal cells	KCNQ1	Kv7.1|KCNA8|KVLQT1|JLNS1|LQT1|LQT|KCNA9
Parietal cells	PTCH1	BCNS|NBCCS|PTCH
Parietal cells	SHH	HHG1|SMMCI|TPTPS|MCOPCB5|HPE3
Parietal cells	HIP1R	KIAA0655|HIP3|HIP12|FLJ14000
Parietal cells	HAMP	LEAP-1|HEPC|HFE2B|LEAP1
Parietal cells	KCNE2	MiRP1|LQT6
Parietal cells	HDC	NA
Parietal cells	ASAP3	FLJ20199|UPLC1|CENTB6|DDEFL1
Parietal cells	SLC12A6	KCC3|ACCPN
Parietal cells	AQP4	MIWC
Parietal cells	ATP4B	ATP6B
Parietal cells	BMI1	RNF51|PCGF4
Peri-islet Schwann cells	MPZ	HMSNIB|CMT2I|CMT2J|CMT1|CMT1B
Peri-islet Schwann cells	EGFL8	NG3|C6orf8
Peri-islet Schwann cells	GFRA1	RETL1|GDNFR|GFR-ALPHA-1|RET1L|TRNR1|GDNFRA
Peri-islet Schwann cells	OLFML2A	FLJ00237
Peri-islet Schwann cells	GULP1	CED6|CED-6|GULP
Peri-islet Schwann cells	SLITRK6	FLJ22774
Peri-islet Schwann cells	VGLL3	VGL-3
Peri-islet Schwann cells	GFRA3	GFRa-3
Peri-islet Schwann cells	INSC	NA
Peri-islet Schwann cells	SLITRK2	KIAA1854|SLITL1|TMEM257|CXorf1
Peri-islet Schwann cells	FIGN	NA
Peri-islet Schwann cells	LRRTM1	FLJ32082
Peri-islet Schwann cells	SEMA3B	SemA|semaV|LUCA-1|sema5|SEMAA
Peri-islet Schwann cells	NGFR	TNFRSF16|CD271|p75NTR
Peri-islet Schwann cells	PNLIPRP1	PLRP1
Peri-islet Schwann cells	GFRA2	RETL2|GDNFRB|NTNRA|TRNR2
Pericytes	PECAM1	CD31
Pericytes	PDGFRB	JTK12|CD140b|PDGFR1|PDGFR
Pericytes	CSPG4	MCSPG|MEL-CSPG|HMW-MAA
Pericytes	ANPEP	gp150|CD13|PEPN
Pericytes	ACTA2	ACTSA
Pericytes	DES	CMD1I|CSM1|CSM2
Pericytes	RGS5	NA
Pericytes	ABCC9	SUR2|CMD1O
Pericytes	KCNJ8	Kir6.1
Pericytes	CD248	TEM1|CD164L1
Pericytes	DLK1	FA1|pG2|Pref-1|ZOG|Delta1
Pericytes	TEK	TIE2|TIE-2|VMCM1|CD202b|VMCM
Pericytes	NOTCH3	CASIL|CADASIL
Pericytes	GLI1	GLI
Pericytes	ICAM1	CD54
Pericytes	ADM	AM
Pericytes	ANG2	NA
Pericytes	ANGPT1	KIAA0003|Ang1
Pericytes	VEGFA	VEGF-A|VPF|VEGF
Pericytes	ZIC1	ZIC|ZNF201
Pericytes	FOXC1	FREAC3|IGDA|IHG1|FKHL7|IRID1
Pericytes	POSTN	OSF-2|PN|periostin
Pericytes	COX4I2	COXIV-2|COX4B|dJ857M17.2|COX4-2|COX4L2
Pericytes	LHFP	NA
Pericytes	HIGD1B	CLST11240|CLST11240-15
Pericytes	PDZD2	KIAA0300|PDZK3
Pericytes	HSD11B1	SDR26C1|HSD11B|HSD11
Pericytes	MCAM	MUC18|CD146
Pericytes	MXRA8	DKFZp586E2023
Pericytes	PDE5A	NA
Pericytes	NR1H3	LXR-a|RLD-1|LXRa
Pericytes	SERPING1	C1IN|C1-INH|HAE1|HAE2|C1NH
Pericytes	EMID1	EMU1|hEmu1|EMI5
Pericytes	ECM1	NA
Pericytes	COLEC11	MGC3279|CL-K1
Pericytes	RARRES2	TIG2|HP10433
Pericytes	REM1	GES|REM
Pericytes	ASPN	FLJ20129|SLRR1C|PLAP-1
Pericytes	CYGB	HGB|STAP
Pericytes	FABP4	A-FABP|aP2
Pericytes	VTN	VN
Pericytes	STEAP4	FLJ23153|TIARP|STAMP2|SchLAH|TNFAIP9
Pericytes	NDUFA4L2	NUOMS|FLJ26118
Pericytes	SLC38A11	FLJ39822|AVT2
Pericytes	ATP13A5	FLJ16025
Pericytes	AOC3	VAP1|HPAO|VAP-1
Pericytes	ANGPT2	Ang2
Pericytes	INPP4B	NA
Pericytes	GPIHBP1	LOC338328|GPI-HBP1
Pericytes	VIM	NA
Pericytes	PTH1R	PTHR1
Pericytes	IFITM1	9-27|CD225|DSPA2a|IFI17
Pericytes	TBX18	NA
Pericytes	NT5E	CD73|eN|eNT|CALJA|NT5
Pericytes	MFGE8	SED1|EDIL1|BA46|OAcGD3S|HsT19888|MFG-E8|hP47|SPAG10
Pericytes	ALPL	TNSALP|TNALP|TNAP|HOPS
Pericytes	COL1A1	NA
Pericytes	MYO1B	myr1
Pericytes	COG7	NA
Pericytes	P2RY14	KIAA0001|GPR105
Pericytes	HEYL	bHLHb33|HEY3|HESR3
Pericytes	GNB4	NA
Pericytes	MSX1	HYD1|OFC5|HOX7
Pericytes	CTGF	IGFBP8|CCN2
Peritubular myoid cells	SAT2	SSAT2
Peritubular myoid cells	LAMC3	DKFZp434E202
Peritubular myoid cells	APOA1	NA
Peritubular myoid cells	MYLIP	IDOL
Peritubular myoid cells	TMEM98	DKFZP564K1964
Peritubular myoid cells	CYP1B1	CP1B|GLC3A
Peritubular myoid cells	KCNMB1	hslo-beta
Peritubular myoid cells	RARRES2	TIG2|HP10433
Peritubular myoid cells	GSTM3	GST5
Peritubular myoid cells	RNASE1	RAC1|RNS1
Peritubular myoid cells	CILP	HsT18872
Peritubular myoid cells	RASD1	DEXRAS1
Peritubular myoid cells	ALDH1A3	RALDH3|ALDH6
Peritubular myoid cells	INTS6	DICE1|HDB|Notchl2|DBI-1|DDX26A|DDX26
Peritubular myoid cells	EPHX1	EPHX
Peritubular myoid cells	OSR2	FLJ90037
Peritubular myoid cells	C7	NA
Peritubular myoid cells	COL15A1	NA
Peritubular myoid cells	LAMB2	NPHS5|LAMS
Peritubular myoid cells	MYH11	SMMHC|SMHC
Peritubular myoid cells	TPM1	C15orf13|CMH3
Peritubular myoid cells	TPM2	NEM4|AMCD1
Peritubular myoid cells	TPM4	NA
Peritubular myoid cells	MYL9	MYRL2|MLC2|LC20|MRLC1
Peritubular myoid cells	WNT	NA
Peritubular myoid cells	WNT2B	XWNT2|WNT13
Photoreceptor cells	RCVRN	RCV1
Photoreceptor cells	PDC	MEKA
Photoreceptor cells	NRL	D14S46E|RP27|NRL-MAF
Photoreceptor cells	NR2E3	rd7|RP37
Photoreceptor cells	SAG	ARRESTIN|RP47
Photoreceptor cells	RHO	OPN2|CSNBAD1|RP4
Photoreceptor cells	ROM1	TSPAN23|ROM
Photoreceptor cells	CRX	LCA7|CORD2
Photoreceptor cells	PDE6G	RP57|PDEG
Photoreceptor cells	TPBG	5T4-AG|5T4
Photoreceptor cells	GABRA1	EJM5
Photoreceptor cells	PCBP3	FLJ44028|PCBP3-OT1|PCBP3OT
Photoreceptor cells	FRMD3	EPB41L4O|MGC20553
Photoreceptor cells	ADAMTS5	ADMP-2|ADAMTS11
Photoreceptor cells	RD3L	TDRD9AS1|TDRD9-AS1
Photoreceptor cells	GABRG2	NA
Photoreceptor cells	CNTN4	BIG-2
Photoreceptor cells	RNF152	FLJ39176
Photoreceptor cells	SYNE1	SYNE-1B|KIAA0796|8B|Nesprin-1|enaptin|MYNE1|CPG2|dJ45H2.2|SCAR8|ARCA1|Nesp1|C6orf98
Photoreceptor cells	SEBOX	OG9|OG9X
Photoreceptor cells	HSPA12A	FLJ13874|KIAA0417
Photoreceptor cells	CNTNAP2	Caspr2|KIAA0868
Photoreceptor cells	NLK	NA
Photoreceptor cells	NTNG1	KIAA0976|Lmnt1
Photoreceptor cells	GLS	KIAA0838|GLS1
Photoreceptor cells	STX3	STX3A
Photoreceptor cells	GRM6	GPRC1F|mGlu6|MGLUR6|CSNB1B
Photoreceptor cells	STRIP2	KIAA1170|FAR11B|FAM40B
Photoreceptor cells	CHGA	NA
Photoreceptor cells	RNPC3	KIAA1839|FLJ20008|RBM40
Photoreceptor cells	VSTM2B	NA
Photoreceptor cells	CACNA2D4	NA
Photoreceptor cells	VSX2	RET1|HOX10|CHX10
Photoreceptor cells	TRNP1	LOC388610|C1orf225
Photoreceptor cells	NEUROD4	Atoh3|ATH-3|MATH-3|bHLHa4
Photoreceptor cells	GNB3	NA
Photoreceptor cells	OTX2	NA
Photoreceptor cells	CACNA2D3	HSA272268
Photoreceptor cells	ZFP365	NA
Photoreceptor cells	LIN7A	MALS-1|TIP-33|LIN-7A|VELI1
Photoreceptor cells	CCDC136	KIAA1793|NAG6|DKFZP434G156
Photoreceptor cells	NDNF	FLJ23191|C4orf31
Photoreceptor cells	GNG13	h2-35|G(gamma)13
Photoreceptor cells	PROX1	NA
Photoreceptor cells	GPR179	CSNB1E|GPR158L1
Photoreceptor cells	CABP5	CaBP3|CABP3
Photoreceptor cells	KCNMA1	KCa1.1|mSLO1|SLO
Photoreceptor cells	CAR8	NA
Photoreceptor cells	LRTM1	HT017
Photoreceptor cells	PRKCA	PKCA
Photoreceptor cells	QPCT	QC|GCT
Photoreceptor cells	CPLX3	CPX-III
Photoreceptor cells	B3GALT2	beta3Gal-T2
Photoreceptor cells	ISL1	Isl-1|ISLET1
Photoreceptor cells	PCP2	MGC41903|GPSM4
Pinealocytes	ASMT	HIOMT|ASMTY|HIOMTY
Pinealocytes	ADRB1	ADRB1R
Pinealocytes	TPH1	TPRH|TPH
Pinealocytes	SAG	ARRESTIN|RP47
Pinealocytes	GNGT1	GNG1
Pinealocytes	GNGT2	GNG9
Pinealocytes	ROM1	TSPAN23|ROM
Pinealocytes	CRX	LCA7|CORD2
Pinealocytes	CNGB1	RCNC2|RCNCb|GAR1|CNGB1B|RP45|CNCG2|CNCG3L
Pinealocytes	CNGA1	RCNC1|RCNCa|CNG1|RP49|CNCG1|CNCG
Pinealocytes	PDE6C	PDEA2|ACHM5|COD4
Pinealocytes	SLC6A6	TAUT
Pinealocytes	ADRA1B	NA
Pinealocytes	DRD4	NA
Pinealocytes	CHRNA3	NA
Pinealocytes	CHRNB4	NA
Pinealocytes	NEUROD1	BETA2|BHF-1|NeuroD|bHLHa3|MODY6|NEUROD
Pinealocytes	PDE6B	CSNB3|rd1|RP40|CSNBAD2|PDEB
Pinealocytes	CACNA1F	Cav1.4|JM8|JMC8|CSNBX2|CORDX3|CSNB2A|OA2|CSNB2|AIED
Pinealocytes	GNG13	h2-35|G(gamma)13
Pinealocytes	AANAT	SNAT
Pinealocytes	CREM	hCREM-2
Pinealocytes	PDE10A	NA
Pinealocytes	PMEPA1	STAG1|TMEPAI
Plasma cells	SDC1	CD138|syndecan|SYND1|SDC
Plasma cells	IRF4	LSIRF|MUM1
Plasma cells	CD38	NA
Plasma cells	PRDM1	PRDI-BF1|BLIMP1
Plasma cells	CD93	C1qRP|C1qR(P)|dJ737E23.1|CDw93|ECSM3|MXRA4|C1QR1
Plasma cells	CD27	S152|Tp55|TNFRSF7
Plasma cells	ENPP1	PC-1|NPPS|M6S1|PDNP1
Plasma cells	KLF4	EZF|GKLF
Plasma cells	MS4A4A	CD20L1|MS4A7
Plasma cells	PIAS1	GU/RH-II|ZMIZ3|DDXBP1
Plasma cells	CYCS	CYC
Plasma cells	DIABLO	SMAC|DIABLO-S|FLJ25049|FLJ10537|DFNA64
Plasma cells	HTRA2	OMI|PARK13|PRSS25
Plasma cells	MS4A1	Bp35|MS4A2|CD20
Plasma cells	CD9	BA2|P24|TSPAN29|MRP-1|MIC3
Plasma cells	CD19	NA
Plasma cells	CD24	CD24A
Plasma cells	CD37	TSPAN26
Plasma cells	CD40	Bp50|TNFRSF5
Plasma cells	CD74	DHLAG
Plasma cells	CXCR4	LESTR|NPY3R|HM89|NPYY3R|D2S201E|fusin|HSY3RR|CD184
Plasma cells	GZMB	CCPI|CGL-1|CSP-B|CGL1|CTSGL1|SECT|CSPB
Plasma cells	TNFRSF17	BCM|CD269|TNFRSF13A|BCMA
Plasma cells	TNFRSF13B	TACI|CD267|IGAD2
Plasma cells	FCGR2B	CD32B
Plasma cells	CCR10	GPR2
Plasma cells	ABCB9	EST122234
Plasma cells	AMPD1	NA
Plasma cells	ANGPT4	NA
Plasma cells	ATXN8OS	NCRNA00003|SCA8|KLHL1AS
Plasma cells	C11ORF80	FLJ22531|TOPOVIBL
Plasma cells	CD79A	MB-1|IGA
Plasma cells	DENND5B	MGC24039
Plasma cells	EAF2	BM040|TRAITS
Plasma cells	FCRL2	FCRH2|IRTA4|CD307b|SPAP1
Plasma cells	GNG7	FLJ00058
Plasma cells	GPR25	NA
Plasma cells	GUSBP11	NA
Plasma cells	HIST1H2AE	H2A/a|H2AFA
Plasma cells	HIST1H2BG	H2B/a|H2B.1A|H2BFA
Plasma cells	HLA-DOB	NA
Plasma cells	IGHD	FLJ00382|FLJ46727|MGC29633
Plasma cells	IGHE	NA
Plasma cells	IGHM	NA
Plasma cells	IGKC	HCAK1
Plasma cells	IGLL3P	16.1|IGLL3
Plasma cells	KCNA3	Kv1.3|MK3|HLK3|HPCN3
Plasma cells	KCNG2	Kv6.2|KCNF2
Plasma cells	LIME1	FLJ20406|dJ583P15.4|LIME
Plasma cells	MAN1A1	NA
Plasma cells	MANEA	FLJ12838|mandaselin
Plasma cells	MAST1	KIAA0973
Plasma cells	MROH7	FLJ46354|C1orf175|HEATR8
Plasma cells	MZB1	MGC29506|HSPC190|pERp1|MEDA-7
Plasma cells	P2RX5	P2X5
Plasma cells	PAX7	Hup1
Plasma cells	PDK1	NA
Plasma cells	PNOC	PPNOC|N/OFQ|NOP
Plasma cells	RASGRP3	KIAA0846|GRP3|CalDAG-GEFIII
Plasma cells	REN	NA
Plasma cells	RGS13	NA
Plasma cells	RPL3P7	NA
Plasma cells	SIK1	msk|SNF1LK
Plasma cells	SPAG4	SUN4|CT127
Plasma cells	ST6GALNAC4	ST6GALNACIV|SIAT3C|SIAT7D
Plasma cells	TGM5	TGX|TGMX
Plasma cells	TMEM156	FLJ23235
Plasma cells	UGT2B17	NA
Plasma cells	ZBP1	dJ718J7.3|DLM1|DLM-1|DAI|C20orf183
Plasma cells	ZNF165	ZSCAN7|CT53
Plasma cells	IGLC2	NA
Plasma cells	IGHG1	NA
Plasma cells	IGHG2	NA
Plasma cells	IGHG3	NA
Plasma cells	IGHGP	IGHGP1
Plasma cells	IGLC3	NA
Plasma cells	JCHAIN	IGCJ|JCH|IGJ
Plasma cells	IGHA1	NA
Plasma cells	IGHG4	NA
Plasma cells	IGHA2	NA
Plasma cells	IGLV3-1	NA
Plasma cells	IGLC7	NA
Plasma cells	SSR4	TRAPD
Plasma cells	IL16	LCF|IL-16|prIL-16|HsT19289|FLJ42735|FLJ16806
Plasma cells	BHLHA15	MIST1|bHLHa15|BHLHB8
Plasma cells	PPIB	CYPB|OI9|B|CYP-S1|SCYLP
Plasmacytoid dendritic cells	CD4	NA
Plasmacytoid dendritic cells	CD8A	CD8
Plasmacytoid dendritic cells	CD40	Bp50|TNFRSF5
Plasmacytoid dendritic cells	CD80	B7.1|B7-1|CD28LG|CD28LG1
Plasmacytoid dendritic cells	CD83	HB15|BL11
Plasmacytoid dendritic cells	LILRA4	ILT7|CD85g
Plasmacytoid dendritic cells	CD86	B7.2|B7-2|CD28LG2
Plasmacytoid dendritic cells	IL3RA	CD123
Plasmacytoid dendritic cells	CCR7	BLR2|CDw197|CD197|CMKBR7|EBI1
Plasmacytoid dendritic cells	CLEC4C	HECL|DLEC|BDCA2|CD303|CLECSF11|CLECSF7
Plasmacytoid dendritic cells	CXCR3	CKR-L2|CMKAR3|IP10-R|MigR|CD183|GPR9
Plasmacytoid dendritic cells	TRADD	Hs.89862
Plasmacytoid dendritic cells	ARHGAP9	MGC1295|10C
Plasmacytoid dendritic cells	LAMP5	dJ1119D9.3|BAD-LAMP|UNC-46|C20orf103
Plasmacytoid dendritic cells	GPR183	EBI2
Plasmacytoid dendritic cells	MAP3K2	MEKK2B|MEKK2
Plasmacytoid dendritic cells	TNFSF13B	BAFF|THANK|BLYS|TALL-1|TALL1|CD257|TNFSF20
Plasmacytoid dendritic cells	PTCRA	PTA|PT-ALPHA
Plasmacytoid dendritic cells	ERN1	IRE1|IRE1P
Plasmacytoid dendritic cells	ETV6	TEL
Plasmacytoid dendritic cells	MAP3K8	Tpl-2|c-COT|MEKK8|ESTF
Plasmacytoid dendritic cells	FAM129C	FLJ39802|BCNP1
Plasmacytoid dendritic cells	SPIB	SPI-B
Plasmacytoid dendritic cells	GZMB	CCPI|CGL-1|CSP-B|CGL1|CTSGL1|SECT|CSPB
Plasmacytoid dendritic cells	CXCR4	LESTR|NPY3R|HM89|NPYY3R|D2S201E|fusin|HSY3RR|CD184
Plasmacytoid dendritic cells	PACSIN1	SDPI
Plasmacytoid dendritic cells	TLR7	NA
Plasmacytoid dendritic cells	TLR9	CD289
Plasmacytoid dendritic cells	IRF7	NA
Plasmacytoid dendritic cells	IRF8	IRF-8|ICSBP|ICSBP1
Plasmacytoid dendritic cells	IGLL1	IGVPB|IGL5|14.1|CD179B|IGLL
Plasmacytoid dendritic cells	CUX2	KIAA0293|CDP2|CUTL2
Plasmacytoid dendritic cells	ZFP521	NA
Plasmacytoid dendritic cells	MCTP2	FLJ11175|FLJ33303
Plasmacytoid dendritic cells	KLK1	Klk6
Plasmacytoid dendritic cells	CMAH	NA
Plasmacytoid dendritic cells	BLNK	SLP65|Ly57|SLP-65|BLNK-s|BASH|bca
Plasmacytoid dendritic cells	GRM8	GLUR8|GPRC1H|mGlu8|MGLUR8
Plasmacytoid dendritic cells	PRKCA	PKCA
Plasmacytoid dendritic cells	CDH1	uvomorulin|CD324|UVO
Plasmacytoid dendritic cells	KLRA17	NA
Plasmacytoid dendritic cells	IL17RB	IL17RH1|EVI27|CRL4|IL17BR
Plasmacytoid dendritic cells	CARD6	CINCIN1
Plasmacytoid dendritic cells	CLEC4G	UNQ431|LSECtin
Plasmacytoid dendritic cells	S100A8	P8|CGLA|CAGA
Plasmacytoid dendritic cells	JCHAIN	IGCJ|JCH|IGJ
Plasmacytoid dendritic cells	SERPINF1	EPC-1|PIG35|PEDF
Plasmacytoid dendritic cells	ITM2C	BRI3|E25|hRPC.1050_D_4|ITM3|BRICD2C
Plasmacytoid dendritic cells	TCF4	SEF2-1B|ITF2|bHLHb19|E2-2
Plasmacytoid dendritic cells	BCL11A	BCL11A-XL|BCL11A-L|BCL11A-S|CTIP1|HBFQTL5|ZNF856|EVI9
Plasmacytoid dendritic cells	MZB1	MGC29506|HSPC190|pERp1|MEDA-7
Plasmacytoid dendritic cells	DERL3	FLJ43842|MGC71803|derlin-3|IZP6|C22orf14
Plasmacytoid dendritic cells	ZFAT	KIAA1485|ZNF406|ZFAT1
Plasmacytoid dendritic cells	NRP1	VEGF165R|CD304
Plasmacytoid dendritic cells	SLC15A4	PHT1|PTR4
Plasmacytoid dendritic cells	CCR9	GPR-9-6|CDw199|GPR28
Plasmacytoid dendritic cells	IRF5	NA
Plasmacytoid dendritic cells	BST2	CD317|tetherin
Platelets	CCL5	RANTES|SISd|TCP228|MGC17164|D17S136E|SCYA5
Platelets	VEGFA	VEGF-A|VPF|VEGF
Platelets	PECAM1	CD31
Platelets	FCGR2A	CD32A|IGFR2|CDw32|FCGR2A1
Platelets	CD36	SCARB3|GPIV|GP4|GP3B
Platelets	ITGA2B	CD41B|CD41|PPP1R93|GP2B
Platelets	GP1BA	CD42b|GPIbalpha|GP1B
Platelets	SPN	LSN|CD43|GPL115
Platelets	CD46	TRA2.10|MGC26544|MIC10
Platelets	ITGA2	CD49b|CD49B
Platelets	ITGB3	CD61|GPIIIa|GP3A
Platelets	SELP	CD62|PSEL|PADGEM|GMP140|CD62P|GRMP
Platelets	CD69	CLEC2C
Platelets	CD84	SLAMF5|hCD84|mCD84
Platelets	CD109	FLJ38569|DKFZp762L1111|CPAMD7
Platelets	CCR3	CC-CKR-3|CKR3|CD193|CMKBR3
Platelets	CD226	DNAM-1|DNAM1|PTA1|TLiSA1
Platelets	TNFSF14	LIGHT|LTg|HVEM-L|CD258
Platelets	LRRC32	D11S833E
Platelets	LTBR	TNFCR|TNFR-RP|TNFR2-RP|TNF-R-III|TNFRSF3|D12S370
Platelets	PF4	SCYB4|CXCL4
Platelets	GP5	CD42d
Platelets	F13A1	F13A
Platelets	THBS1	TSP1|THBS|TSP|THBS-1|TSP-1
Platelets	ABCC4	MRP4|EST170205|MOAT-B|MOATB
Platelets	BIN2	BRAP-1
Platelets	FERMT3	URP2|KIND3|MIG2B|MGC10966|MIG-2|UNC112C
Platelets	PTCRA	PTA|PT-ALPHA
Platelets	TUBB1	dJ543J19.4
Platelets	GP9	CD42a|GPIX
Platelets	NCOA4	ARA70|RFG|ELE1|PTC3|DKFZp762E1112
Platelets	RGS18	RGS13
Platelets	PPBP	SCYB7|TGB|NAP-2-L1|LA-PF4|MDGF|LDGF|Beta-TG|CTAP3|CXCL7|b-TG1|TGB1|CTAPIII|NAP-2|THBGB1
Platelets	DAB2	DOC-2
Platelets	HFE	HLA-H
Platelets	CXCR4	LESTR|NPY3R|HM89|NPYY3R|D2S201E|fusin|HSY3RR|CD184
Platelets	CLEC1B	CLEC2
Platelets	MPL	CD110|TPOR
Platelets	F5	NA
Platelets	TREML1	TLT1|dJ238O23.3
Platelets	P2RY12	P2Y12|SP1999|HORK3
Platelets	PRKAR2B	NA
Platelets	STX11	NA
Platelets	MFSD2B	NA
Platelets	ALOX12	12S-LOX
Platelets	PLEK	NA
Platelets	SELPLG	PSGL-1|CD162
Platelets	ADGRE5	TM7LN1|CD97
Platelets	CD40	Bp50|TNFRSF5
Platelets	ERO1A	ERO1-alpha|Ero1alpha|ERO1L
Platelets	CD9	BA2|P24|TSPAN29|MRP-1|MIC3
Platelets	F11R	PAM-1|JCAM|JAM-1|JAM-A|JAMA|CD321|JAM1
Platelets	TLR4	hToll|CD284|TLR-4|ARMD10
Platelets	CRLF2	CRL2|TSLPR
Platelets	IL1A	IL1F1|IL-1A|IL1-ALPHA|IL1
Platelets	SCARB1	SRB1|CLA-1|SR-BI|CD36L1
Platelets	ADAM10	kuz|HsT18717|CD156c
Platelets	CCR1	MIP1aR|CD191|SCYAR1|CMKBR1
Platelets	CCR4	CC-CKR-4|CMKBR4|CKR4|k5-5|ChemR13|CD194
Platelets	F2R	CF2R
Platelets	NRGN	NA
Platelets	OST4	NA
Platelets	SPARC	ON
Platelets	GP1BB	CD42c|GPIbbeta
Platelets	GPX1	NA
Platelets	CAVIN2	SDR|PS-p68|cavin-2|SDPR
Platelets	PPDPF	dJ697K14.9|exdpf|C20orf149
Platelets	MYL9	MYRL2|MLC2|LC20|MRLC1
Platelets	MAP3K7CL	TAKL|TAK1L|TAKL-1|TAKL-2|TAKL-4|C21orf7
Platelets	PTGS1	PGHS-1|PTGHS
Platelets	GNG11	GNGT11
Platelets	GRAP2	Grf40|GrbX|GRBLG|GADS|Mona
Platelets	CTSA	GSL|PPGB
Platelets	MPIG6B	G6b|NG31|G6b-B|C6orf25
Platelets	HIST1H3H	H3/k|H3F1K|H3FK
Platelets	WIPF1	WIP|WASPIP
Platelets	C2ORF88	MGC13057|smAKAP
Platelets	ARHGDIB	Ly-GDI|RhoGDI2|RAP1GN1|GDIA2|GDID4
Platelets	CDKN2D	INK4D
Platelets	CA2	Car2|CA-II|CAII
Platelets	HLA-A	NA
Platelets	PDLIM1	CLP-36|hCLIM1|CLP36
Platelets	PDZK1IP1	DD96|MAP17|SPAP
Platelets	AGPAT1	LPAAT-alpha
Platelets	SMOX	FLJ20746|dJ779E11.1|PAOh1|MGC1010|SMO|C20orf16
Platelets	SRGN	PPG
Platelets	HIST1H2BK	H2BFAiii|H2BFT
Platelets	SH3BGRL2	NA
Platelets	ATP2A3	SERCA3
Platelets	ALDH2	NA
Platelets	LYZ2	NA
Platelets	ALOX5AP	FLAP
Platelets	RAP1B	RAL1B|DKFZp586H0723
Platelets	FHL1	SLIM1|KYO-T|bA535K18.1|FHL1B|XMPMA|FLH1A|MGC111107
Platelets	VWF	F8VWF
Platelets	LAPTM5	NA
Platelets	RASGRP2	CALDAG-GEFI
Platelets	HIST1H2BC	H2B/l|H2BFL
Platelets	SLC2A3	GLUT3
Platelets	ARHGAP10	FLJ20896|FLJ41791|GRAF2
Platelets	RTL8B	MAR8B|CXX1c|SIRH4|FAM127C
Platelets	TREML2	FLJ13693|TLT2|dJ238O23.1|C6orf76
Platelets	MMRN1	ECM|EMILIN4|GPIa*|MMRN
Platelets	ILK	NA
Platelets	NOD2	BLAU|PSORAS1|CLR16.3|NLRC2|IBD1|CARD15
Platelets	NOX5	NOX5A|NOX5B
Platelets	SERPINE1	PAI|PLANH1|PAI1
Platelets	MAPK14	PRKM14|Mxi2|PRKM15|CSPB1|CSBP1|CSBP2
Platelets	ABCA3	ABC-C|EST111653|LBM180|ABC3
Platelets	CXCL14	BRAK|NJAC|bolekine|Kec|MIP-2g|BMAC|SCYB14
Platelets	ESAM	W117m
Platelets	PREX1	KIAA1415|P-REX1
Platelets	S100A9	MIF|NIF|LIAG|MRP14|MAC387|CGLB|CAGB
Platelets	ATP8A1	ATPIA
Platelets	PRKCD	NA
Platelets	PTGS2	NA
Platelets	F7	NA
Platelets	SLC26A4	PDS|DFNB4
Platelets	PALLD	KIAA0992|SIH002|CGI-151
Platelets	SLC17A9	FLJ23412|VNUT|C20orf59
Platelets	IL33	DVS27|DKFZp586H0523|NF-HEV|IL1F11|C9orf26
Platelets	SIRT3	SIR2L3
Platelets	CYP2U1	SPG49
Platelets	TLR1	rsc786|KIAA0012|CD281
Platelets	TLR6	CD286
Platelets	BGLAP	OCN
Platelets	LGALS8	PCTA-1
Platelets	ITGB2	CD18|MFI7
Platelets	CD40LG	CD40L|gp39|hCD40L|CD154|HIGM1|IMD3|TNFSF5
Platelets	ANGPT1	KIAA0003|Ang1
Platelets	ACKR3	GPR159|CMKOR1|CXCR7
Pluripotent stem cells	PRMT8	HRMT1L4
Pluripotent stem cells	NCOA5	bA465L10.6
Pluripotent stem cells	TRIM32	HT2A|TATIP|BBS11|LGMD2H
Pluripotent stem cells	PRDM14	NA
Pluripotent stem cells	FGF4	K-FGF|HBGF-4|HST|HST-1|KFGF
Pluripotent stem cells	NANOG	FLJ12581|FLJ40451
Pluripotent stem cells	POU5F1	Oct4|MGC22487|OTF3
Pluripotent stem cells	MSH2	HNPCC1|COCA1
Pluripotent stem cells	ZFP819	NA
Pluripotent stem cells	GATA2	NFE1B
Pluripotent stem cells	ZFX	ZNF926
Pluripotent stem cells	TERF1	PIN2|TRF1|TRBF1
Pluripotent stem cells	TEX19	FLJ35767
Pluripotent stem cells	TERT	TRT|TCS1|hEST2|EST2
Pluripotent stem cells	ZNF296	ZNF342
Pluripotent stem cells	NAP1L1	MGC8688|MGC23410
Pluripotent stem cells	SOX2	NA
Pluripotent stem cells	ALPL	TNSALP|TNALP|TNAP|HOPS
Pluripotent stem cells	HK2	NA
Pluripotent stem cells	SPN	LSN|CD43|GPL115
Pluripotent stem cells	ESRP1	FLJ20171|RBM35A
Podocytes	PODXL	PCLP|Gp200|PC
Podocytes	ADAMTS13	VWFCP|vWF-CP|FLJ42993|MGC118899|MGC118900|DKFZp434C2322|C9orf8
Podocytes	LCN2	NGAL|24p3
Podocytes	VEGFA	VEGF-A|VPF|VEGF
Podocytes	SLC2A4	GLUT4
Podocytes	NLRP3	AGTAVPRL|AII|AVP|FCAS|FCU|NALP3|PYPAF1|MWS|CLR1.1|C1orf7|CIAS1
Podocytes	SYNPO	KIAA1029
Podocytes	NPHS1	CNF|NPHN
Podocytes	NPHS2	SRN1|PDCN
Podocytes	LAMA3	nicein-150kDa|kalinin-165kDa|BM600-150kDa|epiligrin|LAMNA
Podocytes	FOXC2	MFH-1|FKHL14
Podocytes	WT1	WIT-2|AWT1|NPHS4|GUD
Podocytes	CD80	B7.1|B7-1|CD28LG|CD28LG1
Podocytes	DES	CMD1I|CSM1|CSM2
Podocytes	PTPRO	PTPU2|GLEPP1|PTP-U2|PTP-oc|NPHS6
Podocytes	LMX1B	NPS1
Podocytes	MYOC	TIGR|JOAG1|GLC1A
Podocytes	CDH13	CDHH
Podocytes	SEMA3G	FLJ00014|sem2
Podocytes	THSD7A	KIAA0960
Podocytes	MAFB	KRML
Podocytes	ENPEP	gp160|CD249
Podocytes	CLIC5	DFNB102
Podocytes	RAB3B	NA
Podocytes	DPP4	CD26|ADCP2
Podocytes	ANGPTL2	NA
Podocytes	ITGB5	NA
Podocytes	RHPN1	KIAA1929|RHPN|ODF5
Podocytes	BCAM	CD239|LU
Podocytes	MAGI2	ACVRIP1|MAGI-2
Podocytes	COL4A3	NA
Podocytes	EFNB1	LERK2|Elk-L|EPLG2|CFNS
Podocytes	NPR1	GUCY2A|ANPa|ANPRA|NPRA
Podocytes	PLOD2	LH2
Podocytes	SRGAP1	KIAA1304|ARHGAP13
Podocytes	LAMB2	NPHS5|LAMS
Podocytes	NPR3	FLJ14054|NPRC|ANPRC|C5orf23
Podocytes	ITGA3	CD49c|VLA3a|VCA-2|GAP-B3|MSK18
Podocytes	PLCE1	KIAA1516|NPHS3
Podocytes	PROS1	PROS
Podocytes	MERTK	mer|RP38|c-Eyk|Tyro12
Podocytes	MYO1D	KIAA0727|myr4|PPP1R108
Podocytes	TCF21	POD1|bHLHa23
Podocytes	TNS2	KIAA1075|C1-TEN|TENC1
Podocytes	ADM	AM
Podocytes	OPTN	FIP2|HYPL|FIP-2|TFIIIA-INTP|HIP7|GLC1E
Podocytes	PARD3B	Par3L|PAR3beta|ALS2CR19
Podocytes	SEMA3E	M-SemaK|KIAA0331|coll-5|SEMAH
Podocytes	MYO1E	MYO1C|HuncM-IC|MGC104638
Podocytes	NEBL	LASP2|LNEBL
Podocytes	SH2D4A	FLJ20967|SH2A|PPP1R38
Podocytes	TDRD5	FLJ34823|TUDOR3
Podocytes	PTH1R	PTHR1
Podocytes	IQGAP2	NA
Podocytes	CTGF	IGFBP8|CCN2
Podocytes	FAT1	CDHF7|CDHR8
Podocytes	ILDR2	C1orf32
Podocytes	FOXD1	FREAC4|FKHL8
Podocytes	TRIB2	GS3955
Podocytes	LOXL2	WS9-14|LOR
Podocytes	COL4A5	ASLN|ATS
Podocytes	FOXC1	FREAC3|IGDA|IHG1|FKHL7|IRID1
Podocytes	PLEKHH2	KIAA2028|PLEKHH1L
Podocytes	CTNNAL1	CLLP|alpha-CATU
Podocytes	DACH1	DACH
Podocytes	SULF1	KIAA1077|SULF-1|hSulf-1
Podocytes	HSPB8	H11|E2IG1|HSP22|HspB8|CMT2L
Podocytes	KANK1	KANK|ANKRD15
Podocytes	ADCY1	AC1|DFNB44
Podocytes	DOCK5	FLJ21034
Podocytes	CRB2	FLJ38464|FLJ16786
Podocytes	LRRC49	FLJ20156
Podocytes	CORO2B	ClipinC|KIAA0925
Podocytes	ARHGAP24	DKFZP564B1162|FLJ33877|FilGAP
Podocytes	GPRC5A	RAIG1|PEIG-1|RAI3
Podocytes	COL4A4	CA44
Podocytes	AIF1L	IBA2|FLJ12783|C9orf58
Podocytes	MET	HGFR|RCCP2|DFNB97
Podocytes	EPB41L5	KIAA1548|FLJ12957|BE37|YMO1|YRT
Podocytes	DOCK1	DOCK180|ced5
Podocytes	AJUBA	MGC15563|JUB
Podocytes	CD2AP	CMS
Podocytes	GOLIM4	GPP130|GIMPC|P138|GOLPH4
Podocytes	ZBTB8A	BOZF1|FLJ90065|ZNF916A|ZBTB8
Podocytes	QK	NA
Podocytes	TOB1	TOB|TROB|TROB1
Podocytes	WSB2	SBA2|MGC10210
Podocytes	EMC2	KIAA0103|TTC35
Podocytes	EHD4	PAST4
Podocytes	ZFP91	PZF|ZNF757
Podocytes	ETF1	eRF1|TB3-1|SUP45L1|ERF
Podocytes	EMC7	C15orf24
Podocytes	LUC7L2	CGI-74|CGI-59|H_NH0792N18.3|FLJ10657|LUC7B2|hLuc7B2
Podocytes	MAPT	MTBT1|tau|PPND|FTDP-17|TAU|MSTD|MTBT2|FLJ31424|MGC138549|PPP1R103|DDPAC|MAPTL
Podocytes	CDKN1C	P57|BWCR|BWS
Principal cells	AQP2	NA
Principal cells	SCNN1A	ENaCalpha|SCNN1
Principal cells	AQP3	GIL
Principal cells	KCNJ1	Kir1.1|ROMK1
Principal cells	AVPR2	V2R|DIR3|DIR
Principal cells	SCNN1G	ENaCgamma|SCNEG
Principal cells	HSD11B2	SDR9C3
Principal cells	FXYD4	CHIF
Principal cells	APELA	Ende|ELA|tdl
Principal cells	NPNT	EGFL6L|POEM
Principal cells	SCNN1B	ENaCbeta
Principal cells	KCNE1	minK|ISK|JLNS2|LQT5
Principal cells	CDH16	NA
Principal cells	ADGRG1	TM7LN4|TM7XN1|GPR56
Principal cells	TSPAN8	CO-029|TM4SF3
Principal cells	CDO1	NA
Principal cells	TMEM45B	BC016153|FLJ40787
Principal cells	TACSTD2	TROP2|GA733-1|EGP-1|M1S1
Principal cells	PDZK1IP1	DD96|MAP17|SPAP
Principal cells	L1CAM	CD171|HSAS1|SPG1|HSAS|MIC5
Principal cells	CLDN4	CPE-R|WBSCR8|hCPE-R|CPETR|CPETR1
Principal cells	TBCK	MGC16169|HSPC302
Principal cells	TMEM229A	NA
Principal cells	GSTT1	NA
Principal cells	GPRC5B	RAIG-2
Principal cells	TMEM178	NA
Principal cells	PHACTR1	KIAA1733|dJ257A7.2|RPEL1
Principal cells	CELSR2	KIAA0279|MEGF3|Flamingo1|CDHF10|ADGRC2|EGFL2
Principal cells	FZD7	FzE3
Principal cells	SLC2A9	Glut9|GLUTX|URATv1
Principal cells	RNF186	FLJ20225
Principal cells	TRPV5	CaT2|ECAC1
Principal cells	STC1	STC
Principal cells	PELI2	NA
Principal cells	KLK1	Klk6
Principal cells	ACER2	FLJ41587|ALKCDase2|ASAH3L
Principal cells	AQP4	MIWC
Principal cells	FZD1	DKFZp564G072
Principal cells	GATA3	HDR
Principal cells	LGALS3	MAC-2|GALIG|LGALS2
Principal cells	PTGES	MGST-IV|PIG12|MGST1-L1|TP53I12|MGST1L1
Principal cells	TSPAN1	TSPAN-1|NET-1
Principal cells	NR3C2	MR|MLR
Principal cells	HES1	FLJ20408|HES-1|Hes1|bHLHb39|HRY
Proximal tubule cells	AQP1	CHIP28|CO
Proximal tubule cells	CLDN2	NA
Proximal tubule cells	DPP4	CD26|ADCP2
Proximal tubule cells	ENPEP	gp160|CD249
Proximal tubule cells	SLC36A2	PAT2|tramdorin|TRAMD1
Proximal tubule cells	SLC5A1	D22S675|NAGT|SGLT1
Proximal tubule cells	SLC6A18	FLJ31236|Xtrp2
Proximal tubule cells	SLC6A19	NA
Proximal tubule cells	SLC6A20B	NA
Proximal tubule cells	SLC5A2	SGLT2
Proximal tubule cells	LRP2	gp330
Proximal tubule cells	PDZK1	PDZD1|NHERF3
Proximal tubule cells	MIOX	ALDRL6
Proximal tubule cells	SLC34A1	NAPI-3|NPTIIa|SLC11|NPT2|SLC17A2
Proximal tubule cells	TTC36	HBP21
Proximal tubule cells	ASS1	CTLN1|ASS
Proximal tubule cells	PCK1	PEPCK-C
Proximal tubule cells	FUT9	Fuc-TIX
Proximal tubule cells	KHK	NA
Proximal tubule cells	SLC4A4	NBC1|HNBC1|NBC2|pNBC|hhNMC|SLC4A5
Proximal tubule cells	GLYAT	GAT|ACGNAT
Proximal tubule cells	FBP1	NA
Proximal tubule cells	SLC22A6	ROAT1|PAHT|OAT1
Proximal tubule cells	SLC22A12	OAT4L|RST|URAT1
Proximal tubule cells	SLC47A1	FLJ10847|MATE1
Proximal tubule cells	NOX4	KOX-1|KOX
Proximal tubule cells	SLC17A1	NAPI-1|NPT1
Proximal tubule cells	SLC13A3	NADC3|SDCT2
Proximal tubule cells	CYP2E1	CYP2E
Proximal tubule cells	SLC22A8	OAT3
Proximal tubule cells	FOLR1	FOLR
Proximal tubule cells	SLC7A13	AGT-1|XAT2
Proximal tubule cells	AK4	AK3
Proximal tubule cells	SLC5A8	AIT
Proximal tubule cells	SLC22A1	NA
Proximal tubule cells	GHR	GHBP
Proximal tubule cells	UPB1	BUP1
Proximal tubule cells	SLC17A3	NPT4
Proximal tubule cells	GCDH	ACAD5
Proximal tubule cells	GSTZ1	GSTZ1-1|MAAI|MAI
Proximal tubule cells	ASL	NA
Proximal tubule cells	FAH	NA
Proximal tubule cells	SLCO1A6	NA
Proximal tubule cells	ECI3	NA
Proximal tubule cells	TMEM106A	MGC20235
Proximal tubule cells	GSTA2	GST2
Proximal tubule cells	CRYL1	lambda-CRY|MGC149525|MGC149526
Proximal tubule cells	SLC5A12	MGC52019|SMCT2
Proximal tubule cells	KAP	NA
Proximal tubule cells	AOAH	NA
Proximal tubule cells	SLC13A1	NaSi-1|NAS1
Proximal tubule cells	ABCC2	DJS|cMRP|CMOAT
Proximal tubule cells	PKHD1	ARPKD|FCYT|FPC|TIGM1
Proximal tubule cells	SLC9A8	KIAA0939|NHE8
Proximal tubule cells	SLC22A19	NA
Proximal tubule cells	TMEM27	NA
Proximal tubule cells	SCIN	KIAA1905
Proximal tubule cells	ALPL	TNSALP|TNALP|TNAP|HOPS
Proximal tubule cells	G6PC	GSD1a|G6PT
Proximal tubule cells	KEG1	NA
Proximal tubule cells	SLC22A13	OCTL1|OCTL3|OAT10|ORCTL3
Proximal tubule cells	SLC22A7	NLT|OAT2
Proximal tubule cells	SLC16A9	FLJ43803|MCT9|C10orf36
Proximal tubule cells	AGXT2	AGT2
Proximal tubule cells	SORD	NA
Proximal tubule cells	SOD3	EC-SOD
Proximal tubule cells	HNF4A	NR2A1|HNF4|TCF14|MODY|MODY1
Proximal tubule cells	NME4	nm23-H4|NM23H4|NDPKD
Proximal tubule cells	APOE	AD2
Proximal tubule cells	HGD	HGO|AKU
Proximal tubule cells	OSGIN1	BDGI|OKL38
Proximal tubule cells	HSD11B1	SDR26C1|HSD11B|HSD11
Proximal tubule cells	SERPINF2	API|ALPHA-2-PI|A2AP|AAP|PLI
Proximal tubule cells	HAAO	NA
Proximal tubule cells	PPIC	CYPC
Proximal tubule cells	TFF3	HITF|ITF
Proximal tubule cells	GNG13	h2-35|G(gamma)13
Proximal tubule cells	SLC23A3	SVCT3|FLJ31168|Yspl1
Proximal tubule cells	GC	VDBP|hDBP
Proximal tubule cells	CACNG5	NA
Proximal tubule cells	TGFBI	BIGH3|CDB1|CDGG1|CSD3|LCD1|CSD1|CSD2
Proximal tubule cells	RBP4	NA
Proximal tubule cells	NAPSA	NAPA|Kdap
Pulmonary alveolar type I cells	MMP11	STMY3
Pulmonary alveolar type I cells	ICAM1	CD54
Pulmonary alveolar type I cells	CTGF	IGFBP8|CCN2
Pulmonary alveolar type I cells	SEMA3B	SemA|semaV|LUCA-1|sema5|SEMAA
Pulmonary alveolar type I cells	GRAMD2	NA
Pulmonary alveolar type I cells	SCNN1B	ENaCbeta
Pulmonary alveolar type I cells	SEMA3E	M-SemaK|KIAA0331|coll-5|SEMAH
Pulmonary alveolar type I cells	SCNN1G	ENaCgamma|SCNEG
Pulmonary alveolar type I cells	SCNN1A	ENaCalpha|SCNN1
Pulmonary alveolar type I cells	COL4A4	CA44
Pulmonary alveolar type I cells	CYP4B1	NA
Pulmonary alveolar type I cells	RTKN2	Em:AC024597.2|bA531F24.1|FLJ39352|PLEKHK1
Pulmonary alveolar type I cells	CLIC5	DFNB102
Pulmonary alveolar type I cells	CYP2B10	NA
Pulmonary alveolar type I cells	AKAP5	AKAP75|AKAP79
Pulmonary alveolar type I cells	GPRC5A	RAIG1|PEIG-1|RAI3
Pulmonary alveolar type I cells	SEC14L3	TAP2
Pulmonary alveolar type I cells	COL4A3	NA
Pulmonary alveolar type I cells	CLDN18	SFTPJ
Pulmonary alveolar type I cells	AGER	SCARJ1
Pulmonary alveolar type I cells	HOPX	LAGY|OB1|NECC1|SMAP31
Pulmonary alveolar type I cells	AQP5	NA
Pulmonary alveolar type I cells	EMP2	XMP
Pulmonary alveolar type I cells	VEGFA	VEGF-A|VPF|VEGF
Pulmonary alveolar type I cells	KRT7	CK7|K2C7
Pulmonary alveolar type I cells	IGFBP6	NA
Pulmonary alveolar type I cells	PXDC1	C6orf145
Pulmonary alveolar type I cells	AQP3	GIL
Pulmonary alveolar type I cells	CRLF1	CLF-1|CISS|CISS1
Pulmonary alveolar type I cells	EGFL6	MAEG
Pulmonary alveolar type I cells	FSTL3	FLRG|FSRP
Pulmonary alveolar type I cells	MEX3B	DKFZp434J0617|RNF195|RKHD3
Pulmonary alveolar type I cells	RADIL	FLJ10324|KIAA1849|RASIP2
Pulmonary alveolar type I cells	SMARCA1	NURF140|SWI|hSNF2L|SNF2L1|SNF2L
Pulmonary alveolar type I cells	P2RX7	P2X7|MGC20089
Pulmonary alveolar type I cells	PDPN	T1A-2|Gp38|aggrus|PA2.26
Pulmonary alveolar type II cells	IRX1	IRX-5
Pulmonary alveolar type II cells	EGFL6	MAEG
Pulmonary alveolar type II cells	CEBPA	C/EBP-alpha|CEBP
Pulmonary alveolar type II cells	NKX2-1	TTF-1|TTF1|NKX2A|BCH|TITF1
Pulmonary alveolar type II cells	MUC1	CD227|PEM|ADMCKD|ADMCKD1|MCKD|MCKD1
Pulmonary alveolar type II cells	CLDN18	SFTPJ
Pulmonary alveolar type II cells	AGER	SCARJ1
Pulmonary alveolar type II cells	LAMP3	TSC403|DC-LAMP|DCLAMP|CD208
Pulmonary alveolar type II cells	SFTA2	SFTPG
Pulmonary alveolar type II cells	SFTPD	SP-D|COLEC7|SFTP4
Pulmonary alveolar type II cells	SLC34A2	NAPI-3B
Pulmonary alveolar type II cells	CXCL15	NA
Pulmonary alveolar type II cells	SFTPB	SP-B|SFTP3
Pulmonary alveolar type II cells	SFTPA1	SP-A|SP-A1|COLEC4|SFTP1
Pulmonary alveolar type II cells	SFTPC	SP-C|PSP-C|SMDP2|BRICD6|SFTP2
Pulmonary alveolar type II cells	SDC1	CD138|syndecan|SYND1|SDC
Pulmonary alveolar type II cells	ADGRF5	DKFZp564O1923|KIAA0758|GPR116
Pulmonary alveolar type II cells	ABCD3	PMP70|ZWS2
Pulmonary alveolar type II cells	SOAT1	STAT
Pulmonary alveolar type II cells	ETV5	ERM
Pulmonary alveolar type II cells	CD36	SCARB3|GPIV|GP4|GP3B
Pulmonary alveolar type II cells	LPCAT1	FLJ12443|AYTL2
Pulmonary alveolar type II cells	NAPSA	NAPA|Kdap
Pulmonary alveolar type II cells	CBR2	NA
Pulmonary alveolar type II cells	ABCA3	ABC-C|EST111653|LBM180|ABC3
Pulmonary alveolar type II cells	SCD1	NA
Pulmonary alveolar type II cells	S100G	CABP9K|CABP1|CALB3
Pulmonary alveolar type II cells	LYZ1	NA
Pulmonary alveolar type II cells	PGC	NA
Pulmonary alveolar type II cells	CXCR2	CMKAR2|CD182|IL8RB
Pulmonary alveolar type II cells	CXCL2	SCYB2|GROb|MIP-2a|MGSA-b|CINC-2a|GRO2
Pulmonary alveolar type II cells	GRK2	BARK1|ADRBK1
Pulmonary alveolar type II cells	RUNX3	AML2|PEBP2A3|CBFA3
Pulmonary alveolar type II cells	CTNND1	KIAA0384|p120cas|p120ctn|CTNND
Pulmonary alveolar type II cells	CD59A	NA
Pulmonary alveolar type II cells	PPP1R14C	NY-BR-81|KEPI
Pulmonary alveolar type II cells	DDX3Y	DBY
Pulmonary alveolar type II cells	PIGR	NA
Pulmonary alveolar type II cells	H2-Q6	NA
Pulmonary alveolar type II cells	LY6I	NA
Pulmonary alveolar type II cells	WFDC17	NA
Pulmonary alveolar type II cells	LRG1	LRG
Pulmonary alveolar type II cells	NRN1	NRN
Pulmonary alveolar type II cells	PPBP	SCYB7|TGB|NAP-2-L1|LA-PF4|MDGF|LDGF|Beta-TG|CTAP3|CXCL7|b-TG1|TGB1|CTAPIII|NAP-2|THBGB1
Pulmonary alveolar type II cells	IL1B	IL1F2|IL-1B|IL1-BETA
Pulmonary alveolar type II cells	INMT	NA
Pulmonary alveolar type II cells	CRLF1	CLF-1|CISS|CISS1
Pulmonary vascular smooth muscle cells	ANGPT1	KIAA0003|Ang1
Pulmonary vascular smooth muscle cells	PDGFRB	JTK12|CD140b|PDGFR1|PDGFR
Purkinje fiber cells	GJA5	CX40
Purkinje fiber cells	B3GAT1	GlcAT-P|HNK-1|NK-1|CD57|LEU7
Purkinje fiber cells	GJC1	CX45|GJA7
Purkinje fiber cells	KCNK3	K2p3.1|TASK|TASK-1
Purkinje fiber cells	NEFM	NFM|NF-M|NEF3
Purkinje neurons	CALB1	CALB
Purkinje neurons	ABAT	GABAT
Purkinje neurons	GRIN1	GluN1|NMDAR1
Purkinje neurons	GAD1	GAD
Purkinje neurons	HDAC6	KIAA0901|JM21|HD6|FLJ16239|PPP1R90
Purkinje neurons	PRKG1	PGK|PKG|PKG1|PRKGR1B|PRKG1B
Purkinje neurons	ATP2B2	PMCA2
Purkinje neurons	PDE5A	NA
Purkinje neurons	ITPR3	IP3R3
Purkinje neurons	PDE1B	PDES1B
Purkinje neurons	PDE1A	NA
Purkinje neurons	CAR8	NA
Purkinje neurons	OMP	NA
Purkinje neurons	PDE9A	NA
Purkinje neurons	CBLN1	NA
Purkinje neurons	MRPS35	MRPS28|MDS023
Purkinje neurons	PVALB	D22S749
Purkinje neurons	SHANK2	CTTNBP1|ProSAP1|SHANK|SPANK-3|CORTBP1
Purkinje neurons	CACNA2D2	KIAA0558
Purkinje neurons	NKAIN4	bA261N11.2|FAM77A|C20orf58
Purkinje neurons	CNTNAP2	Caspr2|KIAA0868
Purkinje neurons	TH	DYT5b
Purkinje neurons	CERK	hCERK|FLJ23239|dA59H18.3|DKFZp434E0211|FLJ21430|KIAA1646|LK4|dA59H18.2
Purkinje neurons	CD3G	NA
Purkinje neurons	KCNA2	Kv1.2
Purkinje neurons	SLC22A15	FLIPT1
Purkinje neurons	CACNG2	stargazin|MGC138502|MGC138504
Purkinje neurons	SYT2	NA
Purkinje neurons	CPLX1	CPX-I
Purkinje neurons	PKP4	p0071
Purkinje neurons	KCNMA1	KCa1.1|mSLO1|SLO
Purkinje neurons	ADGRB1	BAI1
Purkinje neurons	HCN1	BCNG-1|HAC-2|BCNG1
Purkinje neurons	SLC24A2	NCKX2
Purkinje neurons	GABRA1	EJM5
Purkinje neurons	CLSTN3	CSTN3|KIAA0726|CDHR14
Purkinje neurons	SLC24A3	NA
Purkinje neurons	DLG4	PSD-95|PSD95|SAP90|SAP-90
Purkinje neurons	CNPY1	NA
Purkinje neurons	SLC12A5	KIAA1176|KCC2
Purkinje neurons	SLC32A1	VGAT|bA122O1.1|VIAAT
Purkinje neurons	GRIA3	GluA3|GLURC|MRX94|GLUR3
Purkinje neurons	CAMK2A	KIAA0968|CAMKA
Purkinje neurons	PENK	NA
Purkinje neurons	HIVEP2	MBP-2|HIV-EP2|MIBP1|ZAS2|Schnurri-2|ZNF40B
Purkinje neurons	NRIP3	C11orf14
Purkinje neurons	TSHZ1	NY-CO-33|SDCCAG33
Purkinje neurons	PCBP3	FLJ44028|PCBP3-OT1|PCBP3OT
Purkinje neurons	GPSM1	DKFZP727I051
Purkinje neurons	PPM1E	POPX1|KIAA1072|PP2CH|CaMKP-N
Purkinje neurons	DLGAP1	GKAP|SAPAP1|DAP-1
Purkinje neurons	GNG4	NA
Purkinje neurons	SHISA8	Orf26|C22orf17
Purkinje neurons	SYNPR	MGC26651
Purkinje neurons	PRKCA	PKCA
Purkinje neurons	PCP4L1	IQM1
Purkinje neurons	PCP4	PEP-19
Purkinje neurons	SLC1A6	EAAT4
Purkinje neurons	GRID2	GluD2|GluR-delta-2
Purkinje neurons	GAD2	GAD65
Pyramidal cells	CD3E	NA
Pyramidal cells	DLG4	PSD-95|PSD95|SAP90|SAP-90
Pyramidal cells	CAMK2A	KIAA0968|CAMKA
Pyramidal cells	GRM1	GPRC1A|mGlu1|MGLUR1|PPP1R85
Pyramidal cells	GRM5	MGLUR5|GPRC1E|mGlu5|PPP1R86
Pyramidal cells	TBR1	NA
Pyramidal cells	POU3F1	OCT6|SCIP|OTF6
Pyramidal cells	EMX1	NA
Pyramidal cells	FEZF2	FLJ10142|FKSG36|TOF|FEZL|Zfp312|ZNF312
Pyramidal cells	NRGN	NA
Pyramidal cells	GRIA3	GluA3|GLURC|MRX94|GLUR3
Pyramidal cells	SPINK8	NA
Pyramidal cells	PCP4	PEP-19
Pyramidal cells	SYNPR	MGC26651
Pyramidal cells	NR4A2	TINUR|NOT|RNR1|HZF-3|NURR1
Pyramidal cells	AGER	SCARJ1
Pyramidal cells	GRIN2D	GluN2D|EB11|NR2D|NMDAR2D
Pyramidal cells	YWHAZ	KCIP-1|14-3-3-zeta|YWHAD
Pyramidal cells	KCNN4	KCa3.1|hSK4|hKCa4|hIKCa1|IK
Pyramidal cells	DAB1	NA
Pyramidal cells	CCM2	MGC4607|OSM|C7orf22
Pyramidal cells	MAP2	MAP2A|MAP2B|MAP2C
Pyramidal cells	CALB1	CALB
Pyramidal cells	ADRB2	ADRBR|B2AR|ADRB2R
Pyramidal cells	RTN4	NSP-CL|KIAA0886|NOGO|ASY
Pyramidal cells	PDE2A	NA
Pyramidal cells	KCNB1	Kv2.1
Pyramidal cells	KCNB2	Kv2.2
Pyramidal cells	KCNQ2	Kv7.2|ENB1|KCNA11|HNSPC
Pyramidal cells	KCNQ3	Kv7.3|EBN2
Pyramidal cells	SATB2	KIAA1034|FLJ21474
Pyramidal cells	OXTR	NA
Pyramidal cells	CCK	NA
Pyramidal cells	KCND2	Kv4.2|RK5|KIAA1044
Pyramidal cells	KCND3	Kv4.3|KSHIVB|SCA22|SCA19
Radial glia cells	PAX6	D11S812E|AN2
Radial glia cells	SLC1A3	EAAT1|GLAST|EA6
Radial glia cells	PDGFD	SCDGF-B|MSTP036|IEGF
Radial glia cells	GLI3	PAP-A|PAPA1|PAPB|ACLS|PPDIV|GCPS|PHS
Radial glia cells	NOTCH3	CASIL|CADASIL
Radial glia cells	VCAM1	CD106
Radial glia cells	HES5	bHLHb38
Radial glia cells	OLIG2	RACK17|OLIGO2|bHLHe19|PRKCBP2|BHLHB1
Radial glia cells	GFAP	FLJ45472
Radial glia cells	EMX2	NA
Radial glia cells	CDH4	NA
Radial glia cells	SPRY1	hSPRY1
Radial glia cells	AXIN2	MGC126582|DKFZp781B0869
Radial glia cells	RIIAD1	FLJ36032|NCRNA00166|C1orf230
Red pulp macrophages	HMOX1	bK286B10|HO-1
Red pulp macrophages	TREML4	TLT4
Red pulp macrophages	CD86	B7.2|B7-2|CD28LG2
Red pulp macrophages	NR1H3	LXR-a|RLD-1|LXRa
Red pulp macrophages	SLC11A1	NRAMP|NRAMP1
Red pulp macrophages	ADGRE1	TM7LN3|EMR1
Red pulp macrophages	MERTK	mer|RP38|c-Eyk|Tyro12
Red pulp macrophages	CCR3	CC-CKR-3|CKR3|CD193|CMKBR3
Red pulp macrophages	SPIC	MGC40611|SPI-C
Red pulp macrophages	SLC40A1	MTP1|IREG1|FPN1|HFE4|SLC11A3
Red pulp macrophages	VCAM1	CD106
Red pulp macrophages	SIGLEC1	SIGLEC-1|CD169|FLJ00051|FLJ00055|FLJ00073|FLJ32150|dJ1009E24.1|sialoadhesin
Reticulocytes	RUVBL1	TIP49|NMP238|RVB1|TIP49a|Pontin52|ECP54|Rvb1|INO80H
Reticulocytes	TFRC	CD71|TFR1|p90
Reticulocytes	UCP3	SLC25A9
Reticulocytes	FOLR1	FOLR
Reticulocytes	UBE2O	E2-230K
Reticulocytes	CD36	SCARB3|GPIV|GP4|GP3B
Reticulocytes	ITGA4	CD49d|CD49D
Reticulocytes	SLC11A2	DCT1|NRAMP2
Retinal ganglion cells	PRKCA	PKCA
Retinal ganglion cells	NGF	NGFB
Retinal ganglion cells	POU4F2	Brn-3b|BRN3B
Retinal ganglion cells	NHLH2	bHLHa34|HEN2
Retinal ganglion cells	RNU1-1	Rnu1a1|U1|HU1-1|U1A1|HSD1|RNU1|RNU1G4|RNU1A3|RNU1A
Retinal ganglion cells	ATF6B	CREBL1
Retinal ganglion cells	SNX16	NA
Retinal ganglion cells	IRX5	IRX-2a
Retinal ganglion cells	YDJC	NA
Retinal ganglion cells	DPP10	DPRP3|DPL2|DPPY
Retinal ganglion cells	SHD	NA
Retinal ganglion cells	SMIM18	NA
Retinal ganglion cells	GALNT14	GalNac-T10|FLJ12691|GalNac-T14
Retinal ganglion cells	CHRNB3	NA
Retinal ganglion cells	THEM4	CTMP
Retinal ganglion cells	SCAPER	Zfp291|ZNF291
Retinal ganglion cells	GALNTL6	GALNT17|GalNAc-T6L
Retinal ganglion cells	CCDC184	LOC387856|C12orf68
Retinal ganglion cells	NKAIN3	FLJ39630|FAM77D
Retinal ganglion cells	LHFPL5	MGC33835|dJ510O8.8|Tmhs|DFNB67
Retinal ganglion cells	SRRM3	FLJ37078
Retinal ganglion cells	GALNT9	GALNAC-T9
Retinal ganglion cells	MTUS2	TIP150|CAZIP|KIAA0774
Retinal ganglion cells	IGLON5	LOC402665
Retinal ganglion cells	DCTN1	NA
Retinal ganglion cells	GGT7	D20S101|dJ18C9.2|GGTL5|GGTL3
Retinal ganglion cells	BTBD10	GMRP1|GMRP-1|MGC13007
Retinal ganglion cells	EFNA3	LERK3|Ehk1-L|EPLG3
Retinal ganglion cells	SLC29A4	FLJ34923|ENT4
Retinal ganglion cells	STOML1	hUNC-24|SLP-1|STORP|FLJ36370
Retinal ganglion cells	FBXO44	FBG3|MGC14140|Fbxo6a|Fbx44
Retinal ganglion cells	NELL1	IDH3GL|FLJ45906
Retinal ganglion cells	RTN2	NSPL1|SPG12
Retinal ganglion cells	BBC3	JFY1|PUMA
Retinal ganglion cells	EVC2	LBN
Retinal ganglion cells	SYT16	yt14r|CHR14SYT|Strep14
Retinal ganglion cells	CPNE5	CPN5|COPN5|KIAA1599
Retinal ganglion cells	TTLL1	C22orf7
Retinal ganglion cells	GPHN	KIAA1385
Retinal ganglion cells	SIX6	Six9|OPTX2
Retinal ganglion cells	ABLIM3	KIAA0843
Retinal ganglion cells	POU6F2	RPF-1
Retinal ganglion cells	GRIP1	NA
Retinal ganglion cells	ZFP580	NA
Retinal ganglion cells	TOX2	dJ1108D11.2|GCX-1|C20orf100
Retinal ganglion cells	NARF	FLJ10067|DKFZp434G0420|IOP2
Retinal ganglion cells	BARHL2	NA
Retinal ganglion cells	DTX1	hDx-1|RNF140
Retinal ganglion cells	MAB21L2	NA
Retinal ganglion cells	KCTD8	NA
Retinal ganglion cells	CPNE4	COPN4|CPN4
Retinal ganglion cells	KLHDC8A	FLJ10748
Retinal ganglion cells	IRX6	IRX-3|IRX7
Retinal ganglion cells	CHRNA6	NA
Retinal ganglion cells	CACNB3	CACNLB3
Retinal ganglion cells	CSDC2	PIPPin
Retinal ganglion cells	AKAP7	AKAP18|AKAP15
Retinal ganglion cells	HPCA	NA
Retinal ganglion cells	ISL1	Isl-1|ISLET1
Retinal ganglion cells	SLC17A6	DNPI|VGLUT2
Retinal ganglion cells	FGF12	FHF1|FGF12B
Retinal ganglion cells	DNER	UNQ26|bet
Retinal ganglion cells	TMEM163	DKFZP566N034|SV31
Retinal ganglion cells	RBPMS	HERMES
Retinal ganglion cells	POU4F1	RDC-1|BRN3A
Retinal ganglion cells	RBPMS2	NA
Retinal ganglion cells	CDK14	PFTAIRE1|PFTK1
Retinal ganglion cells	FXYD7	NA
Retinal ganglion cells	NEFM	NFM|NF-M|NEF3
Retinal ganglion cells	SNCG	BCSG1|SR|persyn
Retinal progenitor cells	PAX6	D11S812E|AN2
Retinal progenitor cells	CALB2	CAL2
Retinal progenitor cells	SIX6	Six9|OPTX2
Retinal progenitor cells	RHO	OPN2|CSNBAD1|RP4
Retinal progenitor cells	SIX3	HPE2
Retinal progenitor cells	NEFH	NA
Retinal progenitor cells	LGR5	HG38|FEX|GPR67|GPR49
Retinal progenitor cells	SAG	ARRESTIN|RP47
Retinal progenitor cells	RAX	RX
Retinal progenitor cells	NOTCH1	TAN1
Retinal progenitor cells	HES1	FLJ20408|HES-1|Hes1|bHLHb39|HRY
Retinal progenitor cells	MSI1	NA
Retinal progenitor cells	SOX9	SRA1|CMD1|CMPD1
Salivary mucous cells	SMGC	NA
Salivary mucous cells	SCGB2B27	NA
Salivary mucous cells	SCGB1B27	NA
Salivary mucous cells	SCGB2B26	NA
Salivary mucous cells	MUCL2	NA
Salivary mucous cells	KRT14	EBS3|EBS4
Salivary mucous cells	PROL1	NA
Salivary mucous cells	PIP	GCDFP-15|GCDFP15|GPIP4
Salivary mucous cells	MUCL1	SBEM
Salivary mucous cells	CNN1	Sm-Calp
Salivary mucous cells	THBS1	TSP1|THBS|TSP|THBS-1|TSP-1
Salivary mucous cells	CAR6	NA
Salivary mucous cells	MYH11	SMMHC|SMHC
Salivary mucous cells	KRT17	PCHC1
Satellite cells	PAX7	Hup1
Satellite cells	DMD	DXS142|DXS164|DXS206|DXS230|DXS239|DXS268|DXS269|DXS270|DXS272|MRX85
Satellite cells	CDH1	uvomorulin|CD324|UVO
Satellite cells	ERBB2	HER-2|CD340|HER2|NGL
Satellite cells	PAX3	HUP2|WS1
Satellite cells	MYF5	bHLHc2
Satellite cells	CDH15	CDH3
Satellite cells	CXCR4	LESTR|NPY3R|HM89|NPYY3R|D2S201E|fusin|HSY3RR|CD184
Satellite cells	FOXK1	IMAGE:5164497
Satellite cells	ITGA7	NA
Satellite cells	TCF21	POD1|bHLHa23
Satellite cells	ISL1	Isl-1|ISLET1
Satellite cells	MESP1	MGC10676|bHLHc5
Satellite cells	MET	HGFR|RCCP2|DFNB97
Satellite cells	CALCR	CTR
Satellite cells	ASB5	NA
Satellite cells	SRXN1	Npn3|SRX1|YKL086W|dJ850E9.2|C20orf139
Satellite cells	BDKRB1	BKR1|B1BKR|bradyb1
Satellite cells	CDCP1	CD318|SIMA135
Satellite cells	VCAM1	CD106
Satellite cells	MYOD1	MYOD|bHLHc1|MYF3
Satellite cells	SOX8	NA
Satellite cells	SPRY1	hSPRY1
Satellite cells	CXCL1	SCYB1|GROa|MGSA-a|NAP-3|MGSA|GRO1|FSP
Satellite cells	HMOX1	bK286B10|HO-1
Satellite cells	TNFRSF12A	FN14|TweakR|CD266
Satellite cells	RUNX1	PEBP2A2|AMLCR1|AML1|CBFA2
Satellite cells	BARX2	NA
Satellite cells	TRIM32	HT2A|TATIP|BBS11|LGMD2H
Satellite cells	VAMP2	VAMP-2|SYB2
Satellite cells	PEG3	ZKSCAN22|KIAA0287|ZNF904|ZSCAN24
Satellite cells	MSTN	GDF8
Satellite cells	ZFP423	NA
Satellite cells	SCRIB	KIAA0147|SCRB1|Vartul
Satellite cells	NFATC2	NF-ATP|NFATp|NFAT1
Satellite cells	IRF2	NA
Satellite cells	BMI1	RNF51|PCGF4
Satellite cells	SIX1	DFNA23
Satellite cells	HOXC10	HOX3I
Satellite cells	NOTCH3	CASIL|CADASIL
Satellite cells	HEYL	bHLHb33|HEY3|HESR3
Satellite cells	GAL	GMAP|GAL-GMAP|GLNN|GALN
Satellite cells	NCAM1	NCAM|CD56
Satellite cells	CAV1	NA
Satellite glial cells	GLUL	GLNS
Satellite glial cells	GFAP	FLJ45472
Satellite glial cells	EDNRB	ETB|HSCR2|HSCR
Satellite glial cells	BDKRB2	BK-2
Satellite glial cells	TGFA	NA
Satellite glial cells	EPOR	NA
Satellite glial cells	TNF	TNFSF2|DIF|TNF-alpha|TNFA
Satellite glial cells	IL6	IL-6|BSF2|HSF|IFNB2
Satellite glial cells	MAPK1	ERK2|p41mapk|MAPK2|PRKM2|PRKM1
Satellite glial cells	JAK2	JTK10
Satellite glial cells	SSTR1	NA
Satellite glial cells	SLC6A1	GAT1|GABATR|GABATHG
Satellite glial cells	PTGDS	L-PGDS
Satellite glial cells	SOX2	NA
Satellite glial cells	CDH1	uvomorulin|CD324|UVO
Satellite glial cells	CXCL8	SCYB8|LUCT|LECT|MDNCF|TSG-1|IL-8|NAP-1|3-10C|MONAP|AMCF-I|LYNAP|NAF|b-ENAP|GCP-1|K60|GCP1|IL8
Satellite glial cells	KCNJ10	Kir4.1|Kir1.2
Satellite glial cells	AQP4	MIWC
Satellite glial cells	CNGA3	CCNC1|CCNCa|CNG3|CNCG3|ACHM2
Satellite glial cells	TLR4	hToll|CD284|TLR-4|ARMD10
Satellite glial cells	P2RY12	P2Y12|SP1999|HORK3
Satellite glial cells	P2RX7	P2X7|MGC20089
Satellite glial cells	SLC1A3	EAAT1|GLAST|EA6
Satellite glial cells	IL17A	IL-17A|IL-17|CTLA8|IL17
Schwann cells	MPZ	HMSNIB|CMT2I|CMT2J|CMT1|CMT1B
Schwann cells	ITGB4	CD104
Schwann cells	LAMC1	LAMB2
Schwann cells	S100B	S100beta
Schwann cells	POU3F1	OCT6|SCIP|OTF6
Schwann cells	GFAP	FLJ45472
Schwann cells	MAG	SIGLEC4A|SIGLEC-4A|S-MAG|GMA
Schwann cells	OLIG1	BHLHB6|bHLHe21
Schwann cells	TST	NA
Schwann cells	NDRG1	DRG1|RTP|TDD5|CAP43
Schwann cells	CTHRC1	NA
Schwann cells	NF2	merlin|ACN|SCH|BANF
Schwann cells	SEPT9	MSF1|KIAA0991|PNUTL4|AF17q25|SeptD1
Schwann cells	AGR2	XAG-2|HAG-2|PDIA17
Schwann cells	NGFR	TNFRSF16|CD271|p75NTR
Schwann cells	CLDN19	NA
Schwann cells	PRX	KIAA1620
Schwann cells	NTRK1	TRKA|MTC
Schwann cells	ART3	NA
Schwann cells	BCAS1	NABC1|AIBC1
Schwann cells	NPY	PYY4
Schwann cells	ASPA	ACY2
Schwann cells	LGI4	NA
Schwann cells	BAG3	NA
Schwann cells	RXRG	NR2B3
Schwann cells	SOX10	DOM|WS4|WS2E
Schwann cells	CMTM5	FLJ37521|CKLFSF5
Schwann cells	BCHE	CHE2
Schwann cells	EGFL8	NG3|C6orf8
Schwann cells	GFRA3	GFRa-3
Schwann cells	SEMA3B	SemA|semaV|LUCA-1|sema5|SEMAA
Schwann cells	MATN2	NA
Schwann cells	SCN7A	Nav2.1|Nav2.2|NaG|SCN6A
Schwann cells	CD82	R2|IA4|TSPAN27|ST6|KAI1
Schwann cells	TAGLN	SM22|WS3-10|TAGLN1|DKFZp686P11128
Schwann cells	NOV	IGFBP9|CCN3
Schwann cells	ALDOC	NA
Schwann cells	APOD	NA
Schwann cells	CRYAB	HSPB5|CRYA2
Schwann cells	PLP1	GPM6C|SPG2
Schwann cells	PMP22	HNPP|GAS3|Sp110
Schwann cells	CADM4	TSLL2|Necl-4|SynCAM4|IGSF4C
Schwann cells	KCNA1	Kv1.1|RBK1|HUK1|MBK1|AEMK
Schwann cells	CNP	NA
Schwann cells	GPR37L1	ETBR-LP-2
Schwann cells	NRN1	NRN
Schwann cells	CD59A	NA
Schwann cells	STMN1	OP18|PR22|PP19|Lag|FLJ32206|LAP18|C1orf215
Sebocytes	CAMP	CAP18|FALL39|FALL-39|LL37
Sebocytes	IHH	HHG2|BDA1
Sebocytes	CRHR1	CRF-R|CRF1|CRHR
Sebocytes	CALCA	CALC1
Sebocytes	F2RL1	GPR11
Sebocytes	KLF5	IKLF|CKLF|BTEB2
Sebocytes	EXO1	HEX1|hExoI
Sebocytes	CRH	CRH1
Sebocytes	CEBPB	NFIL6|IL6DBP|C/EBP-beta|TCF5
Sebocytes	CDH1	uvomorulin|CD324|UVO
Sebocytes	LTA4H	NA
Sebocytes	RDH12	FLJ30273|SDR7C2|LCA13|RP53
Sebocytes	CEBPA	C/EBP-alpha|CEBP
Sebocytes	ADIPOR1	PAQR1|ACDCR1
Sebocytes	S100A7	S100A7c|PSOR1
Sebocytes	ANGPTL4	pp1158|PGAR|ARP4|HFARP|FIAF
Sebocytes	CYP24A1	CP24|P450-CC24|CYP24
Sebocytes	PTGER2	NA
Sebocytes	CNR2	CB2
Sebocytes	KRT7	CK7|K2C7
Sebocytes	SRD5A2	NA
Sebocytes	FFAR2	FFA2R|GPR43
Sebocytes	FFAR3	FFA3R|GPR41
Sebocytes	MUC1	CD227|PEM|ADMCKD|ADMCKD1|MCKD|MCKD1
Sebocytes	HRH1	NA
Serotonergic neurons	TPH1	TPRH|TPH
Serotonergic neurons	SLC6A4	5-HTT|SERT1|HTT|OCD1
Serotonergic neurons	FEV	Pet-1
Serotonergic neurons	TPH2	NTPH|FLJ37295
Serotonergic neurons	DDC	AADC
Serotonergic neurons	SLC18A2	SVMT|SVAT|VMAT2
Serotonergic neurons	ESM1	NA
Serotonergic neurons	SLC22A3	NA
Sertoli cells	KITLG	SCF|Kitl|KL-1|FPH2|SLF|DFNA69
Sertoli cells	AMH	MIS
Sertoli cells	INHBB	NA
Sertoli cells	SHBG	ABP|TEBG|MGC126834|MGC138391
Sertoli cells	GATA1	ERYF1|NFE1|GATA-1
Sertoli cells	GATA4	NA
Sertoli cells	DHH	HHG-3|MGC35145
Sertoli cells	AR	AIS|NR3C4|SMAX1|HUMARA|DHTR|SBMA
Sertoli cells	GDNF	ATF1|ATF2|HFB1-GDNF
Sertoli cells	MAFB	KRML
Sertoli cells	GAMT	PIG2|TP53I2
Sertoli cells	MEIG1	bA2K17.3|SPATA39
Sertoli cells	KITL	NA
Sertoli cells	HES5	bHLHb38
Sertoli cells	CCL9	NA
Sertoli cells	NF2	merlin|ACN|SCH|BANF
Sertoli cells	INHA	NA
Sertoli cells	DES	CMD1I|CSM1|CSM2
Sertoli cells	FAS	CD95|APO-1|FAS1|APT1|TNFRSF6
Sertoli cells	FASLG	FasL|CD178|APT1LG1|TNFSF6
Sertoli cells	TF	PRO1557|PRO2086
Sertoli cells	WT1	WIT-2|AWT1|NPHS4|GUD
Sertoli cells	AARD	LOC441376|C8orf85
Sertoli cells	CST12	NA
Sertoli cells	DEFB19	NA
Sertoli cells	CST9	CTES7A
Sertoli cells	RHOX8	NA
Sertoli cells	GSTM6	NA
Sertoli cells	ETD	NA
Sertoli cells	TMEM184A	MGC9712|SDMG1
Sertoli cells	WNT6	NA
Sertoli cells	MRO	FLJ30140|C18orf3
Sertoli cells	HSD17B3	SDR12C2
Sertoli cells	AMHR2	MISR2|MISRII
Sertoli cells	SEMA5B	SemG|KIAA1445|FLJ10372|SEMAG
Sertoli cells	SCX	bHLHa48|bHLHa41|SCXA|SCXB
Sertoli cells	HSD17B1	MGC138140|SDR28C1|EDH17B2
Sertoli cells	TSX	NA
Sertoli cells	STIM1	GOK|D11S4896E
Sertoli cells	ANKRD7	TSA806
Sertoli cells	PHF7	NYD-SP6|HSPC226
Sertoli cells	CXCL12	SCYB12|SDF-1a|SDF-1b|PBSF|TLSF-a|TLSF-b|TPAR1|SDF1A|SDF1B|SDF1
Sertoli cells	STAR	StAR|STARD1
Sertoli cells	WFDC2	HE4|WAP5|dJ461P17.6|EDDM4
Sertoli cells	PRND	DPL|dJ1068H6.4|DOPPEL|PrPLP
Sertoli cells	HSPBAP1	FLJ22623|PASS1
Sertoli cells	NXF3	NA
Sertoli cells	GBA2	KIAA1605|AD035|DKFZp762K054|SPG46
Sertoli cells	PADI2	KIAA0994|PDI2
Sertoli cells	ABCG8	GBD4
Sertoli cells	DIAPH2	POF2|DIA2
Sertoli cells	CTSA	GSL|PPGB
Sertoli cells	PFKFB3	NA
Sertoli cells	MSI1	NA
Sertoli cells	NOTCH2	NA
Sertoli cells	GATA6	NA
Sertoli cells	CLDN11	OSP|OTM
Sertoli cells	OCLN	PPP1R115
Sertoli cells	SERPINA3N	NA
Sertoli cells	SERPINB9	CAP3|PI9
Sertoli cells	SERPING1	C1IN|C1-INH|HAE1|HAE2|C1NH
Sertoli cells	CD55	TC|CROM|DAF
Sertoli cells	CD46	TRA2.10|MGC26544|MIC10
Sertoli cells	CLU	SGP-2|SP-40|TRPM-2|KUB1|CLU2|CLI|APOJ
Sertoli cells	FSHR	FSHRO|LGR1|ODG1
Sertoli cells	RXRB	NR2B2|H-2RIIBP|RCoR-1
Sertoli cells	PRLR	NA
Sertoli cells	SLC16A3	NA
Sertoli cells	EPS8	NA
Sertoli cells	NR1H2	NER|NER-I|RIP15|LXR-b|LXRb
Sertoli cells	BCAR3	SH2D3B|AND-34
Sertoli cells	SOX9	SRA1|CMD1|CMPD1
Smooth muscle cells	ACTA2	ACTSA
Smooth muscle cells	CNN1	Sm-Calp
Smooth muscle cells	HEXIM1	CLP-1|MAQ1
Smooth muscle cells	TAGLN	SM22|WS3-10|TAGLN1|DKFZp686P11128
Smooth muscle cells	RGS5	NA
Smooth muscle cells	WFDC1	PS20
Smooth muscle cells	NOTCH3	CASIL|CADASIL
Smooth muscle cells	RPRM	FLJ90327|REPRIMO
Smooth muscle cells	DES	CMD1I|CSM1|CSM2
Smooth muscle cells	FHL2	SLIM3|DRAL
Smooth muscle cells	FBLN5	EVEC|UP50|DANCE|ARMD3
Smooth muscle cells	LOX	NA
Smooth muscle cells	NF2	merlin|ACN|SCH|BANF
Smooth muscle cells	ANGPT1	KIAA0003|Ang1
Smooth muscle cells	CRABP1	CRABP|CRABPI|RBP5
Smooth muscle cells	MYH11	SMMHC|SMHC
Smooth muscle cells	FABP4	A-FABP|aP2
Smooth muscle cells	ACTC1	CMD1R|ACTC
Smooth muscle cells	ANKRD1	C-193|ALRP|CVARP|MCARP
Smooth muscle cells	OBSCN	KIAA1556|UNC89|KIAA1639|ARHGEF30
Smooth muscle cells	PDE4DIP	KIAA0477|KIAA0454|MMGL|CMYA2
Smooth muscle cells	LMO7	FBX20|KIAA0858|FBXO20
Smooth muscle cells	MYH6	NA
Smooth muscle cells	NEXN	nexilin|NELIN
Smooth muscle cells	ACTG2	ACTSG|ACTL3|ACTA3
Smooth muscle cells	MUSTN1	Mustang
Smooth muscle cells	SOD3	EC-SOD
Smooth muscle cells	HSPB6	FLJ32389|Hsp20|PPP1R91
Smooth muscle cells	RRAD	REM3|RAD
Smooth muscle cells	LMOD1	64kD|D1|1D
Smooth muscle cells	ITGA1	VLA1|CD49a
Smooth muscle cells	SPEG	MGC12676|KIAA1297|SPEGalpha|SPEGbeta|BPEG|APEG1
Smooth muscle cells	EHD2	PAST2
Smooth muscle cells	RBPMS2	NA
Smooth muscle cells	MAP3K7CL	TAKL|TAK1L|TAKL-1|TAKL-2|TAKL-4|C21orf7
Smooth muscle cells	SLC38A11	FLJ39822|AVT2
Smooth muscle cells	GJA4	CX37
Smooth muscle cells	KAT2B	P/CAF|GCN5L|PCAF
Smooth muscle cells	LGR6	FLJ14471
Smooth muscle cells	MSRB3	FLJ36866|DKFZp686C1178|DFNB74
Smooth muscle cells	AKT2	NA
Smooth muscle cells	RASL12	RIS
Smooth muscle cells	ZBTB44	HSPC063|ZNF851|BTBD15
Smooth muscle cells	WWP2	AIP2
Smooth muscle cells	SSPN	SPN1|SPN2|KRAG
Smooth muscle cells	OTUD1	DUBA7|OTDC1
Smooth muscle cells	FAS	CD95|APO-1|FAS1|APT1|TNFRSF6
Smooth muscle cells	VASN	SLITL2
Smooth muscle cells	PDGFD	SCDGF-B|MSTP036|IEGF
Smooth muscle cells	SMOC1	NA
Smooth muscle cells	AAED1	C9orf21
Smooth muscle cells	AOC3	VAP1|HPAO|VAP-1
Smooth muscle cells	SEC24D	KIAA0755
Smooth muscle cells	KCNAB1	AKR6A3|KCNA1B|hKvBeta3|Kvb1.3|hKvb3
Smooth muscle cells	MYLK4	SgK085
Smooth muscle cells	KIF1C	SPAX2|SPG58
Smooth muscle cells	MRVI1	JAW1L|IRAG
Smooth muscle cells	JPH2	JP-2
Smooth muscle cells	ITGA9	RLC|ITGA4L|ALPHA-RLC
Smooth muscle cells	KCNMB1	hslo-beta
Smooth muscle cells	NOX4	KOX-1|KOX
Smooth muscle cells	NOV	IGFBP9|CCN3
Smooth muscle cells	DMPK	DMK|DM1PK|MDPK|MT-PK|DM
Smooth muscle cells	SH3BGR	21-GARP
Smooth muscle cells	ITGA8	NA
Smooth muscle cells	TCF21	POD1|bHLHa23
Smooth muscle cells	ADAMDEC1	M12.219
Smooth muscle cells	HHIP	FLJ20992
Smooth muscle cells	MFAP5	MAGP2|MP25
Smooth muscle cells	SPON2	DIL1
Smooth muscle cells	LAMB2	NPHS5|LAMS
Smooth muscle cells	GJC1	CX45|GJA7
Smooth muscle cells	ACKR3	GPR159|CMKOR1|CXCR7
Smooth muscle cells	OGN	mimecan|OIF|SLRR3A
Smooth muscle cells	SMTN	NA
Smooth muscle cells	BGN	DSPG1|SLRR1A
Smooth muscle cells	MYL9	MYRL2|MLC2|LC20|MRLC1
Smooth muscle cells	MYLK	smMLCK|MYLK1|MLCK1
Smooth muscle cells	PCP4L1	IQM1
Smooth muscle cells	SNCG	BCSG1|SR|persyn
Smooth muscle cells	PLN	CMD1P
Smooth muscle cells	NRP2	VEGF165R2
Spermatocytes	CAPN1	muCANP|muCL|CANPL1
Spermatocytes	JAKMIP1	MARLIN1|JAMIP1|Gababrbp|FLJ31564
Spermatocytes	SMCP	NA
Spermatocytes	GKAP1	GKAP42|FKSG21
Spermatocytes	SPATA33	FLJ31606|C16orf55
Spermatocytes	NOTCH3	CASIL|CADASIL
Spermatocytes	GCNA	NAAR1|ACRC
Spermatocytes	TP73	P73
Spermatocytes	PGK2	PGKPS|PGK-2
Spermatocytes	ACR	NA
Spermatocytes	SYCP1	HOM-TES-14|CT8
Spermatocytes	SYCP2	NA
Spermatocytes	SYCP3	NA
Spermatocytes	TXNDC8	bA427L11.2|TRX6|SPTRX-3
Spermatocytes	TEX101	MGC4766|SGRG|CT131|SPATA44
Spermatocytes	CD46	TRA2.10|MGC26544|MIC10
Spermatocytes	INHBB	NA
Spermatocytes	PRM1	CT94.1
Spermatocytes	PRM2	CT94.2
Spermatocytes	IGF2	FLJ44734|IGF-II|C11orf43
Spermatocytes	TNP1	NA
Spermatocytes	OSR2	FLJ90037
Spermatozoa	ABHD2	LABH2
Spermatozoa	HVCN1	MGC15619|Hv1|VSOP
Spermatozoa	GPR55	NA
Spermatozoa	ABCA1	TGD|HDLDT1
Spermatozoa	SLC31A1	hCTR1|CTR1|COPT1
Spermatozoa	LDHC	CT32
Spermatozoa	PRKAA2	AMPK|AMPKa2|PRKAA
Spermatozoa	HSPA2	NA
Spermatozoa	ODF1	ODFPG|ODF27|RT7|HSPB10|CT133
Stromal cells	MMP1	NA
Stromal cells	MMP2	TBE-1|CLG4|CLG4A
Stromal cells	MMP9	CLG4B
Stromal cells	TLR3	CD283
Stromal cells	MME	CALLA|CD10
Stromal cells	PECAM1	CD31
Stromal cells	ITGA4	CD49d|CD49D
Stromal cells	ICAM3	CDW50|ICAM-R|CD50
Stromal cells	ITGAV	CD51|VNRA|MSK8|VTNR
Stromal cells	ICAM1	CD54
Stromal cells	VCAM1	CD106
Stromal cells	KIT	CD117|SCFR|C-Kit|PBT
Stromal cells	PDGFRA	CD140a|PDGFR2|GAS9
Stromal cells	PDGFRB	JTK12|CD140b|PDGFR1|PDGFR
Stromal cells	MADCAM1	MACAM1
Stromal cells	B4GALNT1	beta1-4GalNAc-T|GALGT|SPG26
Stromal cells	TLR1	rsc786|KIAA0012|CD281
Stromal cells	TLR2	TIL4|CD282
Stromal cells	TLR4	hToll|CD284|TLR-4|ARMD10
Stromal cells	CDH11	CAD11
Stromal cells	CALB2	CAL2
Stromal cells	DES	CMD1I|CSM1|CSM2
Stromal cells	MMRN2	EndoGlyx-1|FLJ13465|EMILIN3
Stromal cells	CD248	TEM1|CD164L1
Stromal cells	FAP	NA
Stromal cells	LAMC2	nicein-100kDa|kalinin-105kDa|BM600-100kDa|EBR2|LAMB2T|LAMNB2|EBR2A
Stromal cells	SNED1	FLJ00133|SST3|Snep
Stromal cells	TNC	MGC167029|HXB|DFNA56
Stromal cells	LUM	SLRR2D|LDC
Stromal cells	COL15A1	NA
Stromal cells	GDF10	BMP-3b
Stromal cells	COL4A1	NA
Stromal cells	BMP4	BMP2B
Stromal cells	WNT2	IRP|INT1L1
Stromal cells	BMP5	NA
T cells	CD3D	T3D
T cells	CD3G	NA
T cells	CD3E	NA
T cells	HOPX	LAGY|OB1|NECC1|SMAP31
T cells	CCL3	G0S19-1|LD78ALPHA|MIP-1-alpha|SCYA3
T cells	CCL4	MIP-1-beta|Act-2|AT744.1|SCYA4
T cells	GIMAP2	DKFZp586D0824|HIMAP2|IMAP2|IAN12
T cells	SYT3	NA
T cells	NOTCH3	CASIL|CADASIL
T cells	SEMA6D	KIAA1479|FLJ11598
T cells	DKK3	REIC
T cells	IFIT3	ISG60|RIG-G|CIG-49|IFI60|GARG-49|IRG2|IFIT4
T cells	CERK	hCERK|FLJ23239|dA59H18.3|DKFZp434E0211|FLJ21430|KIAA1646|LK4|dA59H18.2
T cells	CCL6	NA
T cells	PMCH	MCH
T cells	CD4	NA
T cells	LTB	TNFSF3|TNFC
T cells	GIMAP3	NA
T cells	CXCR6	TYMSTR|STRL33|BONZO|CD186
T cells	IL7R	CD127|IL7RA
T cells	SATB1	NA
T cells	LEF1	TCF1ALPHA|TCF10|TCF7L3
T cells	ITK	PSCTK2|LYK
T cells	TRBC2	TCRBC2
T cells	PTPRCAP	CD45-AP
T cells	GEM	NA
T cells	CD7	LEU-9|TP41|Tp40
T cells	MAFF	hMafF
T cells	TGIF1	HPE4
T cells	RORA	RZRA|ROR1|ROR2|ROR3|NR1F1
T cells	TNFAIP3	OTUD7C
T cells	CREM	hCREM-2
T cells	PXDC1	C6orf145
T cells	NABP1	FLJ22833|DKFZp667M1322|FLJ13624|MGC111163|SSB2|hSSB2|SOSS-B2|OBFC2A
T cells	FAM110A	bA371L19.3|C20orf55
T cells	EEF1B2P3	EEF1B4
T cells	TRAC	NA
T cells	CD69	CLEC2C
T cells	PFN1P1	NA
T cells	IL32	NK4|TAIF|TAIFb|TAIFd
T cells	CXCR4	LESTR|NPY3R|HM89|NPYY3R|D2S201E|fusin|HSY3RR|CD184
T cells	H2-Q7	NA
T cells	TRBC1	TCRBC1|BV05S1J2.2
T cells	SEPT1	PNUTL3
T cells	BCL2	Bcl-2|PPP1R50
T cells	CYTL1	C17|C4orf4
T cells	CD2	NA
T cells	CTSW	NA
T cells	PTPN22	Lyp|Lyp1|Lyp2|PTPN8
T cells	TXK	TKL|PSCTK5|BTKL|RLK|PTK4
T cells	GDPD3	MGC4171
T cells	TRAF1	EBI6
T cells	IL2RA	IL2R|IDDM10
T cells	CD8B	CD8B1
T cells	BATF3	JUNDM1|SNFT
T cells	GZMH	CGL-2|CCP-X|CSP-C|CTSGL2
T cells	LAG3	CD223
T cells	CD8B1	NA
T cells	GZMK	TRYP2|PRSS
T cells	GZMB	CCPI|CGL-1|CSP-B|CGL1|CTSGL1|SECT|CSPB
T cells	SH2D1A	XLP|DSHP|XLPD|EBVS|IMD5|LYP
T cells	MYO1G	HA-2
T cells	FMNL1	C17orf1B|FMNL
T cells	S1PR4	EDG6
T cells	CD247	CD3H|CD3Q|CD3Z
T cells	MS4A4C	NA
T cells	GIMAP5	HIMAP3|IAN5|IAN4L1
T cells	CD28	NA
T cells	CD160	BY55|NK1|NK28
T cells	TCRG-C2	NA
T cells	TCRG-C1	Cgamma1|Gm17004
T cells	TCRG-C4	NA
T cells	TRDC	NA
T cells	H2-T3	NA
T cells	H2-T10	NA
T cells	RHOH	RhoH|TTF|ARHH
T cells	KLRB1	CD161|NKR-P1|NKR-P1A|hNKR-P1A|CLEC5B
T cells	CCR2	CC-CKR-2|CKR2|MCP-1-R|CD192|FLJ78302|CMKBR2
T cells	IL2RB	CD122|IL15RB
T cells	CD163L1	M160|CD163B|SCARI2|WC1
T cells	TRDV4	NA
T cells	MBD2	NA
T cells	ICOS	AILIM|CD278
T cells	IL18R1	IL1RRP|IL-1Rrp|CD218a
T cells	TNFRSF4	ACT35|OX40|CD134|TXGP1L
T cells	CCL20	LARC|MIP-3a|exodus-1|ST38|CKb4|SCYA20
T cells	CLEC2D	LLT1|CLAX|OCIL
T cells	CD8A	CD8
T cells	CD6	Tp120
T cells	S100A4	P9KA|18A2|PEL98|42A|CAPL
T cells	CCL5	RANTES|SISd|TCP228|MGC17164|D17S136E|SCYA5
T cells	LCK	NA
T cells	CD81	TAPA-1|TSPAN28|TAPA1
T cells	THY1	CD90
T cells	LAT	NA
T cells	SKAP1	SKAP55|SCAP1
T cells	TCF7	TCF-1
T cells	CCR7	BLR2|CDw197|CD197|CMKBR7|EBI1
T cells	MYB	c-myb
T cells	CCL4L2	NA
T cells	PYHIN1	IFIX|MGC23885
T cells	GZMA	HFSP|CTLA3
T cells	JUNB	NA
T cells	DUSP2	PAC-1
T cells	IFNG	NA
T cells	CD52	HE5|EDDM5|CDW52
T cells	BRAF	BRAF1
T cells naive	CD3D	T3D
T cells naive	CD4	NA
T cells naive	SELL	LSEL|LAM1|LAM-1|hLHRc|Leu-8|Lyam-1|PLNHR|CD62L|LYAM1|LNHR
T cells naive	CCR7	BLR2|CDw197|CD197|CMKBR7|EBI1
T cytotoxic cells	CD2	NA
T cytotoxic cells	CD27	S152|Tp55|TNFRSF7
T cytotoxic cells	CD28	NA
T cytotoxic cells	CD5	NA
T cytotoxic cells	CD69	CLEC2C
T cytotoxic cells	CD8A	CD8
T cytotoxic cells	GZMB	CCPI|CGL-1|CSP-B|CGL1|CTSGL1|SECT|CSPB
T cytotoxic cells	TRAC	NA
T follicular helper cells	BCL6	ZBTB27|LAZ3|BCL5|BCL6A|ZNF51
T follicular helper cells	CD3D	T3D
T follicular helper cells	CD4	NA
T follicular helper cells	CD84	SLAMF5|hCD84|mCD84
T follicular helper cells	IL6R	CD126
T follicular helper cells	SLAMF1	CD150|SLAM
T follicular helper cells	CD40LG	CD40L|gp39|hCD40L|CD154|HIGM1|IMD3|TNFSF5
T follicular helper cells	CXCR5	MDR15|CD185|BLR1
T follicular helper cells	TNFSF4	OX-40L|gp34|CD252|TXGP1
T follicular helper cells	ICOS	AILIM|CD278
T follicular helper cells	PDCD1	CD279|hSLE1|PD-1|SLEB2
T follicular helper cells	CD200	MRC|OX-2
T follicular helper cells	P2RX7	P2X7|MGC20089
T helper cells	IFNG	NA
T helper cells	IL2	IL-2|TCGF
T helper cells	TBX21	TBLYM|T-bet
T helper cells	DPP4	CD26|ADCP2
T helper cells	KLRD1	CD94
T helper cells	CXCR3	CKR-L2|CMKAR3|IP10-R|MigR|CD183|GPR9
T helper cells	CCR1	MIP1aR|CD191|SCYAR1|CMKBR1
T helper cells	CCR5	CKR-5|CC-CKR-5|CKR5|CD195|IDDM22|CMKBR5
T helper cells	TNFSF11	TRANCE|RANKL|OPGL|ODF|CD254
T helper cells	HAVCR2	Tim-3|TIM3|FLJ14428|TIMD3|CD366
T helper cells	IL18R1	IL1RRP|IL-1Rrp|CD218a
T helper cells	LTBR	TNFCR|TNFR-RP|TNFR2-RP|TNF-R-III|TNFRSF3|D12S370
T helper cells	TNF	TNFSF2|DIF|TNF-alpha|TNFA
T helper cells	LTA	TNFSF1|LT|TNFB
T helper cells	GATA3	HDR
T helper cells	CSF2	GM-CSF|GMCSF
T helper cells	IL4	BSF1|IL-4|BCGF1|BCGF-1|MGC79402
T helper cells	IL5	IL-5|EDF
T helper cells	IL6	IL-6|BSF2|HSF|IFNB2
T helper cells	IL10	CSIF|IL10A|IL-10
T helper cells	IL13	P600|IL-13|ALRH|BHR1|MGC116786|MGC116788|MGC116789
T helper cells	CCR8	CY6|TER1|CKR-L1|GPR-CY6|CDw198|CMKBRL2|CMKBR8
T helper cells	CXCR4	LESTR|NPY3R|HM89|NPYY3R|D2S201E|fusin|HSY3RR|CD184
T helper cells	CCR3	CC-CKR-3|CKR3|CD193|CMKBR3
T helper cells	CCR7	BLR2|CDw197|CD197|CMKBR7|EBI1
T helper cells	ICOS	AILIM|CD278
T helper cells	PTGDR2	CRTH2|CD294|GPR44
T helper cells	HAVCR1	HAVCR-1|TIM-1|HAVCR|TIMD1|CD365|KIM1
T helper cells	IL1R2	CD121b|IL1RB
T helper cells	IRF4	LSIRF|MUM1
T helper cells	STAT6	D12S1644|IL-4-STAT
T helper cells	IL17A	IL-17A|IL-17|CTLA8|IL17
T helper cells	IL17F	IL-17F|ML1
T helper cells	IL21	Za11
T helper cells	IL22	ILTIF|zcyto18|IL-TIF|IL-D110|TIFa|TIFIL-23|MGC79382|MGC79384
T helper cells	RORA	RZRA|ROR1|ROR2|ROR3|NR1F1
T helper cells	RORC	RZRG|RORG|NR1F3|TOR
T helper cells	CD3	NA
T helper cells	CD38	NA
T helper cells	KLRB1	CD161|NKR-P1|NKR-P1A|hNKR-P1A|CLEC5B
T helper cells	AHR	bHLHe76
T helper cells	CCR10	GPR2
T helper cells	CD3D	T3D
T helper cells	CD4	NA
T helper cells	CCR4	CC-CKR-4|CMKBR4|CKR4|k5-5|ChemR13|CD194
T helper cells	CCR6	CKR-L3|GPR-CY4|CMKBR6|GPR29|DRY-6|DCR2|BN-1|CD196|STRL22
T helper cells	IL9	IL-9|HP40
T helper cells	CD2	NA
T helper cells	CD28	NA
T helper cells	CD5	NA
T helper cells	IL1RL1	ST2|FIT-1|ST2V|DER4|IL33R
T helper cells	FOXP3	JM2|XPID|AIID|PIDX|DIETER|SCURFIN|IPEX
T helper cells	CD3G	NA
T helper cells	TNFRSF4	ACT35|OX40|CD134|TXGP1L
T helper cells	IL4RA	NA
T helper cells	CD40LG	CD40L|gp39|hCD40L|CD154|HIGM1|IMD3|TNFSF5
T helper cells	IL17RB	IL17RH1|EVI27|CRL4|IL17BR
T helper cells	HPGDS	GSTS|H-PGDS|PGD2|GSTS1-1|GSTS1
T helper cells	NFATC2	NF-ATP|NFATp|NFAT1
T helper cells	NFKB1	KBF1|NFKB-p50|NF-kappaB|NFkappaB|NF-kB1
T helper cells	NR3C1	GR|GRL
T helper cells	PPARG	PPARG1|PPARG2|NR1C3|PPARgamma
T memory cells	SELL	LSEL|LAM1|LAM-1|hLHRc|Leu-8|Lyam-1|PLNHR|CD62L|LYAM1|LNHR
T memory cells	CCR7	BLR2|CDw197|CD197|CMKBR7|EBI1
T memory cells	CD4	NA
T memory cells	CCR5	CKR-5|CC-CKR-5|CKR5|CD195|IDDM22|CMKBR5
T memory cells	CD69	CLEC2C
T memory cells	ITGB5	NA
T memory cells	BCL2	Bcl-2|PPP1R50
T memory cells	GRAP2	Grf40|GrbX|GRBLG|GADS|Mona
T memory cells	TBC1D10C	FLJ00332|Carabin|EPI64C
T memory cells	CYTIP	B3-1|HE|CYBR|CYTHIP|PSCDBP
T memory cells	KPNA4	QIP1|SRP3|IPOA3|MGC12217|MGC26703
T memory cells	CD247	CD3H|CD3Q|CD3Z
T memory cells	EPSTI1	BRESI1|MGC29634
T memory cells	APBB1IP	INAG1|RIAM
T memory cells	CD27	S152|Tp55|TNFRSF7
T memory cells	RHOH	RhoH|TTF|ARHH
T memory cells	GIMAP1	HIMAP1|IMAP38|IMAP1|IAN2
T memory cells	ACP5	HPAP
T memory cells	IKZF1	hIk-1|LyF-1|Hs.54452|IKAROS|PPP1R92|ZNFN1A1
T memory cells	SP100	NA
T memory cells	DGKA	DGK-alpha|DAGK1
T memory cells	IL7R	CD127|IL7RA
T memory cells	ITGB7	NA
T memory cells	NKG7	GMP-17
T memory cells	CD28	NA
T memory cells	H2-T23	NA
T memory cells	GIMAP3	NA
T memory cells	H2-Q7	NA
T memory cells	BIN2	BRAP-1
T memory cells	RAPGEF6	RA-GEF-2|PDZ-GEF2|PDZGEF2
T memory cells	ARHGEF1	P115-RHOGEF|SUB1.5|LBCL2
T memory cells	MIR142HG	NA
T memory cells	S100A9	MIF|NIF|LIAG|MRP14|MAC387|CGLB|CAGB
T memory cells	SLFN2	NA
T memory cells	ARHGAP15	BM046
T memory cells	CD3E	NA
T memory cells	SKAP1	SKAP55|SCAP1
T memory cells	GIMAP4	HIMAP4|FLJ11110|IMAP4|IAN1
T memory cells	CD2	NA
T memory cells	PTPRC	T200|CD45
T memory cells	LAT	NA
T memory cells	MS4A6B	NA
T memory cells	TCF7	TCF-1
T memory cells	LEF1	TCF1ALPHA|TCF10|TCF7L3
T memory cells	SEPT1	PNUTL3
T memory cells	ARHGAP45	KIAA0223|HA-1|HMHA1
T memory cells	SATB1	NA
T memory cells	PTPRCAP	CD45-AP
T memory cells	S100A8	P8|CGLA|CAGA
T memory cells	LTB	TNFSF3|TNFC
T memory cells	LCK	NA
T memory cells	TRBC1	TCRBC1|BV05S1J2.2
T memory cells	TRAC	NA
T memory cells	CD3G	NA
T memory cells	CD3D	T3D
T memory cells	MS4A4B	NA
T memory cells	TRBC2	TCRBC2
T memory cells	CD7	LEU-9|TP41|Tp40
T memory cells	CXCR6	TYMSTR|STRL33|BONZO|CD186
T memory cells	ICOS	AILIM|CD278
T memory cells	CCR6	CKR-L3|GPR-CY4|CMKBR6|GPR29|DRY-6|DCR2|BN-1|CD196|STRL22
T memory cells	ITGAE	CD103|HUMINAE
T memory cells	ENPP1	PC-1|NPPS|M6S1|PDNP1
T regulatory cells	FOXP3	JM2|XPID|AIID|PIDX|DIETER|SCURFIN|IPEX
T regulatory cells	IKZF2	Helios|ZNFN1A2
T regulatory cells	CD4	NA
T regulatory cells	IL2RA	IL2R|IDDM10
T regulatory cells	ENTPD1	NTPDase-1|ATPDase|SPG64|CD39
T regulatory cells	SELL	LSEL|LAM1|LAM-1|hLHRc|Leu-8|Lyam-1|PLNHR|CD62L|LYAM1|LNHR
T regulatory cells	NT5E	CD73|eN|eNT|CALJA|NT5
T regulatory cells	ITGAE	CD103|HUMINAE
T regulatory cells	TNFRSF4	ACT35|OX40|CD134|TXGP1L
T regulatory cells	CTLA4	CD152|CELIAC3|IDDM12
T regulatory cells	CCR4	CC-CKR-4|CMKBR4|CKR4|k5-5|ChemR13|CD194
T regulatory cells	LAG3	CD223
T regulatory cells	IZUMO1R	Folbp3|JUNO|FOLR4
T regulatory cells	CNGB1	RCNC2|RCNCb|GAR1|CNGB1B|RP45|CNCG2|CNCG3L
T regulatory cells	TNFRSF18	AITR|GITR|CD357
T regulatory cells	MAF	c-MAF
T regulatory cells	IL10	CSIF|IL10A|IL-10
T regulatory cells	IL1R1	D2S1473|CD121A|IL1R
T regulatory cells	ITGB8	NA
T regulatory cells	LRRC32	D11S833E
T regulatory cells	FOLR1	FOLR
Tanycytes	GPR50	H9|Mel1c
Tanycytes	DRD2	NA
Tanycytes	DIO2	TXDI2|SelY
Tanycytes	COL23A1	DKFZp434K0621
Tanycytes	SLC16A2	XPCT|MCT8|DXS128|AHDS|MRX22
Tanycytes	LHX2	LH-2|hLhx2
Tanycytes	PTN	HBNF|HBGF8|NEGF1
Tanycytes	SLC17A8	VGLUT3|DFNA25
Tanycytes	COL25A1	NA
Tanycytes	RAX	RX
Tanycytes	PRDX6	AOP2|KIAA0106|1-Cys|NSGPx|PRX|aiPLA2|MGC46173
Tanycytes	CD59A	NA
Tanycytes	CRYM	DFNA40
Tanycytes	VCAN	PG-M|CSPG2
Tanycytes	FRZB	FRZB-PEN|FRZB1|SRFP3|FRP-3|SFRP3|FRE|FRITZ|FRZB-1|FZRB|hFIZ
Tanycytes	PENK	NA
Tanycytes	CACNA2D2	KIAA0558
Tanycytes	ADM	AM
Tanycytes	SPRR1A	NA
Tanycytes	SCN7A	Nav2.1|Nav2.2|NaG|SCN6A
Tanycytes	FNDC3C1	NA
Tanycytes	MEST	PEG1
Tanycytes	IGFBP5	NA
Tanycytes	RGCC	bA157L14.2|RGC-32|RGC32|C13orf15
Tanycytes	RGS7BP	R7BP
Tanycytes	CTGF	IGFBP8|CCN2
Tanycytes	TGFB2	NA
Taste receptor cells	TAS1R1	T1R1|GPR70
Taste receptor cells	TAS1R2	T1R2|GPR71
Taste receptor cells	TAS1R3	T1R3
Taste receptor cells	P2RX7	P2X7|MGC20089
Taste receptor cells	CCK	NA
Taste receptor cells	KCNQ1	Kv7.1|KCNA8|KVLQT1|JLNS1|LQT1|LQT|KCNA9
Taste receptor cells	KCNH2	Kv11.1|HERG|erg1|LQT2
Taste receptor cells	GNAT3	gustducin|GDCA
Taste receptor cells	TRPM5	LTRPC5|MTR1
Taste receptor cells	TAS2R20	T2R20|T2R56|TAS2R49
Taste receptor cells	NR3C1	GR|GRL
Taste receptor cells	SYP	MRX96
Taste receptor cells	SV2B	KIAA0735|HsT19680
Taste receptor cells	CA4	CAIV|Car4|RP17
Taste receptor cells	PKD2L1	TRPP3|PKD2L|PKDL
Taste receptor cells	MCOLN3	TRPML3|FLJ11006|TRP-ML3
Taste receptor cells	TRPM8	NA
Taste receptor cells	TAS2R4	T2R4
Taste receptor cells	PROX1	NA
Taste receptor cells	GRM4	GPRC1D|mGlu4|MGLUR4
Thymocytes	NOTCH1	TAN1
Thymocytes	CD38	NA
Thymocytes	CXCR4	LESTR|NPY3R|HM89|NPYY3R|D2S201E|fusin|HSY3RR|CD184
Thymocytes	TNF	TNFSF2|DIF|TNF-alpha|TNFA
Thymocytes	CD1D	NA
Thymocytes	CD2	NA
Thymocytes	CD1A	NA
Thymocytes	CD4	NA
Thymocytes	CD5	NA
Thymocytes	CD8A	CD8
Thymocytes	IL2RA	IL2R|IDDM10
Thymocytes	CD69	CLEC2C
Thymocytes	SLAMF1	CD150|SLAM
Thymocytes	CD99	MIC2
Thymocytes	TAGAP	FLJ32631|IDDM21|ARHGAP47
Thymocytes	MS4A4B	NA
Thymocytes	UCP2	SLC25A8|BMIQ4
Thymocytes	TSHR	LGR3
Thymocytes	CD27	S152|Tp55|TNFRSF7
Thymocytes	CD28	NA
Thymocytes	BCL6	ZBTB27|LAZ3|BCL5|BCL6A|ZNF51
Thymocytes	CIDEA	CIDE-A
Thymocytes	EZR	VIL2
Transient cells	SLC26A4	PDS|DFNB4
Transient cells	CAR12	NA
Transient cells	RHBG	SLC42A2
Transient cells	HEPACAM2	FLJ38683
Transient cells	INSRR	IRR
Transient cells	CLCNKB	hClC-Kb
Transient cells	COL18A1	KNO1|KNO
Transient cells	SLC43A2	MGC34680
Transient cells	TMEM117	DKFZp434K2435
Transient cells	PARM1	DKFZP564O0823|Cipar1|WSC4
Transient cells	ST14	SNC19|MT-SP1|TMPRSS14|PRSS14
Transient cells	ENPP5	NA
Transient cells	GCLC	GLCLC|GLCL
Transient cells	SYT7	IPCA-7|SYT-VII|MGC150517|PCANAP7
Transient cells	ITGAV	CD51|VNRA|MSK8|VTNR
Transient cells	TMEM50B	C21orf4
Transient cells	CTNNB1	beta-catenin|armadillo|CTNNB
Transient cells	ACO2	ACONM
Transient cells	SMPD1	NA
Transient cells	OGDH	E1k
Transient cells	SEC23B	CDA-II|CDAII|HEMPAS|CDAN2
Transient cells	CDC42BPB	MRCKB|KIAA1124
Transient cells	PIP4K2C	FLJ22055|PIP5K2C
Trichocytes	KRT86	MNX|Hb6|KRTHB6
Trichocytes	DSG2	CDHF5
Trichocytes	KRT81	Hb-1|KRTHB1
Trichocytes	DSG4	CDHF13|LAH
Trichocytes	KRT37	KRTHA7
Trichocytes	HOXC13	HOX3G
Trigeminal neurons	CREBRF	C5orf41
Trigeminal neurons	PRKX	PKX1
Trigeminal neurons	PRDM12	PFM9
Trigeminal neurons	DHCR24	KIAA0018|seladin-1|DCE
Trigeminal neurons	CALCA	CALC1
Trigeminal neurons	CALCB	FLJ30166|CGRP-II|CALC2
Trigeminal neurons	VWA5A	BCSC-1|LOH11CR2A
Trigeminal neurons	PRRXL1	NA
Trigeminal neurons	PPP1R1C	Inhibitor-1-like
Trigeminal neurons	AVIL	p92|FLJ12386|ADVIL|DOC6
Trigeminal neurons	PIRT	NA
Trigeminal neurons	TAC1	NPK|TAC2|NKNA
Trigeminal neurons	PRPH	PRPH1|NEF4
Trigeminal neurons	SCN9A	Nav1.7|NE-NA|NENA|ETHA
Trigeminal neurons	RUFY2	RABIP4R|FLJ10063|KIAA1537|ZFYVE13
Trigeminal neurons	FAM189B	cote1|C1orf2
Trigeminal neurons	CLGN	NA
Trigeminal neurons	SCN7A	Nav2.1|Nav2.2|NaG|SCN6A
Trigeminal neurons	NEFH	NA
Trigeminal neurons	GCNT2	IGNT|NAGCT1|bA421M1.1|bA360O19.2|ULG3|NACGT1|II|GCNT5|CCAT
Trigeminal neurons	ZDHHC2	ZNF372|DHHC2
Trigeminal neurons	PARM1	DKFZP564O0823|Cipar1|WSC4
Trigeminal neurons	AHNAK2	C14orf78
Trigeminal neurons	PHF24	KIAA1045
Trigeminal neurons	KCNAB2	AKR6A5|KCNA2B|HKvbeta2.1|HKvbeta2.2
Trigeminal neurons	ATL1	AD-FSP|SPG3|SPG3A
Trigeminal neurons	HSPB8	H11|E2IG1|HSP22|HspB8|CMT2L
Trigeminal neurons	FKBP1B	OTK4|FKBP12.6|FKBP9|FKBP1L
Trigeminal neurons	TLN2	KIAA0320
Trigeminal neurons	SYNM	KIAA0353|DMN
Trigeminal neurons	GDAP1	CMT4|CMT2K|CMT4A
Trigeminal neurons	DGKZ	DAGK5|hDGKzeta|DGK-ZETA
Trigeminal neurons	PRUNE2	BMCC1|BNIPXL|A214N16.3|bA214N16.3|C9orf65|KIAA0367
Trigeminal neurons	SLC17A6	DNPI|VGLUT2
Trigeminal neurons	FGF13	FHF2|FGF2
Trigeminal neurons	DGKH	DGKeta
Trigeminal neurons	CPNE3	NA
Trigeminal neurons	CCDC92	FLJ22471
Trigeminal neurons	SNCG	BCSG1|SR|persyn
Trigeminal neurons	NICN1	MGC12936
Trigeminal neurons	NEFM	NFM|NF-M|NEF3
Trigeminal neurons	RGS7BP	R7BP
Trigeminal neurons	ADD2	ADDB
Trigeminal neurons	PIEZO2	FLJ23403|FLJ23144|HsT748|HsT771|FLJ34907|FAM38B2|C18orf30|C18orf58|FAM38B
Trigeminal neurons	VAMP1	VAMP-1|SYB1
Trigeminal neurons	SCN10A	Nav1.8|hPN3|SNS|PN3
Trophoblast cells	CD4	NA
Trophoblast cells	TTPA	AVED
Trophoblast cells	TNFRSF9	CD137|4-1BB|ILA
Trophoblast cells	STAR	StAR|STARD1
Trophoblast cells	HOPX	LAGY|OB1|NECC1|SMAP31
Trophoblast cells	S100P	NA
Trophoblast cells	ADAM19	MLTNB
Trophoblast cells	CYP24A1	CP24|P450-CC24|CYP24
Trophoblast cells	LIF	CDF|HILDA
Trophoblast cells	HAND1	eHand|Thing1|Hxt|bHLHa27
Trophoblast cells	ELF5	NA
Trophoblast cells	SIRT1	SIR2L1
Trophoblast cells	PTHLH	PTHRP
Trophoblast cells	ACKR2	CCR10|D6|CCR9|CMKBR9
Trophoblast cells	IGF2	FLJ44734|IGF-II|C11orf43
Trophoblast cells	SIGLEC6	OB-BP1|SIGLEC-6|CD327|CD33L|CD33L1
Trophoblast cells	CDX2	CDX3
Trophoblast cells	KRT7	CK7|K2C7
Trophoblast cells	DLX3	NA
Trophoblast cells	GCM1	hGCMa|GCMA
Trophoblast cells	ASCL2	HASH2|bHLHa45
Trophoblast cells	CGB3	CGB
Trophoblast cells	INHBA	NA
Trophoblast cells	MLANA	NA
Trophoblast cells	SERPINE1	PAI|PLANH1|PAI1
Trophoblast cells	PHLDA2	IPL|BWR1C|HLDA2|TSSC3
Trophoblast cells	TFEB	TCFEB|bHLHe35
Trophoblast cells	PERP	PIGPC1|dJ496H19.1|KCP1|THW|KRTCAP1
Trophoblast cells	PARP1	PARP|PPOL|ADPRT
Trophoblast cells	ERVFRD-1	HERV-W/FRD|HERV-FRD|envFRD|ERVFRDE1|syncytin-2
Trophoblast cells	HLA-G	NA
Trophoblast progenitor cells	ISG20	HEM45
Trophoblast progenitor cells	FOXO4	AFX1|MLLT7
Trophoblast progenitor cells	TFAP2C	AP2-GAMMA|TFAP2G|hAP-2g
Trophoblast stem cells	TFAP2C	AP2-GAMMA|TFAP2G|hAP-2g
Tuft cells	SUCNR1	GPR91
Tuft cells	FABP1	L-FABP
Tuft cells	POU2F3	OCT11|PLA-1|Skn-1a|Epoc-1
Tuft cells	SIGLECF	NA
Tuft cells	CDHR2	PC-LKC|FLJ20124|FLJ20383|PCLKC|PCDH24
Tuft cells	AVIL	p92|FLJ12386|ADVIL|DOC6
Tuft cells	ESPN	DFNB36
Tuft cells	LRMP	JAW1
Tuft cells	TRPM5	LTRPC5|MTR1
Tuft cells	DCLK1	KIAA0369|DCLK|DCDC3A|DCAMKL1
Tuft cells	TAS1R3	T1R3
Tuft cells	SOX9	SRA1|CMD1|CMPD1
Tuft cells	TUBB5	NA
Tuft cells	CAMK2B	CAM2|CAMK2|CAMKB
Tuft cells	GNAT3	gustducin|GDCA
Tuft cells	IL25	IL-17E|IL17E
Tuft cells	PLCB2	FLJ38135
Tuft cells	GFI1B	ZNF163B
Tuft cells	ATOH1	HATH1|MATH-1|Math1|bHLHa14
Tuft cells	CD24A	NA
Tuft cells	ASIC5	INAC|HINAC|ACCN5
Tuft cells	KLF3	BKLF
Tuft cells	KLF6	CPBP|GBF|Zf9|ST12|COPEB
Tuft cells	DRD3	NA
Tuft cells	NRADD	NA
Tuft cells	GNG13	h2-35|G(gamma)13
Tuft cells	NREP	P311|D4S114|PRO1873|PTZ17|SEZ17|C5orf13
Tuft cells	RGS2	G0S8
Tuft cells	RAC2	EN-7
Tuft cells	PTGS1	PGHS-1|PTGHS
Tuft cells	IRF7	NA
Tuft cells	FFAR3	FFA3R|GPR41
Tuft cells	ALOX5	5-LOX
Tuft cells	TSLP	NA
Tuft cells	IL4RA	NA
Tuft cells	IL13RA1	IL-13Ra|NR4|CD213a1
Tuft cells	IL17RB	IL17RH1|EVI27|CRL4|IL17BR
Tuft cells	PTPRC	T200|CD45
Undefined placental cells	BATF3	JUNDM1|SNFT
Undefined placental cells	DIO3	TXDI3
Undefined placental cells	DKKL1	SGY-1|CT34
Undefined placental cells	DUSP9	MKP-4|MKP4
Undefined placental cells	FTHL17A	NA
Undefined placental cells	H19	D11S813E|ASM1|NCRNA00008|LINC00008
Undefined placental cells	LAS1L	FLJ12525
Undefined placental cells	LDOC1	Mar7|Mart7|SIRH7|RTL7|BCUR1
Undefined placental cells	MBNL3	CHCR|FLJ11316|MBLX39|MBXL
Undefined placental cells	PHLDA2	IPL|BWR1C|HLDA2|TSSC3
Undefined placental cells	PRL3B1	NA
Undefined placental cells	PRSS8	NA
Undefined placental cells	RHOX5	NA
Undefined placental cells	RHOX6	NA
Undefined placental cells	RHOX9	NA
Undefined placental cells	SCT	NA
Undefined placental cells	SERPINB9E	NA
Undefined placental cells	SERPINB9G	NA
Undefined placental cells	TEX19.1	NA
Undefined placental cells	TFRC	CD71|TFR1|p90
Undefined placental cells	TPBPA	NA
Undefined placental cells	KRT23	K23|DKFZP434G032|HAIK1|CK23|MGC26158
Urothelial cells	TRPV1	NA
Urothelial cells	NAT1	AAC1
Urothelial cells	UPK1B	TSPAN20|UPK1
Urothelial cells	PIEZO1	KIAA0233|FAM38A
Urothelial cells	UMODL1	NA
Urothelial cells	IVL	NA
Urothelial cells	SLC14A1	HsT1341|RACH1|RACH2|JK
Urothelial cells	UPK3A	UPK3
Urothelial cells	UPK1A	TSPAN21
Urothelial cells	UPK2	UPII|MGC138598
Urothelial cells	UPK3B	MGC10902|UPIIIb|FLJ32198
Vascular smooth muscle cells	ACTA2	ACTSA
Vascular smooth muscle cells	MYH11	SMMHC|SMHC
Vascular smooth muscle cells	PDGFRB	JTK12|CD140b|PDGFR1|PDGFR
Vascular smooth muscle cells	SEMA3D	coll-2|Sema-Z2
Vascular smooth muscle cells	TBX18	NA
Vascular smooth muscle cells	WT1	WIT-2|AWT1|NPHS4|GUD
